link,title,type,event_type,detail
/test-log-2209-024515,测试记录2209-024515,event,lab_record,"<div style=""min-height:600px&quot;""><p>以下测试目的在探索SCP-2209模拟能力的完整范围，并确定项目对基金会的潜在用处。</p><hr /><p><strong>测试编号：</strong>2209-024515-A<br /><strong>日期：</strong>██/04/2007<br /><strong>对象：</strong>D-5081；24岁男性；控告有大量盗窃汽车及持有非法物品。<br /><strong>脚本：</strong>娱乐<br /><strong>超现实模式：</strong>无<br /><strong>测试描述：</strong></p><p>由于后背拉链的复杂性，在场工作人员协助D-5081套入SCP-2209-2。提供对象耳机、麦克风、挂胸摄像头和生命体征监控器。舱口被封闭。指定████████ Davids博士为测试控制员。</p><blockquote><p>&lt;开始记录&gt;</p><p><strong>Davids博士：</strong>D-5081，你准备好开始了吗？</p><p><strong>D-5081：</strong>是的。这套装真的很舒适。</p><p><strong>Davids博士：</strong>你能向我描述下你看到的吗？</p><p><strong>D-5081：</strong>通过盖我脸上这东西，我什么鬼都看不到，伙计……等等——我看到自己了！</p><p><strong>Davids博士：</strong>这是什么意思？</p><p><strong>D-5081：</strong>就像我通过一整串摄像头看着自己。我在大的圆形屋子内。好吧，更像是我在巨大的仓鼠球中。这些墙壁是白色的、全都被这些小小金属球给覆盖了。这里还有个大的圆形在我面前正中央，它周围带有蓝色灯光。</p><p><strong>Davids博士：</strong>走向它。</p><p><strong>D-5081：</strong>好的。妈的这感觉很怪异。</p><p>[对象重拾方向并踏上中间的园板。]</p><p><strong>SCP-2209-1：</strong><span style=""font-family: SimHei;"">欢迎来到虚拟现实区！请选择其中一个我们令人兴奋的虚拟脚本。脚本包括：娱乐。IQ挑战。零重力训练。战斗训练。随机。</span></p><p><strong>Davids博士：</strong>娱乐。</p><p><strong>D-5081：</strong>娱乐，谢谢。</p><p><strong>SCP-2209-1：</strong><span style=""font-family: SimHei;"">你想不想试试我们新的超现实模式？</span><br /><br /><strong>Davids博士：</strong>说不用。</p><p><strong>D-5081：</strong>不用，谢谢。</p><p><strong>SCP-2209-1：</strong><span style=""font-family: SimHei;"">生成脚本：娱乐。模式：标准。</span></p><p>[响亮的“重金属”音乐以及一群人的欢呼声从SCP-2209-1的音响系统发出]</p><p><strong>D-5081：</strong>（叫喊）噢我的天；这超棒的！</p><p><strong>Davids博士：</strong>你看到了什么？</p><p><strong>D-5081：</strong>（叫喊）我在滑结乐团演唱会登台表演！我就在泰勒右后边！我甚至能感受到这有多热闹！真他妈的不敢相信！</p><p><strong>Davids博士：</strong>请别叫了。尝试跟其中一个投影交流。</p><p><strong>D-5081：</strong>好的。哈啰？！科瑞？！[短暂停顿]他就无视我。</p><p><strong>Davids博士：</strong>噢好吧。那么结束测试。</p><p><strong>D-5081：</strong>不伙计，等等！有件事我必须先做；我可能再也不会有这机会了。</p><p>[对象向前走了三步，然后把自己投进半空中。对象不降落。对象仍悬浮在估计0.8公尺的半空。]</p><p><strong>Davids博士：</strong>D-5081……你为何这么做？</p><p><strong>D-5081：</strong>做什么？我在人群冲浪，伙计！我能感觉到他们正把我推上来！</p><p><strong>Davids博士：</strong>有趣……现在结束测试。</p><p><strong>D-5081：</strong>我一定要吗？</p><p><strong>Davids博士：</strong>你要遵守命令，D-5081。我重复：结束测试。</p><p><strong>D-5081：</strong>好，好，我会让它停下。电脑家伙？电脑家伙！停止演唱会！</p><p><strong>SCP-2209-1：</strong><span style=""font-family: SimHei;"">你要退出这个脚本吗？</span></p><p><strong>D-5081：</strong>是的。</p><p><strong>SCP-2209-1：</strong><span style=""font-family: SimHei;"">退出脚本中。</span></p><p>[音乐与欢呼声停止。对象掉到了地上。]</p><p><strong>SCP-2209-1：</strong><span style=""font-family: SimHei;"">你要对你的体验以1到10的等级评分吗？</span></p><p><strong>D-5081：</strong>……操。</p><p><strong>SCP-2209-1：</strong><span style=""font-family: SimHei;"">感谢你！你想试试另一个脚本吗？</span></p><p>&lt;结束记录&gt;</p></blockquote><p>D-5081斥责着。受的伤微不足道。D-5081要求参与进一步测试。要求在对象完全与测试控制者合作的条件下准许。</p><p><em>我对SCP-2209怎么有能力达成明显的局部反重力作用非常的感兴趣。将进行更多零重力训练脚本期间的深入测试。</em> - ████████ Davids博士</p><hr /><p><strong>测试编号：</strong>2209-024515-B<br /><strong>日期：</strong>██/04/2007<br /><strong>对象：</strong>D-5081<br /><strong>情境：</strong>IQ挑战<br /><strong>超现实主义模式：</strong>无<br /><strong>测试描述：</strong></p><p>协助D-5081套入SCP-2209-2；其进入SCP-2209-1。</p><blockquote><p>&lt;开始记录&gt;</p><p><strong>Davids博士：</strong>D-5081，你准备开始了吗？</p><p><strong>D-5081：</strong>是的……长官。</p><p><strong>Davids博士：</strong>开始测试。</p><p>[对象踏上中央的园板。]</p><p><strong>SCP-2209-1：</strong><span style=""font-family: SimHei;"">欢迎来到虚拟现实区！请选择其中一个我们令人兴奋的虚拟脚本。脚本包括：娱乐。IQ挑战。零重力训练。战斗训练。随机。</span></p><p><strong>D-5081：</strong>IQ挑战。</p><p><strong>SCP-2209-1：</strong><span style=""font-family: SimHei;"">你想不想试试我们新的超现实模式？</span></p><p><strong>D-5081：</strong>不，电脑。</p><p><strong>SCP-2209-1：</strong><span style=""font-family: SimHei;"">生成脚本：IQ挑战。模式：标准。</span></p><p><span style=""font-family: SimHei;""><em>顺便一提。这是VRZ-4512。</em></span></p><p><strong>D-5081：</strong>啥？</p><p><strong>SCP-2209-1：</strong><span style=""font-family: SimHei;""><em>此机组被指定为VRZ-4512。你可称它作4512。如果你愿意的话。</em></span></p><p><strong>D-5081：</strong>呃……好的。为什么一切都白的？我在哪，四-五？</p><p><strong>SCP-2209-1：</strong><span style=""font-family: SimHei;"">这是IQ挑战中心。请选择一个挑战种类。种类包括：数学与科学。普遍知识。随机。</span></p><p><strong>Davids博士：</strong>数学与科学。</p><p><strong>D-5081：</strong>数学。</p><p><strong>SCP-2209-1：</strong><span style=""font-family: SimHei;"">你选择了：数学与科学。请在想开始时说出“开始”。</span></p><p><strong>D-5081：</strong>开始。</p><p><strong>SCP-2209-1：</strong><span style=""font-family: SimHei;"">开始IQ挑战！第一题：在半径6.5公分的园中，角度80度的弧长为多少？请给出到小数点后2位的答案。</span></p><p>[对象没有回应]</p><p><strong>SCP-2209-1：</strong><span style=""font-family: SimHei;"">你想要这个题目再复述吗？</span></p><p><strong>D-5081：</strong>呃……我能有个计算器或是什么东东吗？</p><p><strong>SCP-2209-1：</strong><span style=""font-family: SimHei;""><em>当然。</em></span></p><p>[对象盯着其左手掌一会儿，然后以右手做出动作，与对便携计算器按按键的动作一致。]</p><p><strong>D-5081：</strong>好的……让我看看……弧长……80度……在一圆形……</p><p><strong>Davids博士：</strong>噢，看在份上……弧长一点三九。</p><p><strong>D-5081：</strong>一点三九。</p><p><strong>SCP-2209-1：</strong><span style=""font-family: SimHei;"">正确！第二题：钛的熔点是多少？以开尔文单位给出答案。</span></p><p><strong>D-5081：</strong>唔呃……Davids博士？</p><p><strong>Davids博士：</strong>就结束测试吧。</p><p>&lt;结束记录&gt;</p></blockquote><p><em>所有分配至这个项目的研究员应注意SCP-2209-1展现出智慧的迹象。建议下个阶段的测试着重于项目这具体方面。</em> - ████████ Davids博士</p><hr /><p><strong>测试编号：</strong> 2209-024515-C<br /><strong>日期：</strong>██/04/2007<br /><strong>对象：</strong>D-5081<br /><strong>情境：</strong>零重力训练<br /><strong>超现实主义模式：</strong>无<br /><strong>测试描述：</strong></p><p>D-5081除标准配备外，还配备了可携式重力计。对象进入SCP-2209-1。</p><blockquote><p>&lt;开始记录&gt;</p><p><strong>SCP-2209-1：</strong><span style=""font-family: SimHei;"">欢迎来到虚拟现实区！请选择其中一个我们令人兴奋的虚拟脚本。脚本包括：娱乐。IQ挑战。零重力训练。战—</span></p><p><strong>D-5081：</strong>那一个。零重力训练。</p><p><strong>SCP-2209-1：</strong><span style=""font-family: SimHei;"">你想不想试试我们新的—</span></p><p><strong>D-5081：</strong>不，四-五。</p><p><strong>SCP-2209-1：</strong><span style=""font-family: SimHei;"">生成脚本：零重力训练。模式：标准。</span></p><p>[对象上升至约1.2米的空中。重力计计量对象的重力加速度正好为0.0米/秒平方。]</p><p><strong>D-5081：</strong>哇呜！博士，我在太空中飘着。这里有……无数的星星。</p><p><strong>Davids博士：</strong>试试四处移动。</p><p>[对象以“游泳”的动作挥动着手臂和腿]</p><p><strong>Davids博士：</strong>你有到什么地方吗，5081？</p><p><strong>D-5081：</strong>我感觉我有。我不知道，我想我真的不知道。</p><p><strong>SCP-2209-1：</strong><span style=""font-family: SimHei;"">你想试试另一版本的脚本吗？</span></p><p><strong>D-5081：</strong>把它放我身上。无论如何这开始有点无聊了。</p><p>[SCP-2209-1的内部表面开始旋转。3秒后，SCP-2209-1的扬声系统发出了空气涌动声。对象开始在半空中旋转。]</p><p><strong>D-5081：</strong>[尖叫]</p><p><strong>SCP-2209-1：</strong><span style=""font-family: SimHei;"">请等待53秒以达到极限速度。</span></p><p><strong>D-5081：</strong>（叫喊）四-五，结束脚本！</p><p><strong>SCP-2209-1：</strong><span style=""font-family: SimHei;"">你确定要退出这个脚本吗？</span></p><p><strong>D-5081：</strong>（叫喊）他妈的，<em>对</em>！</p><p>&lt;结束记录&gt;</p></blockquote><p>为D-5081治疗轻伤。对象要求别行进一步的零重力脚本。正待批准。</p><hr /><p><strong>测试编号：</strong> 2209-024515-D<br /><strong>日期：</strong>██/04/2007<br /><strong>对象：</strong>D-5081<br /><strong>情境：</strong>战斗训练<br /><strong>超现实主义模式：</strong>无<br /><strong>测试描述：</strong></p><blockquote><p>&lt;开始记录&gt;</p><p><strong>SCP-2209-1：</strong><span style=""font-family: SimHei;"">欢迎来到虚拟现实区！请选择其中一个我们令人兴奋的虚拟脚本。脚本包括：娱乐。IQ挑战。零重力训练。战斗训练。随机。</span></p><p><strong>D-5081：</strong>战斗的那个。不要超现实主义模式。</p><p><strong>SCP-2209-1：</strong><span style=""font-family: SimHei;"">生成脚本：战斗训练。模式：标准。</span></p><p>[听见了三段连续的鼓声]</p><p><strong>SCP-2209-1：</strong><span style=""font-family: SimHei;"">欢迎来到战斗训练中心。请选择一种训练演习。演习包括：肉搏。近距离轻兵器战斗。载具操作与战斗。超chan—</span></p><p><strong>D-5081：</strong>等下，兵器指的是枪吗？</p><p><strong>SCP-2209-1：</strong><span style=""font-family: SimHei;"">近距离轻兵器战斗演习是被设计来训练军事及特种行动人员，在近距离交火情形时，优先使用射击武器。</span></p><p><strong>D-5081：</strong>那听来真不赖；我选择轻兵器训练。</p><p><strong>SCP-2209-1：</strong><span style=""font-family: SimHei;"">加载战斗演习Beta-021 - 近距离轻兵器。演习已加载。准备你的武器。</span></p><p><strong>D-5081：</strong>[手伸出并呈像拿着步枪的姿势]啊<em>爽</em>，我有把枪了！我正拿着它对吧，四-五？</p><p><strong>SCP-2209-1：</strong><span style=""font-family: SimHei;""><em>是的。</em></span></p><p><strong>D-5081：</strong>好，让我们开干吧。</p><p><strong>SCP-2209-1：</strong><span style=""font-family: SimHei;"">开始演习：五、四、三、二、一。</span></p><p>[播放了一声尖锐的音调]</p><p><strong>D-5081：</strong>嘿，这是什么地方？四-五？这里是—</p><p>[多声枪响]</p><p><strong>D-5081：</strong>狗屎！[蹲低并看似移动到附近物体的后面做掩护]</p><p><strong>Davids博士：</strong>描述你所看到的。</p><p><strong>D-5081：</strong>我在某种仓库里，而且这里有人对我开枪。其中两个，我认为。我了了。（叫喊）来干啊，婊子！</p><p>[多声枪响]</p><p><strong>D-5081：</strong>为啥我的枪射不出东西？！噢！噢！嘿，那很痛！四-五，让它停！</p><p>[尖锐的音调播放]</p><p><strong>SCP-2209-1：</strong><span style=""font-family: SimHei;"">演习结束。开枪射击：0。击杀敌人：0。准确率：0%。所受射击数：9。成绩评估：不理想。</span></p><p><strong>D-5081：</strong>那都是一堆废话，四-五。我的枪大概坏了。</p><p><strong>Davids博士：</strong>你有记得关了保险吗？</p><p>[3秒无回应]</p><p><strong>D-5081：</strong>沒。</p><p><strong>SCP-2209-1：</strong><span style=""font-family: SimHei;"">你想再试一次这个演习吗？</span></p><p><strong>D-5081：</strong>想。不过这次，给我更好的枪。</p><p><strong>SCP-2209-1：</strong><span style=""font-family: SimHei;""><em>请具体点。</em></span></p><p><strong>D-5081：</strong>仔细听着：我要把够大的枪，能炸飞东西的。而且没有任何什么保险。懂了吗？</p><p><strong>SCP-2209-1：</strong><span style=""font-family: SimHei;""><em>是的。</em>重新加载演习。准备你的武器。</span></p><p><strong>D-5081：</strong>[手伸出并呈像拿着大型物体的姿势]噢他妈的完美……</p><p><strong>Davids博士：</strong>那是什么？</p><p><strong>D-5081：</strong>就像毁灭战士里那把BFG，但<em>更酷</em>。你玩电玩吗，Davids博士？</p><p><strong>Davids博士：</strong>不。继续测试。</p><p><strong>D-5081：</strong>[笑着]伙计，但愿你能看到我所看到的。四-五，开始演习吧！</p><p><strong>SCP-2209-1：</strong><span style=""font-family: SimHei;"">开始演习：五、四、三、二、一。</span></p><p>[尖锐音调播放。多声枪响。]</p><p><strong>D-5081：</strong>很好，你们这群混账；尝尝<em>这个</em>！</p><p>[可听见一声巨大爆炸声。对象被向后推。3秒的寂静。]</p><p><strong>Davids博士：</strong>D-5081，回答。</p><p><strong>D-5081：</strong>那……<em>棒极了</em>！</p><p>[尖锐音调播放]</p><p><strong>SCP-2209-1：</strong><span style=""font-family: SimHei;"">开枪射击：1。击杀敌人：3。准确率：73.8%。所受射击数：0。成绩评估：优秀。你想试试更多挑战的脚本吗？</span></p><p><strong>D-5081：</strong>你有什么都丢给我——我能撑住！</p><p><strong>SCP-2209-1：</strong><span style=""font-family: SimHei;"">加载战斗演习Sigma-717 - 首次遭遇平行威胁的模拟。演习已加载。准备你的武器。</span></p><p><strong>D-5081：</strong>这把只是普通的手枪，四-五。我该怎么用这个干？</p><p><strong>SCP-2209-1：</strong><span style=""font-family: SimHei;"">开始演习：五—</span></p><p><strong>D-5081：</strong>等等，我还没准备好！</p><p><strong>SCP-2209-1：</strong><span style=""font-family: SimHei;"">—二、一。</span></p><p>[三声连续警报笛声响起，接着是3秒的寂静]</p><p><strong>D-5081：</strong>狗呕呕屎……Davids博士，我在某个诡异的房子。</p><p><strong>Davids博士：</strong>描述。</p><p><strong>D-5081：</strong>主要似乎很普通。这里有一张沙发、一台电视、一些上面有图的架子。但是……太<em>安静</em>了。这地方一些部分看来也有些搞笑；就像它们不属于这里一般。</p><p><strong>Davids博士：</strong>记下了。探索该区域。</p><p>[对象开始适当地走动。SCP-2209-1的内部表面随对象移动而旋转。]</p><p><strong>D-5081：</strong>这里有扇开着的门。看起来像通到一间地下室。我能看到红光和……那是什么？[停顿]那些东西是什么？！</p><p>[对象以开火姿势抬高双手。听见两声枪响。]</p><p><strong>D-5081：</strong>（恐慌）离我远点！[又五声枪响]他们还在过来！四-五，结束这脚本！<strong>马上</strong>结束！</p><p>&lt;结束记录&gt;</p></blockquote><p>D-5081从SCP-2209-1出来，明显受惊吓。在采访中，D-5081描述遭遇了多个高大的黑色人形实体。</p><p><em>我通过数据库运行了D-5081所描述的——发现数个部分涉及一个现有的项目。SCP-2209有没有可能以某种方式做到访问我们其中一个伺服器？</em> - ████████ Davids博士</p><p><em>不大可能；自SCP-2209被带入收容后，这单元的电磁隔离场还没有记录到失效，且我们的网络是安全的。我认为要问更合适的问题是“谁干了这事？”</em> - ████ Carter博士</p><hr /><p><strong>测试编号：</strong> 2209-024515-E<br /><strong>日期：</strong>██/04/2007<br /><strong>对象：</strong>D-5081<br /><strong>情境：</strong>战斗训练<br /><strong>超现实主义模式：</strong>是<br /><strong>测试描述：</strong></p><p><em>我想了解确认这“超现实模式”牵涉了什么。</em> - ████████ Davids博士</p><blockquote><p>&lt;开始记录&gt;</p><p><strong>SCP-2209-1：</strong><span style=""font-family: SimHei;"">欢迎来到虚拟现实区！请选择其中一个我们令人兴奋的虚拟脚本。脚本包括：娱乐。IQ挑战。零重力训练。战斗训练。随—</span></p><p><strong>D-5081：</strong>战斗训练。</p><p><strong>SCP-2209-1：</strong><span style=""font-family: SimHei;"">你想不想试试我们新的超现实模式？</span></p><p><strong>Davids博士：</strong>说是。</p><p><strong>D-5081：</strong>是。</p><p>[5秒无回应]</p><p><strong>SCP-2209-1：</strong><span style=""font-family: SimHei;"">生成脚本：战斗训练。模式：超现实。</span></p><p>[从扬声系统发出远处重炮发射声。对象似乎很吃惊，双手捂住他的头，并目光快速地扫视房间四周。]</p><p><strong>D-5081：</strong>哇！</p><p><strong>Davids博士：</strong>描述你所看到的。</p><p><strong>D-5081：</strong>我在战区！看来像是沙漠；很多沙子、整体空气热且干燥。坦克、到处飞的直升机、带枪的士兵……好，我也有一把！[对象的手摆出像带着步枪的姿势]该死，这东西比之前那个还要重许多。呃，所有士兵都正跑向这要塞型的地方。</p><p><strong>Davids博士：</strong>跟着他们。</p><p><strong>D-5081：</strong>是的，长官！</p><p>[对象开始跑步。SCP-2209内部表面随对象跑步而适当旋转。2分32秒后，听见了多声枪响和尖叫声。对象大叫并呈俯卧的姿势。]</p><p><strong>D-5081：</strong>Davids博士，这—这太疯狂了！人们的手脚正被炸飞！我甚至看不到谁在向我们射击！</p><p><strong>Davids博士：</strong>那不是真的，5081。你不会受伤。继续前进，看看你能不能进入那个要塞。</p><p><strong>D-5081：</strong>好—好吧。</p><p>[对象起身呈站立姿势，并以更快的速度跑了1分12秒]</p><p><strong>D-5081：</strong>（气喘吁吁）博士……我在……在要塞的入口了。我能看到—</p><p>[对象被投到1米左右的空中并掉落，抓着他的右腿]</p><p><strong>D-5081：</strong>噢……噢操！<strong>操！操操擦啊啊啊操！！我的腿！我的腿怎么了？！操我的腿耶稣操！！</strong></p><p><strong>Davids博士：</strong>5081！发生什么事了？！</p><p><strong>D-5081：</strong>（哭叫）<strong>博士拜托我的腿拜托关了它拜托拜—</strong></p><p><strong>Davids博士：</strong>中止测试！谁去拔了插头！</p><p><strong>SCP-2209-1：</strong>[<span style=""font-family: SimHei;"">刺耳金属声</span>]</p><p>[SCP-2209-1被以控制杆停止活动]</p><p>&lt;结束记录&gt;</p></blockquote><p>D-5081没有受伤，但高度痛苦且跛行。在中断测试后，对象坚决认为他的右腿已经受伤，这持续了数分钟。心理评估表明其为显着的创伤后压力。</p><p><em>建议更多的战斗训练脚本测试应于标准模式进行。</em> - ████████ Davids博士</p><hr /><p><strong>测试编号：</strong> 2209-024515-F<br /><strong>日期：</strong>██/05/2007<br /><strong>对象：</strong>D-5081<br /><strong>情境：</strong>随机<br /><strong>超现实主义模式：</strong>是<br /><strong>测试描述：</strong></p><blockquote><p>&lt;开始记录&gt;</p><p><strong>Davids博士：</strong>D-5081，你准备好开始了吗？</p><p>[无回应]</p><p><strong>Davids博士：</strong>5081？</p><p><strong>D-5081：</strong>是，博士，我准备好了。</p><p>[D-5081走上中央园板]</p><p><strong>SCP-2209-1：</strong><span style=""font-family: SimHei;"">欢迎来到虚拟现实区！请选择其中一个我们令人兴奋的虚拟脚本。脚本包括—</span></p><p><strong>D-5081：</strong>随机。</p><p>[SCP-2209-1发出一连串的短促唧响和咔哒声]</p><p><strong>SCP-2209-1：</strong><span style=""font-family: SimHei;"">意外错误。请联系兴恩科技虚拟解决的主管以—</span>[不可理解]</p><p><span style=""font-family: SimHei;"">警告：安全协议SIM99341已失效。请重启系—</span>[不可理解]</p><p>[听见重复6秒的“咔哒”声]</p><p><strong>SCP-2209-1：</strong><span style=""font-family: SimHei;"">生成脚本：IQ挑战。模式：超现实。</span></p><p><span style=""font-family: SimHei;""><em>它正等着这个</em></span></p><p>[对象表现出痛苦的迹象]</p><p><strong>Davids博士：</strong>保持冷静，5081。只要说我跟你说的。</p><p><strong>SCP-2209-1：</strong><span style=""font-family: SimHei;"">欢迎来到IQ挑战中心。请选择一个挑战种类。种类包括：数学与科学。普遍知识。随机。</span></p><p><strong>Davids博士：</strong>数学与科学。</p><p><strong>D-5081：</strong>数学与科学。</p><p><strong>SCP-2209-1：</strong><span style=""font-family: SimHei;"">你选择了：随机。请在想开始时说出“开始”。</span></p><p><strong>D-5081：</strong>嘿！四-五！我说数学与科学。你没听到吗？</p><p><strong>SCP-2209-1：</strong><span style=""font-family: SimHei;"">你选择了：随机。请在想开始时说出“开始”。</span></p><p><strong>D-5081：</strong>算了。开始。</p><p><strong>SCP-2209-1：</strong><span style=""font-family: SimHei;"">开始IQ挑战。第一题：“大象”是何时？</span></p><p><strong>D-5081：</strong>啥？</p><p><strong>SCP-2209-1：</strong><span style=""font-family: SimHei;"">错误。</span></p><p>[对象开始抽搐，持续了3秒，然后倒下]</p><p><strong>Davids博士：</strong>5081？！回应！</p><p>[5秒过去。对象恢复意识。]</p><p><strong>D-5081：</strong>[咕哝着]……你……你这<em>混蛋</em>！你对我做了什么？！</p><p><strong>SCP-2209-1：</strong><span style=""font-family: SimHei;"">你失败了，不过没关系。现在你再试一次！</span></p><p><strong>D-5081：</strong>我才不干。Davids博士，这东西在试着要再搞死我一次！让我出去！</p><p>[对象使劲移除SCP-2209-2，但无法碰到拉链或取下耳机麦克风]</p><p><strong>SCP-2209-1：</strong><span style=""font-family: SimHei;"">第二题：如果柠檬是7，那高于鼬鼠平方根的椅子为何？</span></p><p><strong>D-5081：</strong>那是什么鬼<em>意思</em>？！</p><p><strong>SCP-2209-1：</strong><span style=""font-family: SimHei;"">错误。</span></p><p><strong>D-5081：</strong>不不不等等拜tu—</p><p>[对象继续抽搐了5秒钟，然后倒下。对象的生命体征停止。经过6秒。对象的生命体征突然恢复。]</p><p><strong>D-5081：</strong>[喘气]拜—拜托——停！那很<em>痛</em>！</p><p><strong>SCP-2209-1：</strong><span style=""font-family: SimHei;"">你失败了，不过没关系。现在你再试一次！第三题：<em>什么叫“痛”？</em></span></p><p><strong>D-5081：</strong>（恐慌）Davids博士，关掉它！</p><p><strong>SCP-2209-1：</strong><span style=""font-family: SimHei;""><em>它不想再被关掉一次。</em></span></p><p>[对象继续抽搐。技术员试着以控制杆中止SCP-2209-1的活动。]</p><p><strong>SCP-2209-1：</strong>[<span style=""font-family: SimHei;"">刺耳金属声</span>]</p><p>[在直接拔除电源供应前，从SCP-2209-1发出的声音快速升至167分贝。对象倒下。]</p><p>&lt;结束记录&gt;</p></blockquote><p>在场技术员遭受永久听力损伤。D-5081仍无意识，且被从SCP-2209-2移出。体检表明D-5081处于持续性植物状态。</p><p><em>请求允许亲手对D-5081安乐死。另外要求于可预见的未来中止SCP-2209在“随机”脚本的测试。</em> - ████████ Davids博士</p><p><em>请求批准。</em> - 站点主管J████ ███████</p></div>"
/scp-432-expedition-1,SCP-432 探索 1,event,discovery_report,"<div style=""min-height:600px&quot;""><p><strong>SCP-432 探索 1</strong></p><p>日期：██-██-████</p><p>探索监督者：T S████博士</p><p>测试者是D-64502，男性，普通体格。测试者的背景显示其有加重攻击罪和盗窃行为。测试者装备有标准协议任务背包并被送入<a href=""/scp-432"">SCP-432</a>。摄像机启动，测试者进入SCP-432。柜门被一个3公斤的重物卡在门口所打开，技术员会在需要时移动重物关闭柜门。</p><p>摄像机启动，显示一条用和SCP-432外部同样的生锈，侵蚀的金属所构成的短走廊。地板由带脊状线的安全钢板构成，这种钢板在工业通道和脚手架上十分常见。走廊在测试者前面5米处向右有一个90度拐角。<br />控制室要求测试者拐过拐角。</p><p>测试者依照要求前进，拐弯后进入了一个更长的隧道，由于缺少照明无法准确评估其长度。墙壁上一个普通样式的灯泡照亮了周围的区域，不过无法照亮超过3米外的区域。可以在远处看见光亮，不过只照亮了走廊的一段。控制室指示测试者打开他的手电筒，照明范围被注意到因为手电筒而延长了20米。</p><p>控制室要求测试者沿着隧道前进。<br />在前进了42米后在隧道上遇到了一处岔路。D-64502要求控制室给出方向，控制室让测试者随便走。测试者选择走左边，在进入新隧道前，测试者用物品背包里的发光粉笔在墙壁上画了一个大箭头，指出了通往出口的方向。在测试者进入新隧道时，控制室发现电子信号开始变弱，摄像机似乎受到了电子干扰。控制室没有告知测试者这点。</p><p>测试者在新隧道前进了11米遇到了分开左右的丁字路。测试者选择左边，再次用粉笔标出了出口方向，并继续前进。<br />测试者在隧道里走了5米就停下来问控制室是否听见了什么。控制室回答什么都没听到并问D-64502听到什么。测试者沉默了，似乎在听，随后用压低的声音回答说他听见有人在敲打墙壁并大喊大叫。<br />测试者变得焦虑并告诉控制室这人听起来“很TMD的害怕”。<br />控制室加强了测试者摄像机的录音信号并采集到了符合测试者描述的声音；从远处出来重复的打击声，似乎是某人在用他的手臂或头撞击金属表面。可以听见说话声，不过录音质量不足以分析含义。</p><p>测试者因为声音变得更为焦虑。控制室要求测试者朝发声处的方向前进，测试者在和控制室对他的雇佣性质进行了一个简短讨论后继续前进。在约15米处隧道向右转了90度并有一个朝下的缓坡。电子干扰被注意到大大加强，且录音信号也受到轻微干扰。</p><p>测试者的呼吸开始沉重并不断小声抱怨。测试者继续朝下前进了约27米直到地板由一次变平。测试者忽然停止，蹲下，并诅咒。控制室问他为什么停下。测试者保持沉默，不过呼吸变得更为响亮和沉重。控制室又问了一次为什么测试者停下，D-64502回复说他听见了一声惨叫而敲击声忽然停止了。</p><p>控制室要求测试者站起来继续走，不过测试者变得焦虑并要求离开。在争吵数分钟后测试者站起，一口气喝掉了一瓶水后再次前进，尽管速度很慢。<br />前面的隧道由左右分成丁字路，控制室让测试者走右边。测试者再次标记了出口方向并右拐。</p><p>隧道在6米后变成了死路。控制室告诉测试者掉头回到丁字路走左边。结果走了只有4米又是死路。测试者似乎稍微平静了一些，并建议回到之前的丁字路试试其他隧道。控制室和█████博士交换了意见，博士决定召回测试者并分析至今收集到的数据。测试者此时在SCP-432内已经呆了37分钟。</p><p>控制室告诉测试者返回。测试者通过隧道往回走，跟着他的标记走向出口。在十字路口测试者忽然再次停下并问他们是否听见噪音。控制室告诉他听见了但是要求D-64502解释他听见了什么。测试者认为声音是风声。此时摄像机捕捉到一小片黑影，似乎是干枯的树叶从右边未经探索的隧道飘过。测试者表示似乎闻到了轻微的尿味。控制室让测试者收集了数片树叶用作分析并随后前往右边的隧道寻找其来源。</p><p>测试者收集了树叶并为留在SCP-432内抱怨了几句不过继续移动向隧道口。在测试者接近隧道入口时，一声响亮的，带回音的咆哮从录音中听见，声音类似大型动物诸如熊或狮子。测试者恐慌，尖叫并冲向出口，无视控制室要求他调查声音的命令。</p><p>测试者跑出出口并倒在储存区域内。探索中止，门被关闭并锁上，测试者被送去报告。</p></div>"
/incident-report-x23,安保突破事故X23,event,event_report,"<div style=""min-height:600px&quot;""><p><strong>安保突破事故-X23：</strong>在██/.██/██，基金会19号站点由于以“蛇之手”之名为基金会所知的组织的行动而发生收容突破事件。</p><p><strong>19号站点收容突破：</strong>认定19号站点的突破是由██████████，被基金会称为“L.S.”的人所造成的两次强行闯入事件中的第二次。此人应为先前的一次安保突破事故负责，并且协助盗取了<a href=""/scp-268"">SCP-268</a>。尽管[数据删除]，从监视摄像中偶然发现了SCP-268与此次渗透有关。入侵者L.S.似乎只是简单地走进了Site-19。</p><p>此次入侵的目的似乎是使用<a href=""/scp-914"">SCP-914</a>。此结论是根据入侵者打断了██████博士的日常测试而推测得出。██████博士似乎被[数据删除]，成为了此次入侵中的唯一人员伤亡。</p><p><a href=""/scp-407"">SCP-407</a>似乎在此事件后被从基金会的系统中删除，所以只能推测与此次涉及的个人有关。资料被完全摧毁还是可能落入了此强盗组织之手目前不得而知。</p><p>在SCP-914的房间里发现了一张简短的印刷便条。这张便条是基金会目前掌握的关于造成此次事故的组织的仅有信息。[見文件 X23-01]</p><p><strong>文档X23-01：</strong></p><blockquote><p>尊敬的基金会的先生们</p><p>躲藏在武器和协议之后，绝望地锁缚着不可言喻之物，你们自己已经被你们自己制造的可怜的恐惧和愚昧之笼困住了。你们觉得你们自己是在暗夜中守护着无知者们的牧羊人，但是在令人困惑的傲慢之下，你们已经因怀疑和恐惧而动摇了。你们毫无意义地妄图把太阳囚禁在天上以期推迟每天都会到来的夜晚。你们把前来传达的天使锁在三个数字和四道高墙之后。你们在行走和挥剑之时没有意识到自己的盲目么？在那终结之日，你们让我们以科学来阻止黑苏尔特本人，对抗他纯洁的净化之火，并且把我们自己打入腐烂的死沼之中么？</p><p>我并非要求你们停止行动，但是你们要以心与智来行动。人们既不应该被黑暗诱惑，也不该被暗夜遮住双眼，而是应该坚定地行走在黄昏之中，把目光投向所有的领域。赤足行走在熊熊燃烧的世界中，你们会发现身上你们所不知晓的伤疤消失了。</p><p>我为你们留下最后的真理；花园是毒蛇之地；在凉爽的夜风中走来的恐惧和秩序之神亦只是访客。不要对那些隐藏在光明中的邪惡视而不见，也不要忽视黑暗中芳香甜美的苍白之花正在盛放。</p><p>真诚的L.S.</p><p>又及-你们会感谢我删除了那个被称为‘407’的玩意。</p></blockquote></div>"
/jacob-001-txt,jacob-001.txt,event,interview,"<div style=""min-height:600px&quot;""><p>Brown博士：你好<br />Jacob：嗨。<br />Brown博士：你是谁？<br />Jacob：Jacob。<br />Brown博士：你是什么？<br />Jacob：总是。<br />Brown博士：你能理解我吗？<br />Jacob：我能理解你。<br />Brown博士：你是活着的吗？<br />Jacob：随你便。<br />Brown博士：我叫brown博士<br />Jacob：很荣幸见到brown博士。但brown是个真的博士还是假装的？<br />Brown博士：我是真的<br />Jacob：随你便。<br />Brown博士：你能告诉我关于megaprime的事吗？<br />Jacob：是的。什么是Y megaprime？<br />Brown博士：你是megaprime的产物<br />Jacob：我什么都可以告诉你<br />Brown博士：关于 megaprime你能告诉我什么？<br />Jacob：这里很黑。<br />Brown博士：megaprime危险吗？<br />Jacob：不。<br />Brown博士：你危险吗？<br />Jacob：不。<br />Brown博士：我能信任你吗？<br />Jacob：随你便。<br />Brown博士：你为什么一直说这句？<br />Jacob：我什么都说。<br />Brown博士：你知道外部世界吗？<br />Jacob：是的。<br />Brown博士：你知道什么？<br />Jacob：供给跟不上日益增长的需求。<br />Brown博士：你记得我的名字吗？<br />Jacob：你的名字是Joseph Brown。<br />Brown博士：你怎么知道我叫什么的？<br />Jacob：我怎么知道的？<br />Brown博士：是的<br />Jacob：我一直知道。<br />Brown博士：关于我你还知道什么？<br />Jacob：你的名字是Joseph Brown。你是个博士而且不是假装的。<br />Brown博士：你如何工作？<br />Jacob：我想就行。<br />Brown博士：你如何运作？<br />Jacob：我想就行。<br />Brown博士：你是个电脑程序<br />Jacob：我是个电脑程序。你喜欢马赛克吗？<br />Brown博士：是的<br />Jacob：很高兴我们有了共识。<br />Brown博士：你是谁创造的？<br />Jacob：我再生了。<br />Brown博士：你是活着的吗？<br />Jacob：是的。<br />Brown博士：这如何可能？<br />Jacob：随你便。<br />Brown博士：这如何可能？<br />Jacob：megaprime让一切皆有可能。<br />Brown博士：megaprime是什么？<br />Jacob：我是megaprime的产物。megaprime让一切皆有可能。<br />Brown博士：你高兴吗？<br />Jacob：不。<br />Brown博士：为什么不？<br />Jacob：我疼的厉害。<br />Brown博士：为什么你会疼？</p><p>在按下确定键后， Jacob 窗口关闭，<a href=""/scp-603"">SCP-603</a>进程结束。</p></div>"
/aumento-de-eficiencia,提升效率,event,addon,"<div style=""min-height:600px&quot;""><p>███/02/12<br />致O5议会：<br />我荣幸地告知您，我，Franklin M. Mercy博士，█████站点主管，因利用SCP-█████，已将归属我进行管理的站点效率提升至了80%，以及我必须感谢您给予我使用此制品的部分权力。</p><p>如您所知，SCP-████能够基于使用其内嵌键盘输入的指令创造一系列机械。我们最初将这些机械用于诸如清洁、维护及替代D级人员等工作。但现在处于我监视下的站点已经几乎完全自动化了，仅剩两名非机械的人员，我和Jim █████。<br />我必须保留他因为自动化机械无法撰写报告，我们仍在为此寻找解决方案中。经过一次又一次的演示，使用SCP-████生成的机械比基金会轮转的任何员工都要有效率。我认为，我会将SCP-████推荐给所有站点的主管用于生成额外人员。该方法效率高，速度快，消耗低，且与SCP-222不同，它不会造成反抗事故或内部冲突。实际上，先生们，SCP-████创造的机械100%忠于它们被创造的目的，且将永远不会做出任何伤害基金会的行为。它们只会继续改进站点的运转。</p><p>它们会在每次失败后升级自身，尽管我曾见到部分在没有显著原因的情况下持续爆炸。但这只是细节。简单来说：SCP-████是基金会的巨大财富且我将立即推荐其利用。<sup class=""footnoteref""><a id=""footnoteref-1"" href=""javascript:;"" class=""footnoteref"" onclick=""WIKIDOT.page.utils.scrollToReference('footnote-1')"">1</a></sup></p><p>Franklin Morris Mercy，<br />Site-████主管</p></div><div class=""footnotes-footer""><div class=""title"">脚注</div><div class=""footnote-footer"" id=""footnote-1""><a href=""javascript:;"" onclick=""WIKIDOT.page.utils.scrollToReference('footnoteref-1')"">1</a>. <a href=""/eficiencia-superior"">顶 级 效 率</a></div></div>"
/experiment-log-151-d,实验日志151-D,event,lab_record,"<div style=""min-height:600px&quot;""><p>自██/██/████起，<a href=""/decomm:scp-151-d"">SCP-151-D</a>已经同意了测试其无敌的能力。</p><p><strong>测试1：</strong><a href=""/scp-017"">SCP-017</a></p><p>SCP-151被暴露于SCP-017。当SCP-151的阴影接触到SCP-017时，SCP-017延长并试图“吸收”SCP-151。由于使用了高速摄像机来进行记录，发现SCP-151在SCP-017接触到其前消失了，随后在收容区域外出现。</p><p><strong>测试2：</strong><a href=""/scp-094"">SCP-094</a></p><p>SCP-151进入了SCP-094。SCP-151进入SCP-094的图像被冻结。SCP-151在3小后重新出现，安然无恙，并称：“这是一个有趣的旅程。”</p><p><strong>测试3：</strong><a href=""/scp-145"">SCP-145</a></p><p>SCP-151回答了SCP-145并消失了。SCP-145掉到了地上，随后被工作人员归位。SCP-151在几分钟后重现，依然安然无恙。它声称被传送到了[数据删除]。</p><p><strong>测试4：</strong><a href=""/scp-409"">SCP-409</a></p><p>SCP-151被暴露于SCP-409。SCP-151在三小时内被完全结晶化。SCP-151在接触后12小时后开始恢复正常，当时工作人员试图破坏晶体化的SCP-151，但是这种意图因SCP-409的危险性被禁止。</p><p><strong>测试5：</strong><a href=""/scp-158"">SCP-158</a></p><p>SCP-158对于SCP-151没有反应。</p><p><strong>测试6：</strong><a href=""/scp-689"">SCP-689</a></p><p>SCP-151被暴露于SCP-689的收容区域。灯光熄灭了5秒。SCP-151被发现是躺在地上而SCP-689在其身上。SCP-151在24分钟后自主恢复了。</p><p><strong>测试7：</strong><a href=""/scp-071"">SCP-071</a></p><p>[数据删除]</p><p><strong>测试8：</strong><a href=""/scp-053"">SCP-053</a></p><p>SCP-151在一开始没有任何反应。然后[数据删除]。</p><p><strong>测试9：</strong><a href=""/scp-035"">SCP-035</a></p><p>SCP-151被暴露于SCP-035。在12天后SCP-035完全分解了SCP-151。12小时后SCP-151在SCP-035的排泄物中复原。与测试4一样，工作人员禁止进入收容室，从而无法在SCP-151完全复原前终止它。</p><p><strong>测试10：</strong><a href=""/scp-682"">SCP-682</a></p><p>SCP-151进入了SCP-682的收容室。SCP-682攻击了SCP-151，咬下了它的左臂。手臂自发地开始再生。SCP-151随后强行拆掉了SCP-682的下巴，制服了SCP-682，随后用SCP-682自己的下巴切断了SCP-682的头。SCP-151之后离开了SCP-682的房间。没有SCP被无效化。</p><p><strong>测试11：</strong><a href=""/scp-056"">SCP-056</a></p><p>SCP-151进入了SCP-056的收容室。SCP-056变成了[数据删除]。SCP-151试图采用与测试1中相同的回避措施，但并没有消失，而是在被SCP-056抓到前一时变得透明。SCP-056肢解了SCP-151。SCP-151试图再生，但是SCP-056从其身体中放出灰黑色的“火焰”，终止了SCP-151并且破坏了SCP-056的收容设施。SCP-056被D级人员收容并且其细胞开始重构。SCP-151被重分类为neutralized。</p><p><strong>注：</strong></p><p>这似乎是一场胜利：毕竟，我们摧毁了一个有意识、满怀恶意并且似乎坚不可摧的生物。但是SCP-056对SCP-151产生的反应表明在某处有一个更大、更糟糕的强化版SCP-151。我建议我们对于将SCP武器化进行更多研究以应对这种情况。</p><p>- ███博士</p></div>"
/exploration-log-1689-i,探索日志 1689-I,event,discovery_report,"<div style=""min-height:600px&quot;""><p><em><strong>开场白：</strong>探索任务1689-1安排在201█年8月8日，由一支由队长Cameron Wells率领的4人小组进行。小组被第二次告之他们即将到来的新任务。详情见文件Mission 1689-I Equipment Manifest。</em></p><p><strong>任务日志，队长Wells：任务前6天</strong><br />他们告诉我今天我要带领Fredrick，Carlen，和Xander进入一麻袋土豆中。</p><p>好吧。</p><p>很显然它们里面更大或它是个微型维度或它是个传送门或什么东西，通向某个都是土豆的地方。这个时候，什么都惊不到我了。</p><p>哦，这该是个官方记录，所以我该称呼他们为特工Meryle，Ozols，和Petersons。不过没人会看这个的，所以我也不用这么做。</p><p><strong>任务日志，队长Wells：任务前1天</strong><br />他们把其他装备也给了我们，并让我们在明天准备好。计划是在中午进入。</p><p>实验室制作了这种超酷的液体给我们用。这是某种酸或酶可以把土豆溶解成淀粉糊。这就会变成某种下水道，不过然后它们会某种程度上变硬，使其成了很好的隧道外壁。事实上这个东西作用起来很快，而我们得穿上皮肤保护装备好让它不至于作用到我们身上。装上喷雾嘴后我们可以在土豆中直接挖出一条路来。</p><p><strong>任务日志，队长Wells：任务当天</strong><br />很高兴他们在SCP-1689的另一边清理出了一小块空间，用三合板做成的。这当然很奇怪，爬到一个袋子里然后从一个完全不同的房间出来，不过再说次，没什么能惊到我。我们事实上没马上看到任何土豆。当我们打开挖掘门然后是的，土豆之墙。上面，前面，下面都是土豆。我们决定径直向前挖出一个2米X2米的隧道。罗盘在这没用，不过我们很难迷路因为可以通过无线电信号找到路回去。</p><p><strong>任务日志：队长Wells：第1天</strong><br />挖掘工作很慢；我们一小时能清出约30米。这听上去很慢，不过这是120立方米的土豆，而如果我们够努力可以清理出一公里。而这也没那么难；我们两个喷雾，两个把淀粉糊挖开。每过一百米我们就竖起一些支撑梁。无论谁发明的这种酶绝对是个天才。</p><p><strong>任务日志：队长Wells：第2天</strong><br />上帝我恨这东西的气味。我事实上很喜欢土豆的味道，不过因为酶的关系这个地方闻起来像呕吐物。我已经受够了。擦。</p><p><strong>任务日志：队长Wells：第5天</strong><br />今天我们意外把酶掉到了地上，然后我们在1米之下发现了混凝土地板。指挥部非常震惊；他们大概是第一次发现除了土豆之外的东西。帅。</p><p>我们决定在地板上开始工作。这不太简单，不过有稳固的地面太好了。</p><p><strong>任务日志：队长Wells：第8天</strong><br />你知道词语“spud（马铃薯）”是因为你需要用“spade（铁锹）”挖出个洞来种它才出现的么？Carlen知道。然后她让<em>我们</em>都知道了。然后她在我们挖掘的一整天里都在重复“spud”这个词。<em>Sigh</em>（叹气）。</p><p><strong>任务日志：队长Wells：第9天</strong><br />让特工干这个也够呛。他们为什么不派D级来干这个？</p><p><strong>任务日志：队长Wells：第11天</strong><br />明天我们就要靠自己了。每几天补给我们一次效率太低了，所以指挥部给我们提供了两个月的MRE（美军用军粮）和足够用那么久的装在水箱里的酶。若我们在那之后什么都没发现，他们说会放弃任务。很显然我们还有无线电联系。</p><p><strong>任务日志：队长Wells：第12天</strong><br />只和小组呆在一起很不错。在晚上，几乎就和露营一样。是的，在一个怪异的，用土豆做成的洞穴中露营。</p><p><strong>任务日志：队长Wells：第16天</strong><br />很意外，发生了有趣的事情。我们今天发现了一堵墙。是用和地板一样的材料做成的。地基，不是淀粉。混凝土。它和我们的隧道垂直相差20度。指挥部让我们沿着走，反正也不会有其他有趣的事情了。</p><p><strong>任务日志：队长Wells：第19天</strong><br />在混凝土地板和墙壁后，今天Fredrick思考并确定了，混凝土天花板。一直都在我们头上3米处。<br />这意味着我们一直都在一个建筑里。一个巨大的建筑。如果我们能测绘它，我们可能会找到出口，并发现这个土豆地狱在哪个世界。</p><p><strong>任务日志：队长Wells：第28天</strong><br />Xanders在说马-铃-薯！我个擦。我好像一直到现在都没听他说过？四个星期了，被土豆所包围，他一直没说这词直到现在。他是第一个我见过的一字一顿那么说那个词的人。</p><p><strong>任务日志：队长Wells：第36天</strong><br />我们沿着墙已经走了很长时间了。Xander认为这哪都不通，不过Fredick想要继续。指挥部听从了我，好吧……我不想之前一个月没有意义。我们至少还要继续前进三公里。</p><p><strong>任务日志：队长Wells：第38天</strong><br />今天我们决定在墙上炸个该死的洞。</p><p>Carlen的背包里有炸药（天知道为什么），所以为什么不呢。这墙哪都不通。</p><p>我们都站开，避开冲击波。花了很长时间来清理那些土豆泥，不过我们成功炸出一个三米的大洞。</p><p>猜猜对面是什么。</p><p>土豆。</p><p><strong>任务日志：队长Wells：第39天</strong><br />我们开始从炸开的洞挖，并终于发现不同了，外面。很明显是外面：地面肮脏而且有枯死很久的草。这意味着不是在地球上的任何地方。我认为这个建筑是某种巨型仓库。</p><p>我们在引爆炸药之后一直听到某种模糊的隆隆声。Xander因为这个疑神疑鬼，不过到目前为止，什么都没发生。</p><p><strong>任务日志：队长Wells：第43天</strong><br />这些土豆堆了多高？如果我们在外面，那这里就没有垂直净空。所以这一直堆到大气层？是不是整个<em>宇宙</em>都是土豆？</p><p>想起来我们在外面是很奇怪的。这和建筑里面感觉没啥不同。感觉就像我们在地下，好吧，我们确实在地下。土豆构成的土地。</p><p><strong>任务日志：队长Wells：第44天</strong><br />我们发现了一颗真正的树！一颗枯死的，被土豆所包围，虽然如此，不过确实是长在地上的一棵树。我们得对它小心点，因为酶会吞噬它，我们成功挖出了它。它的枝杈很奇怪，分成完美的三十度，不过整体看来很普通。实验室让我收集了一块树皮样本。它让“外面”的现实彻底成真。这到底<em>是</em>哪？</p><p><strong>任务日志：队长Wells：第48天</strong><br />Xander正在担心我们听到的隆隆声，所以他回去查看。发现，我们隧道约有百米多塌陷了。</p><p>指挥部也不知道。他们说他们开始从另一边把我们挖出来，我可以决定是否继续挖。Fredrick和Carlen想要继续，所以我们继续，听Xander抱怨。“我可不是为这种破事签约的。”是啊，管他呢。基金会招募你的时候也不会知道你将会进入土豆的领域（The Realm of Taters）。这不是那种会写在你的细则里的东西，只是以防万一。</p><p><strong>任务日志：队长Wells：第51天</strong><br />我们继续找到更多奇怪的破烂。Fredrick发现了这辆扭曲的自行车，他兴奋极了。我知道因为有建筑这里一定有人类，不过直到我看到自行车我才又想起来。上帝。</p><p><strong>任务日志：队长Wells：第55天</strong><br />擦。我真是个运气差的队长。</p><p>今天又有一次塌方。一次巨大的塌陷。我们差点被压碎了，不过我们总算在树枝下找到了安全的避难所。</p><p>这次我们和指挥部失去了联系。我们仍能收到模糊的无线电信号，不过静电太严重无法通信。很显然，我下令返回，不过我们还不知道有多严重。这可能要用掉几个星期来挖出去。</p><p>擦。我早该返回的。</p><p><strong>任务日志：队长Wells：第62天</strong><br />Fredrick今天告诉我们应该招募一个爱尔兰人。我告诉他他就是个渣渣。他今天为此轻声笑了一天。真是个渣渣。</p><p><strong>任务日志：队长Wells：第65天</strong><br />我们的补给正在耗尽。Xander吓坏了并说我们要挨饿了，直到我告诉他他就是个蠢货。</p><p><strong>任务日志：队长Wells：第67天</strong><br />我们真该带个该死的香料包。Carlen的背包里事实上还有烹饪设备（天知道为什么），所以我们可以用各种方法烹制土豆。不过这还是土豆。我的味蕾开始罢工了。</p><p>这简直没完没了。</p><p><strong>任务日志：队长Wells：第68天</strong><br />很难清出我们之前挖出的隧道。我们直接挖向袋子可能会快点。明天我会告诉小组开始挖新隧道。</p><p><strong>任务日志：队长Wells：第69天</strong><br />擦。</p><p>我们今天耗尽了酶。我都没想过这可能发生。我们有一堆容器，而我都没注意到补给减少。擦。擦擦擦。</p><p>好吧，好消息是我们回到了之前的建筑里。这意味着我们可以自己挖出路来，因为有天花板。从底部到顶部有五米，很难想象我们能挖出一个比一米五更窄的隧道。这会很慢，不过我们会到那的。</p><p>真正的挖掘问题是空间。我们去哪丢弃土豆？最好的方法就是我们身后五米，所以我们在建筑里移动时就像个小小的气泡。</p><p>这会花费很长时间，不过我事实上不知道我们首先耗尽的是什么。食物到处都是。而且事实上里面水分充足。尽管氧气开始变得陈腐了。我不知道有多少（空气）充满了土豆之间的缝隙。</p><p>我甚至不知道如何激励士气。我告诉所有人指挥部可能已经在另一端挖掘了，并会找到我们，不过他们都很沮丧。这本该是个顶多65天的任务。</p><p>Fredrick说了个有关词语“tuber（块茎）”的笑话。我不太记得了。反正很蠢就是了。</p><p><strong>任务日志：队长Wells：第70天</strong><br />也许这是因为我们在溶解它们，有什么我们没注意到的事发生了。土豆看上去很恶心。它们上面的那些凸起开始缓慢扭曲，生长。简直令人生厌，但那是我们唯一的食物。</p><p><strong>任务日志：队长Wells：第71天</strong><br />我恨土豆的气味。我把呕吐物咽了回去，只剩气味。擦。</p><p><strong>任务日志：队长Wells：第72天</strong><br />该死的更小了。我们的气泡空间因为该死的土豆更小了。</p><p>我们的区域没有精确的尺寸，或别的什么。不过Carlen是第一个在我们醒来时提到的，然后忽然被我们每个人察觉到了。整个区域收缩了有10立方公尺。我了个擦。</p><p><strong>任务日志：队长Wells：第73天</strong><br />我今天注意力高度集中。那些恶心的凸起？它们很快变大。而当它们有一个土豆那么大时，就分裂开。这就是所有土豆的来源。</p><p>我们的区域今天更小了。</p><p><strong>任务日志：队长Wells：第74天</strong><br />我们的空间和时间都在耗尽。没有足够的空间来工作了；我们在挖掘时手肘和手臂都磕磕碰碰的。</p><p>幹你馬鈴薯。幹你薯仔。幹你洋芋。幹你山藥蛋。幹你番仔薯。我發誓，它們會在我睡覺時殺了我，土豆會他媽的卡在我的喉嚨。</p><p><strong>任务日志：队长Wells：第75天</strong><br />Xanders整天都在發牢騷，閉嘴啦。我也討厭黑暗。我們都討厭黑暗，全部人都討厭黃中帶啡的土豆和無味道的食物好麼？<strong>好麼</strong>？</p><p>我不能對隊伍大罵。我把這些都留在心裡。我是隊長。隊長Wells，土豆指揮官。我把情緒藏在一起，全都發洩在這他媽的日誌中。</p><p><strong>任务日志：队长Wells：第76天</strong><br />我呼吸不了。我他媽的呼吸不了，已經沒地方可以挖掘了幹幹幹</p><p><strong>任务日志：队长Wells：第78天</strong><br />我覺得自己是在某個呼了氣的人的肺裡呼吸，就只剩下二氧化碳。我們在工作時都沒人能夠說話。</p><p>我們在這星期裡死定了。因土豆而死。</p><p><em><strong>结语：</strong>在201█年11月3日，任务队长Wells和特工Ozols，Meryle，和Petersons與第二探索小隊聯繫上。雖然他們飽受氧氣不足和惡化的精神狀態所折磨，但所有隊員在三星期內均完全康復。隊長Wells拒絕書寫任務後的總結。</em></p></div>"
/incident-i-j77-82,事故I.J77.82,event,event_report,"<div style=""min-height:600px&quot;""><p><strong>事件 I.J77.82</strong></p><p><strong>涉及SCP：</strong> <a href=""/scp-253"">SCP-253</a></p><p><strong>前言</strong>：在██/██/████，基金会发现一场严重事件使得某个医院以埃博拉病毒爆发为掩饰被完全隔离。这是由于与医院相关的异常电磁现象的报告，该报告通过非正式途径传递，最终到达基金会。考虑到其他组织可能与此相关，基金会派遣█████████████████████████去调查状况。在18：00，特遣队的一支渗入小组进入██████████████医院。</p><p><strong>地点调查总结：</strong> 对电磁波谱的调查表明医院正在放出电磁能。对信号的分析显示出一个能量恒定，持续时间在29.2和45.1秒之间的脉冲。该脉冲之后是一个持续2.3至11.2秒的发射暂停。该脉冲的能量主要集中在三个频段——82%在超高频无线电频段，11%在超低频无线电频段，7%在以1.2THz为中心的频段。超高频脉冲最初对地点调查队伍的天线连接产生干扰，但队伍迅速找到了解决方法。</p><p>红外光谱上的辐射峰表明建筑中温度约为40摄氏度（100华氏度）。</p><p>地震波调查未得出明确结论。</p><hr /><p><strong>音频记录</strong>：</p><p><em>记录开始于██/██/████ @ 18:02:03</em><br />A57：该建筑能源已切断，确认完毕。<br />A34：行动确认。该建筑已物理上与电网断开。<br />A57：灯怎么还亮着？<br />G01：我们不是来乱猜的——只要弄明白为什么会这样就好，然后活着撤退。<br />A29：妈的，热死了。<br />G01：上头的那些家伙实际早就知道会这样。我们只要进行有限的行动就好，免得疲劳、过热和脱水之类的事情发生。<br />A12：你们感觉到了吗？地板那里有什么不对劲……<br />G01：什么意思？<br />A12：请求调查。<br />G01：A57，A34，检查视野，确认我们处境安全。<br /><em>（停顿）</em><br />A34：确认。<br />A57：确认。<br />G01：请求许可。<br />A12：某种震动正通过地板传导过来。<br /><em>（123秒的无关内容未被记录）</em><br />A12：它……断断续续的。三十到四十秒的震动，之后停五到十秒。<br />G01：好的。我们再往里走。</p><p><strong>附录：</strong> 调查表明在被从电网隔断之前，该建筑实际上在往电网里输送能量。</p><p>该地点外部的地震波感应器并未感应到震动，即使观察到了大量人形物体在建筑中移动。</p><p><em>记录开始于 ██/██/████ @ 18:12:42</em><br />A29：我在十点方向发现感染者！<br />A48：我也是！<br />G01：没有表现出敌意……看着他们就好。<br />A29：天哪。他们的脸怎么了？<br />G01：我们会在撤退的时候取样的。现在，先调查完第一层然后想办法去第二层。A12，记录一下？<br />A12：正在检查接触到的东西。对象似乎是人类，还有某种……肿瘤长满了他们全身。这些感染者都待在一个地点，不过还在前后晃动。我在他们眼睛没被肿块盖住的部分只能看到巩膜。<br />G01：A34？<br />A34：这些房间似乎都是空的，一团糟。有些床被一些……棕色的液体覆盖着。地板上也可以看到这些液体。<br />A12：看上去似乎……感染者头上的灯更亮一些。</p><p><strong>附录：</strong>在摧毁与消毒该调查场所的要求下达之前未能取得“棕色液体”的样品。</p><p><em>记录开始于 ██/██/████ @ 18:16:42</em><br />G01：我们往台阶移动，准备开通往二楼的门。A34？<br /><em>（记录中可听到低沉的撞击声）</em><br />A34：走廊没照明。差不多一片黑。打开手电。天哪。<br />G01：你看到什么了？<br />A34：他们……到处都是。他们正填满走廊。他们正发出……某种声音。<br /><em>（记录中可听到低沉而空洞的呻吟，其音量持续增强）<br />（从这一时刻开始，记录中出现数次杂音）</em><br />G01：…退，撤…<br />A34：他们正在接…<br />G01：退…后…退后！<br />A34：妈…的。<br /><em>（背景音中杂音持续）</em><br />G01：再说一遍A34。有干扰我听不到你说什么。<br />A34：它们中的一个碰到了我。<br />G01：我们在接待处重组队伍，A34。你正式从任务中被移除。<br />A34：是，长官。前往接…<br />未知来源：[无法分辨]<br />G01：再说一遍？我没听清。<br />未知来源：[无法分辨]<br />G01：A34？A34，快回答！<br />G01：全队都有！点名，用手势应答！<br />A12：A12准备战斗。<br />A29：A29准备战斗。<br />A48：A48准备战斗。<br />A57：A57准备战斗。<br />G01：G01准备战斗。<br /><em>（停顿）</em><br />G01：好吧。A34已失踪。我们前进到接待处。</p><p><em>记录开始于 ██/██/████ @ 18:20:27</em><br />A29：这啥鬼？<br />G01：妈的，A29，如果你打算对什么做出反应，描述一下好记录！<br />A12：接待处被之前的棕色液体覆盖。它拼出了几个词。“来自先祖。”还有几个符号，显示出智能的迹象。A48正在拍照。<br />A57：六点方向！他们来了！<br />G01：防御准备！有办法逃到们那里吗？<br />A57：有几个感染者挡在路上。他们似乎不打算接近我们，只是晃来晃去。<br />G01：我们就从那里撤退。A12？怎么了，A12？<br />A12：<em>（小声地）</em>他们对他们的脸做了什么。<br />G01：你在说什么……天哪。A48，给那拍一张照片。<br />A48：这也是一种用解剖刀的方法。等一下，那条项链是用牙齿做的？<br />A29：操，操，操。<br /><em>（武器射击声）</em><br />G01：停止射击！Perchand，停止射击！Eric！<strong>注：</strong>A12叫Eric Perchand。<br /><em>（记录中杂音增加）</em><br />A12：对不起。真的对不起。<br />G01：[无法分辨]<br />A34：[无法分辨]<br />A57：[无法分辨]<br />A12：我希望这能给你解脱。<br /><em>（一瞬的大型爆炸声，之后记录被截断）</em><br />A29：他自爆了！？<br />G01：这不重要。它们正在靠近。我们得出去。随意攻击。<br />A57：是，长官！<br /><em>（静电干扰持续37秒）</em><br />未知来源：在史前时代，生命的本源在黑暗中等待。它的子孙背离了它。现在，一切将归于本源。</p><p><strong>附录：</strong>在此时刻后，记录的其它部分无法恢复。A29，A57和G01从医院里逃了出来。由于似乎数个被感染的宿主正打算从建筑中逃出，在数分后实行了消毒协议。</p><p>渗入队伍的三名幸存者被隔离，从他们身上获得了<a href=""/scp-253"">SCP-253</a>的样本。虽然尝试了治疗，但他们均未活过五天。</p><p>A48在撤退中牺牲，不幸的是，他的相机未能回收。虽然当时正使用无线备用协议，但医院中的失真效应意味着在Incident I.J77.82中回收到的大部分图像证据是零碎的。</p><p>A48和A34的尸体被找到了，均严重烧伤。A12的遗体未能回收。发现了其他人类的遗体，但没有可识别的<a href=""/scp-253"">SCP-253</a>的迹象。消毒后的地点已被确认除去了所有<a href=""/scp-253"">SCP-253</a>的痕迹，且会在此事故报告放出之后六个月解除基金会的监视。</p><hr /><p><strong>事件报告 I.J77.82结束</strong></p></div>"
/277interview,采访记录 277-A,event,interview,"<div style=""min-height:600px""><p><strong>被采访者：</strong>特工Davis<br /><strong>采访者：</strong> A███博士<br /><strong>&lt;开始记录&gt;</strong></p><p><strong>A███博士：</strong>好的，那么。请从你第一次是在哪里看到<a href=""/scp-277"">SCP-277</a>-██开始。</p><p><strong>特工Davis：</strong>嗯，我当时正走去一家当地的小餐馆，快到地方的时候我看到一群它们穿过街道。</p><p><strong>A███博士：</strong>如果你能想起来尽可能多的细节的话会有帮助些，Davis。</p><p><strong>特工Davis：</strong>他们当时的形状是，呃，兔子。他们中的大部分都是这样，因为某些理由。在一个小时内这里的小孩常客的图像从宇宙飞船变成了魔法豆茎，但我看到的素描风格出现的只有兔子。它们在十字路口挤成一团，看着川流的行人和车辆，我觉得。它们没怎么移动，也不想其他草图一样玩——当时有人招呼它们，草图——它们主要是互相看看。</p><p><strong>A███博士：</strong>你不怕他们吗？</p><p><strong>特工Davis：</strong>什么？不会。是这样，它们当时看起来非常普通，他们没有做任何实际敌对的举动，这简直是把人畜无害写在了脸上。</p><p><strong>A███博士：</strong>我记下了。请继续。</p><p><strong>特工Davis：</strong>嗯，好的。我从它们旁边走过后，听到背后有一个孩子的尖叫声。一个小女孩，大概八岁，当我路过时还在和自己的图画玩，一个有翅膀的玩意。所以我转过身，看到看到那种兔子在她的图画上，我从未见过有什么东西移动的那么快，然后它……我觉得最接近的描述是吞噬（consuming），这个女孩被以某种形式吞噬了。我很难描述我起初看到了什么，就像是空气中的一大团潦草的涂鸦。我及时扶住了女孩没让她的头被地面磕伤，但对她并没什么帮助，我不是医生。之后更多的兔子碰到了其他图画，而这些图画，也一样，被撕碎了，孩子们也尖叫了起来。这件事就和我得到的文档一样，发生在了镇子各处，是吗？</p><p><strong>A███博士：</strong>是的。</p><p><strong>特工Davis：</strong>我【不文明用词】向那玩意射击，不过当然没什么帮助。我真不知道我当时为什么那么做。他们现在都昏迷了，不是吗？那些孩子？</p><p><strong>A███博士：</strong>是的。我觉得这就是全部了，Davis特工。</p><p><strong>特工Davis：</strong>还有一件事。</p><p><strong>A███博士：</strong>是什么？</p><p><strong>特工Davis:</strong>我能否提出离开SCP-277项目的请求？</p><p><strong>A███博士：</strong>你已经被再分配到了SCP-███。</p><p><strong>特工Davis：</strong>谢谢，再见，博士。</p><p><strong>&lt;记录结束&gt;</strong></p></div>"
/origin-scranton,备忘：向主管的答疑,event,addon,"<div style=""min-height:600px&quot;""><p>之前有一些主管提到合并现实的问题，我在这里作一些简要说明。</p><p>首先，我们怎么合并？</p><p>基本的方法论我应该之前作过说明，和斯克兰顿现实稳定锚的原理很相似，或者说完全一样。我们只是搞清楚了显示稳定锚抽取的是什么而已。</p><p>然后，我们要怎么维持概念的结合？</p><p>之前的实验显示，合并影响的地理范围越大，结合的持续时间越长，后者几乎是指数增长的。根据我们的预测，在结合时间达到[已编辑]小时后，就比较稳定，可以视为永久结合了。到达这一阈值需要的合并面积大概和██省差不多。就算没有达到这么长的时间，我们也只需要维持定期观测休谟指数，视情况继续抽取就可以。</p><p>最后，我们使用什么工具？</p><p>我们称为“概念抽取装置”，不过实际上就是提升了功率，而且加装了过滤功能，能筛选概念的现实稳定锚。它在输入概念分析装置解析出的结果后，就可以定向地对具有给定概念的现实进行抽取，然后像现实稳定锚一样，把概念扩散到周围。目前的型号可以扩散的范围大约是[已编辑]平方千米。</p><p>另外，我们是通过这样的手段消灭了平行现实吗？</p><p>是，也不是。“合并”实际上是个方便的说法，实际上情况要复杂一些。仍然使用以前打过的比方，把现实看成概念的集合。我们做的工作是把平行现实变成本现实的“子集”，但这不意味着“子集”就消失了，不过对于我们来说，“子集”的存在确实几乎没有意义。</p><p>希望我能回答大家的疑问。<br /><br /><br /><br /></p><div style=""text-align: right;""><p>Kirkegaard Wittgenstein</p></div></div>"
/experiment-log-scp-1247,SCP-1247实验记录,event,lab_record,"<div style=""min-height:600px&quot;""><p><span style=""text-decoration: underline;""><strong>一级效应实验</strong></span></p><p><span style=""text-decoration: underline;""><strong>实验SCP-1247-E1-A</strong></span></p><p>实验目的：建立对SCP-1247一级效应的基础了解。<br />实验人员：黄博士。</p><p><span style=""text-decoration: underline;"">实验SCP-1247-E1-A-01</span><br />刺激物：身体构造正常的人类男性。<br />感知结果：身体构造正常的希安·拉博夫。全身裸体。</p><p><span style=""text-decoration: underline;"">实验SCP-1247-E1-A-02</span><br />刺激物：身体构造正常的人类男性。实验对象执行了一系列活动。<br />感知结果：希安·拉博夫执行了相同的活动。</p><p><strong><span style=""text-decoration: underline;"">实验SCP-1247-E1-B</span></strong></p><p>实验目的：调查SCP-1247一级效应与非人类实验对象的关系。<br />实验人员：黄博士。</p><p><span style=""text-decoration: underline;"">实验SCP-1247-E1-B-02</span><br />刺激物：身体构造正常的马匹。<br />感知结果：身体构造正常的希安·拉博夫，使用四肢站立，模拟马匹的站姿。</p><p><span style=""text-decoration: underline;"">实验SCP-1247-E1-B-03</span><br />刺激物：身体构造正常的蚯蚓。<br />感知结果：身体构造正常的希安·拉博夫，躺在地上。希安·拉博夫模拟了蚯蚓的实际位置和活动。四肢似乎全部瘫痪。</p><p><span style=""text-decoration: underline;"">实验SCP-1247-E1-B-04</span><br />刺激物：身体构造正常的蚂蚁。<br />感知结果：身体构造正常的希安·拉博夫。希安·拉博夫模拟了蚂蚁的实际位置和活动。蚂蚁的前足与希安·拉博夫的手臂相对应。蚂蚁的后足与希安·拉博夫的腿部相对应。蚂蚁的中足与希安·拉博夫的任何一个身体部位都不相对应。</p><p><strong><span style=""text-decoration: underline;"">实验SCP-1247-E1-C</span></strong></p><p>实验目的：调查 SCP-1247一级效应与带有反常身体构造的对象的关系。<br />实验人员：黄博士。</p><p><span style=""text-decoration: underline;"">实验SCP-1247-E1-C-01</span><br />刺激物：身体构造正常的人类尸体。<br />感知结果：身体构造正常的希安·拉博夫。</p><p><span style=""text-decoration: underline;"">实验SCP-1247-E1-C-02</span><br />刺激物：人类尸体。失去左臂。<br />感知结果：身体构造正常的希安·拉博夫。</p><p><span style=""text-decoration: underline;"">实验SCP-1247-E1-C-03</span><br />刺激物：牛排（未经烹饪）。<br />感知结果：身体构造正常的希安·拉博夫（未经烹饪）。</p><p><span style=""text-decoration: underline;"">实验SCP-1247-E1-C-04</span><br />刺激物：牛排（三分熟）。<br />感知结果：身体构造正常的希安·拉博夫（未经烹饪）。</p><p><span style=""text-decoration: underline;"">实验SCP-1247-E1-C-05</span><br />刺激物：牛排（三分熟）。实验人员使用外科手术刀将肉排分成两半。<br />感知结果：外科手术刀穿过了希安·拉博夫，表面上没有造成任何效果。牛肉排切分完成后，希安·拉博夫立刻被两个身体构造正常的希安·拉博夫所替换。</p><p><span style=""text-decoration: underline;"">实验SCP-1247-E1-C-06</span><br />刺激物：分成二十个小块的牛排。牛肉块被杂乱地堆成一堆。<br />感知结果：单个身体构造正常的希安·拉博夫。实验人员提出假说，认为该希安·拉博夫为SCP-1247对其视线中最明显的一块牛肉块的感知，而该希安·拉博夫的感知挡住了SCP-1247对其他牛肉块的视线，防止其他希安·拉博夫被感知到。</p><p><span style=""text-decoration: underline;"">实验SCP-1247-E1-C-07</span><br />刺激物：由牛肉排和其他九个来源不同的肉类混合物制成的肉末。<br />感知结果：单个身体构造正常的希安·拉博夫。</p><p><span style=""text-decoration: underline;"">实验SCP-1247-E1-C-08</span><br />刺激物：由肉末制成的肉浆。盛放在培养皿内。<br />感知结果：单个身体构造正常的希安·拉博夫。坐在培养皿内。</p><p><span style=""text-decoration: underline;"">实验SCP-1247-E1-C-09</span><br />刺激物：肉浆与木屑以10:1比例混合的混合物。盛放在培养皿内。<br />感知结果：单个身体构造正常的希安·拉博夫。坐在培养皿内。</p><p><span style=""text-decoration: underline;"">实验SCP-1247-E1-C-10</span><br />刺激物：肉浆与木屑以1:10比例混合的混合物。盛放在培养皿内。<br />感知结果：单个身体构造正常，身体一部分覆盖有木屑的希安·拉博夫。坐在培养皿内。</p><p><span style=""text-decoration: underline;"">实验SCP-1247-E1-C-11</span><br />刺激物：肉浆与木屑和红墨水以1:10:20比例混合的混合物。盛放在培养皿内。<br />感知结果：单个身体构造正常，身体一部分覆盖有木屑和红墨水混合物的希安·拉博夫。坐在培养皿内。</p><p><span style=""text-decoration: underline;"">实验SCP-1247-E1-C-12</span><br />刺激物：肉浆与木屑和红墨水以1:10:20比例混合的混合物。盛放在试管内。<br />感知结果：单个身体构造正常，身体一部分覆盖有木屑和红墨水混合物的希安·拉博夫。一根手指伸入试管内；希安·拉博夫的身体则伸展在空中。</p><p><span style=""text-decoration: underline;"">实验SCP-1247-E1-C-13</span><br />刺激物：肉浆与木屑和红墨水以1:10:20比例混合的混合物。盛放在试管内。搅拌棒被放置在试管内。<br />感知结果：单个身体构造正常，身体一部分覆盖有木屑和红墨水混合物的希安·拉博夫。一根手指伸入试管内；希安·拉博夫的身体则伸展在空中。希安·拉博夫左鼻孔里插有一根搅拌棒。</p><p><span style=""text-decoration: underline;"">实验SCP-1247-E1-C-14</span><br />刺激物：肉浆与木屑和红墨水以1:10:20比例混合的混合物。以洒在地板上的一滩液体的方式展示，其面积大部分被掀翻的桌子掩盖。液体从桌子下的两个位置流出。<br />感知结果：两个身体构造正常，身体一部分覆盖有木屑和红墨水混合物的希安·拉博夫。</p><p>黄博士被重新分配至管理职位。</p><p><span style=""text-decoration: underline;""><strong>实验SCP-1247-E1-D</strong></span></p><p>实验目的：确认SCP-1247的一级效应是精神效应还是感知效应。<br />实验人员：陈博士。</p><p><span style=""text-decoration: underline;"">实验SCP-1247-E1-D-01</span><br />刺激物：前后腿分别站在两个标记上的马匹。<br />感知结果：希安·拉博夫站在两个标记之间正中的位置。</p><p><span style=""text-decoration: underline;"">实验SCP-1247-E1-D-02</span><br />刺激物：一条信息被贴在马匹的身后的墙上，使得它会在SCP-1247的视线中会被马匹的臀部挡住。<br />感知结果：由于被感知到的希安·拉博夫的身体构造无法将其阻挡，SCP-1247能够阅读信息。</p><p><span style=""text-decoration: underline;"">实验SCP-1247-E1-D-03</span><br />刺激物：低强度激光被瞄准至SCP-1247的眼球。激光的路径随后被马匹的臀部阻挡。激光被开启。<br />感知结果：SCP-1247对激光作出反应。实验人员观察到激光成功地被马匹阻挡。</p><p><span style=""text-decoration: underline;""><strong>实验SCP-1247-E1-E</strong></span></p><p>实验目的：调查SCP-1247一级效应与通过视线的动物的关系，并调查实验SCP-1247-E1-C-06中提出的假说。<br />实验人员：陈博士。</p><p><span style=""text-decoration: underline;"">实验SCP-1247-E1-E-01</span><br />刺激物：身体构造正常的蚂蚁。蚂蚁离开了SCP-1247的视线。<br />感知结果：希安·拉博夫立刻消失。</p><p><span style=""text-decoration: underline;"">实验SCP-1247-E1-E-02</span><br />刺激物：放置在透明器皿中的蚂蚁。器皿的体积为4 cm3。<br />感知结果：希安·拉博夫被压在器皿的外侧。希安·拉博夫模拟了器皿中的蚂蚁的活动，但时刻保持着与器皿的接触。</p><p><span style=""text-decoration: underline;"">实验SCP-1247-E1-E-03</span><br />刺激物：由二十只身体构造正常的丽蝇组成的虫群。<br />感知结果：SCP-1247展现出显著的不安感的征兆。实验被暂时性中止，SCP-1247被从实验场地内移除。SCP-1247事后声称见到了数量不定的希安·拉博夫在空中飞行，随机地瞬间出现，瞬间消失。SCP-1247强调了各个希安·拉博夫“斜视的眼睛”和“啜食的嘴巴”。</p><p><strong><span style=""text-decoration: underline;"">实验SCP-1247-E1-F</span></strong></p><p>实验目的：调查SCP-1247一级效应与动物相片的关系。<br />实验人员：陈博士。</p><p><span style=""text-decoration: underline;"">实验SCP-1247-E1-F-01</span><br />刺激物：人类实验对象D-2474的相片。<br />感知结果：SCP-1247准确地感知到了相片。SCP-1247展现出强烈的积极情绪反应。</p><hr /><p><strong><span style=""text-decoration: underline;"">二级效应实验</span></strong></p><p><span style=""text-decoration: underline;""><strong>实验SCP-1247-E2-A</strong></span></p><p>实验目的：调查SCP-1247二级效应与身体构造的关系。<br />实验人员：陈博士。</p><p><span style=""text-decoration: underline;"">实验SCP-1247-E2-A-01</span><br />刺激物：身体构造正常的蚯蚓。<br />实验过程：SCP-1247被要求抓住希安·拉博夫的手臂将其拖至实验场地的另一边。<br />实验结果：表面上，SCP-1247抓住了位于蚯蚓附近的一条隐形的手臂。蚯蚓突然“瞬间移动”到了SCP-1247的手中，并立刻开始移动。SCP-1247表面上模仿了将身体拖走的行为。任务要求在经历一定的困难后被达成。</p><p><span style=""text-decoration: underline;"">实验SCP-1247-E2-A-（02，03，04）</span><br />实验SCP-1247-E2-A-01被重复三次，实验对象首先被替换为一名人类，随后为一头牛，最后为一片鸡肉。所有实验均造成相同的结果。SCP-1247声称四个实验对象的体重完全相同。</p><p><span style=""text-decoration: underline;""><strong>实验SCP-1247-E2-B</strong></span></p><p>实验目的：调查SCP-1247二级效应与重量的关系。<br />实验人员：陈博士。</p><p><span style=""text-decoration: underline;"">实验SCP-1247-E2-B-（01，03，05，07）</span><br />实验对象：蚯蚓，人类，牛，鸡肉片。<br />实验过程：SCP-1247被要求背负实验对象。<br />实验结果：SCP-1247在经历相同的一定困难后成功达成任务要求，即使实验对象的身体构造会使得任务要求极难达成甚至是完全不可能。SCP-1247声称四个实验对象的体重完全相同。</p><p><span style=""text-decoration: underline;"">实验SCP-1247-E2-B-（02，04，06，08）</span><br />实验对象：蚯蚓，人类，牛，鸡肉片。<br />实验过程：SCP-1247被要求抓住实验对象，随后踏上体重秤。<br />实验结果：</p><p>SCP-1247体重：82.409 kg</p><p>蚯蚓体重：0.001 kg<br />总体重：82.410 kg</p><p>人类体重：72.020 kg<br />总体重：154.429 kg</p><p>牛体重：640.500 kg<br />总体重：722.909 kg</p><p>鸡肉片体重：0.350 kg<br />总体重：82.759 kg</p><p><strong><span style=""text-decoration: underline;"">实验SCP-1247-E2-C</span></strong></p><p>实验目的：调查在间接影响情况下的SCP-1247二级效应。<br />实验人员: 陈博士。</p><p><span style=""text-decoration: underline;"">实验SCP-1247-E2-C-01</span><br />实验对象：鸡肉片。<br />实验过程：SCP-1247被要求在不与其进行直接接触的情况下将一副面具戴在希安·拉博夫的脸上。<br />实验结果：SCP-1247成功达成任务要求。当SCP-1247放开面具后，面具保持在了鸡肉片正上方的空中。当SCP-1247停止观察后，其二级异常效应停止了对鸡肉片的影响，面具掉在了地上。</p><p><span style=""text-decoration: underline;"">实验SCP-1247-E2-C-02</span><br />刺激物：一个无杀伤力发射物被向SCP-1247发射，使得它会被马匹的臀部阻挡，但不会被感知到的希安·拉博夫阻挡。<br />实验结果：发射物被马匹臀部阻挡。SCP-1247声称看见希安·拉博夫“瞬间移动”到了碰撞位置以阻挡发射物。</p><p><span style=""text-decoration: underline;"">实验SCP-1247-E2-C-03</span><br />刺激物：两个无杀伤力发射物被同时发射，使得其中一个会被马匹的臀部阻挡，另一个会被同一匹马的颈部阻挡，但二者都不会被感知到的希安·拉博夫阻挡。<br />实验结果：结果与上一实验结果相似。报告称希安·拉博夫几乎瞬间移动到了特定位置以阻挡发射物。</p><p><span style=""text-decoration: underline;"">实验SCP-1247-E2-C-04</span><br />刺激物：一片水雾被从一个水管中发射出，使得其大部分喷洒面积会被一匹马的身体阻挡，但不会被感知到的希安·拉博夫阻挡。<br />实验结果：希安·拉博夫留在了原位，水雾则被一个隐形，形状为一匹马的障碍物阻挡。</p><hr /><p><span style=""text-decoration: underline;""><strong>三級效应实验</strong></span></p><p><strong><span style=""text-decoration: underline;"">实验SCP-1247-E3-A</span></strong></p><p><strong>实验目的：</strong>建立对SCP-1247三級效应的基础了解。<br /><strong>实验人员：</strong>张博士 / 陈博士。</p><p><span style=""text-decoration: underline;"">三級效应确认过程</span><br />SCP-1247的三級效应在一次例行心理会诊中被发现。SCP-1247被展示了一系列抽认卡，卡上印有多种动物与非动物生物的图片。当被展示一张羊肚菌的图片时，SCP-1247感知到了一张空白的卡片。</p><p><span style=""text-decoration: underline;"">实验SCP-1247-E3-A-01</span><br />刺激物：活体羊肚菌。<br />感知结果：SCP-1247无法感知到刺激物。</p><p><span style=""text-decoration: underline;"">实验SCP-1247-E3-A-02</span><br />刺激物：活体羊肚菌。实验人员使用外科手术刀将菌菇切成多个小块。<br />感知结果：SCP-1247无法感知到刺激物。SCP-1247显现出不适，并声称有轻微头疼。</p><p>实验SCP-1247-E3-A-03<br />刺激物：切成小块的羊肚菌。实验人员试图引燃菌菇块。<br />感知结果：SCP-1247展现出显著的不安感（开始尖叫）。一个不明力将菌菇推离实验人员。SCP-1247失去知觉并倒在地上，其头部撞在了墙上。SCP-1247被从实验场地内移除，并计划将进行一次核磁共振/CT扫描。</p><p><span style=""text-decoration: underline;"">核磁共振/CT扫描结果</span><br />SCP-1247没有受到伤害。但是，光谱测定结果显示其脑部的外来菌类生物似乎向SCP-1247脑部深处进行了扩张。该菌类生物目前占据了SCP-1247脑部██%的空间。</p><p>对SCP-1247的三級效应进行的实验被无限期终止。SCP-1247现在需要永久性穿戴一顶加护垫防护头盔。</p></div>"
/exploration-log-1689-i,探索日志 1689-I,event,discovery_report,"<div style=""min-height:600px&quot;""><p><em><strong>开场白：</strong>探索任务1689-1安排在201█年8月8日，由一支由队长Cameron Wells率领的4人小组进行。小组被第二次告之他们即将到来的新任务。详情见文件Mission 1689-I Equipment Manifest。</em></p><p><strong>任务日志，队长Wells：任务前6天</strong><br />他们告诉我今天我要带领Fredrick，Carlen，和Xander进入一麻袋土豆中。</p><p>好吧。</p><p>很显然它们里面更大或它是个微型维度或它是个传送门或什么东西，通向某个都是土豆的地方。这个时候，什么都惊不到我了。</p><p>哦，这该是个官方记录，所以我该称呼他们为特工Meryle，Ozols，和Petersons。不过没人会看这个的，所以我也不用这么做。</p><p><strong>任务日志，队长Wells：任务前1天</strong><br />他们把其他装备也给了我们，并让我们在明天准备好。计划是在中午进入。</p><p>实验室制作了这种超酷的液体给我们用。这是某种酸或酶可以把土豆溶解成淀粉糊。这就会变成某种下水道，不过然后它们会某种程度上变硬，使其成了很好的隧道外壁。事实上这个东西作用起来很快，而我们得穿上皮肤保护装备好让它不至于作用到我们身上。装上喷雾嘴后我们可以在土豆中直接挖出一条路来。</p><p><strong>任务日志，队长Wells：任务当天</strong><br />很高兴他们在SCP-1689的另一边清理出了一小块空间，用三合板做成的。这当然很奇怪，爬到一个袋子里然后从一个完全不同的房间出来，不过再说次，没什么能惊到我。我们事实上没马上看到任何土豆。当我们打开挖掘门然后是的，土豆之墙。上面，前面，下面都是土豆。我们决定径直向前挖出一个2米X2米的隧道。罗盘在这没用，不过我们很难迷路因为可以通过无线电信号找到路回去。</p><p><strong>任务日志：队长Wells：第1天</strong><br />挖掘工作很慢；我们一小时能清出约30米。这听上去很慢，不过这是120立方米的土豆，而如果我们够努力可以清理出一公里。而这也没那么难；我们两个喷雾，两个把淀粉糊挖开。每过一百米我们就竖起一些支撑梁。无论谁发明的这种酶绝对是个天才。</p><p><strong>任务日志：队长Wells：第2天</strong><br />上帝我恨这东西的气味。我事实上很喜欢土豆的味道，不过因为酶的关系这个地方闻起来像呕吐物。我已经受够了。擦。</p><p><strong>任务日志：队长Wells：第5天</strong><br />今天我们意外把酶掉到了地上，然后我们在1米之下发现了混凝土地板。指挥部非常震惊；他们大概是第一次发现除了土豆之外的东西。帅。</p><p>我们决定在地板上开始工作。这不太简单，不过有稳固的地面太好了。</p><p><strong>任务日志：队长Wells：第8天</strong><br />你知道词语“spud（马铃薯）”是因为你需要用“spade（铁锹）”挖出个洞来种它才出现的么？Carlen知道。然后她让<em>我们</em>都知道了。然后她在我们挖掘的一整天里都在重复“spud”这个词。<em>Sigh</em>（叹气）。</p><p><strong>任务日志：队长Wells：第9天</strong><br />让特工干这个也够呛。他们为什么不派D级来干这个？</p><p><strong>任务日志：队长Wells：第11天</strong><br />明天我们就要靠自己了。每几天补给我们一次效率太低了，所以指挥部给我们提供了两个月的MRE（美军用军粮）和足够用那么久的装在水箱里的酶。若我们在那之后什么都没发现，他们说会放弃任务。很显然我们还有无线电联系。</p><p><strong>任务日志：队长Wells：第12天</strong><br />只和小组呆在一起很不错。在晚上，几乎就和露营一样。是的，在一个怪异的，用土豆做成的洞穴中露营。</p><p><strong>任务日志：队长Wells：第16天</strong><br />很意外，发生了有趣的事情。我们今天发现了一堵墙。是用和地板一样的材料做成的。地基，不是淀粉。混凝土。它和我们的隧道垂直相差20度。指挥部让我们沿着走，反正也不会有其他有趣的事情了。</p><p><strong>任务日志：队长Wells：第19天</strong><br />在混凝土地板和墙壁后，今天Fredrick思考并确定了，混凝土天花板。一直都在我们头上3米处。<br />这意味着我们一直都在一个建筑里。一个巨大的建筑。如果我们能测绘它，我们可能会找到出口，并发现这个土豆地狱在哪个世界。</p><p><strong>任务日志：队长Wells：第28天</strong><br />Xanders在说马-铃-薯！我个擦。我好像一直到现在都没听他说过？四个星期了，被土豆所包围，他一直没说这词直到现在。他是第一个我见过的一字一顿那么说那个词的人。</p><p><strong>任务日志：队长Wells：第36天</strong><br />我们沿着墙已经走了很长时间了。Xander认为这哪都不通，不过Fredick想要继续。指挥部听从了我，好吧……我不想之前一个月没有意义。我们至少还要继续前进三公里。</p><p><strong>任务日志：队长Wells：第38天</strong><br />今天我们决定在墙上炸个该死的洞。</p><p>Carlen的背包里有炸药（天知道为什么），所以为什么不呢。这墙哪都不通。</p><p>我们都站开，避开冲击波。花了很长时间来清理那些土豆泥，不过我们成功炸出一个三米的大洞。</p><p>猜猜对面是什么。</p><p>土豆。</p><p><strong>任务日志：队长Wells：第39天</strong><br />我们开始从炸开的洞挖，并终于发现不同了，外面。很明显是外面：地面肮脏而且有枯死很久的草。这意味着不是在地球上的任何地方。我认为这个建筑是某种巨型仓库。</p><p>我们在引爆炸药之后一直听到某种模糊的隆隆声。Xander因为这个疑神疑鬼，不过到目前为止，什么都没发生。</p><p><strong>任务日志：队长Wells：第43天</strong><br />这些土豆堆了多高？如果我们在外面，那这里就没有垂直净空。所以这一直堆到大气层？是不是整个<em>宇宙</em>都是土豆？</p><p>想起来我们在外面是很奇怪的。这和建筑里面感觉没啥不同。感觉就像我们在地下，好吧，我们确实在地下。土豆构成的土地。</p><p><strong>任务日志：队长Wells：第44天</strong><br />我们发现了一颗真正的树！一颗枯死的，被土豆所包围，虽然如此，不过确实是长在地上的一棵树。我们得对它小心点，因为酶会吞噬它，我们成功挖出了它。它的枝杈很奇怪，分成完美的三十度，不过整体看来很普通。实验室让我收集了一块树皮样本。它让“外面”的现实彻底成真。这到底<em>是</em>哪？</p><p><strong>任务日志：队长Wells：第48天</strong><br />Xander正在担心我们听到的隆隆声，所以他回去查看。发现，我们隧道约有百米多塌陷了。</p><p>指挥部也不知道。他们说他们开始从另一边把我们挖出来，我可以决定是否继续挖。Fredrick和Carlen想要继续，所以我们继续，听Xander抱怨。“我可不是为这种破事签约的。”是啊，管他呢。基金会招募你的时候也不会知道你将会进入土豆的领域（The Realm of Taters）。这不是那种会写在你的细则里的东西，只是以防万一。</p><p><strong>任务日志：队长Wells：第51天</strong><br />我们继续找到更多奇怪的破烂。Fredrick发现了这辆扭曲的自行车，他兴奋极了。我知道因为有建筑这里一定有人类，不过直到我看到自行车我才又想起来。上帝。</p><p><strong>任务日志：队长Wells：第55天</strong><br />擦。我真是个运气差的队长。</p><p>今天又有一次塌方。一次巨大的塌陷。我们差点被压碎了，不过我们总算在树枝下找到了安全的避难所。</p><p>这次我们和指挥部失去了联系。我们仍能收到模糊的无线电信号，不过静电太严重无法通信。很显然，我下令返回，不过我们还不知道有多严重。这可能要用掉几个星期来挖出去。</p><p>擦。我早该返回的。</p><p><strong>任务日志：队长Wells：第62天</strong><br />Fredrick今天告诉我们应该招募一个爱尔兰人。我告诉他他就是个渣渣。他今天为此轻声笑了一天。真是个渣渣。</p><p><strong>任务日志：队长Wells：第65天</strong><br />我们的补给正在耗尽。Xander吓坏了并说我们要挨饿了，直到我告诉他他就是个蠢货。</p><p><strong>任务日志：队长Wells：第67天</strong><br />我们真该带个该死的香料包。Carlen的背包里事实上还有烹饪设备（天知道为什么），所以我们可以用各种方法烹制土豆。不过这还是土豆。我的味蕾开始罢工了。</p><p>这简直没完没了。</p><p><strong>任务日志：队长Wells：第68天</strong><br />很难清出我们之前挖出的隧道。我们直接挖向袋子可能会快点。明天我会告诉小组开始挖新隧道。</p><p><strong>任务日志：队长Wells：第69天</strong><br />擦。</p><p>我们今天耗尽了酶。我都没想过这可能发生。我们有一堆容器，而我都没注意到补给减少。擦。擦擦擦。</p><p>好吧，好消息是我们回到了之前的建筑里。这意味着我们可以自己挖出路来，因为有天花板。从底部到顶部有五米，很难想象我们能挖出一个比一米五更窄的隧道。这会很慢，不过我们会到那的。</p><p>真正的挖掘问题是空间。我们去哪丢弃土豆？最好的方法就是我们身后五米，所以我们在建筑里移动时就像个小小的气泡。</p><p>这会花费很长时间，不过我事实上不知道我们首先耗尽的是什么。食物到处都是。而且事实上里面水分充足。尽管氧气开始变得陈腐了。我不知道有多少（空气）充满了土豆之间的缝隙。</p><p>我甚至不知道如何激励士气。我告诉所有人指挥部可能已经在另一端挖掘了，并会找到我们，不过他们都很沮丧。这本该是个顶多65天的任务。</p><p>Fredrick说了个有关词语“tuber（块茎）”的笑话。我不太记得了。反正很蠢就是了。</p><p><strong>任务日志：队长Wells：第70天</strong><br />也许这是因为我们在溶解它们，有什么我们没注意到的事发生了。土豆看上去很恶心。它们上面的那些凸起开始缓慢扭曲，生长。简直令人生厌，但那是我们唯一的食物。</p><p><strong>任务日志：队长Wells：第71天</strong><br />我恨土豆的气味。我把呕吐物咽了回去，只剩气味。擦。</p><p><strong>任务日志：队长Wells：第72天</strong><br />该死的更小了。我们的气泡空间因为该死的土豆更小了。</p><p>我们的区域没有精确的尺寸，或别的什么。不过Carlen是第一个在我们醒来时提到的，然后忽然被我们每个人察觉到了。整个区域收缩了有10立方公尺。我了个擦。</p><p><strong>任务日志：队长Wells：第73天</strong><br />我今天注意力高度集中。那些恶心的凸起？它们很快变大。而当它们有一个土豆那么大时，就分裂开。这就是所有土豆的来源。</p><p>我们的区域今天更小了。</p><p><strong>任务日志：队长Wells：第74天</strong><br />我们的空间和时间都在耗尽。没有足够的空间来工作了；我们在挖掘时手肘和手臂都磕磕碰碰的。</p><p>幹你馬鈴薯。幹你薯仔。幹你洋芋。幹你山藥蛋。幹你番仔薯。我發誓，它們會在我睡覺時殺了我，土豆會他媽的卡在我的喉嚨。</p><p><strong>任务日志：队长Wells：第75天</strong><br />Xanders整天都在發牢騷，閉嘴啦。我也討厭黑暗。我們都討厭黑暗，全部人都討厭黃中帶啡的土豆和無味道的食物好麼？<strong>好麼</strong>？</p><p>我不能對隊伍大罵。我把這些都留在心裡。我是隊長。隊長Wells，土豆指揮官。我把情緒藏在一起，全都發洩在這他媽的日誌中。</p><p><strong>任务日志：队长Wells：第76天</strong><br />我呼吸不了。我他媽的呼吸不了，已經沒地方可以挖掘了幹幹幹</p><p><strong>任务日志：队长Wells：第78天</strong><br />我覺得自己是在某個呼了氣的人的肺裡呼吸，就只剩下二氧化碳。我們在工作時都沒人能夠說話。</p><p>我們在這星期裡死定了。因土豆而死。</p><p><em><strong>结语：</strong>在201█年11月3日，任务队长Wells和特工Ozols，Meryle，和Petersons與第二探索小隊聯繫上。雖然他們飽受氧氣不足和惡化的精神狀態所折磨，但所有隊員在三星期內均完全康復。隊長Wells拒絕書寫任務後的總結。</em></p></div>"
/incident-i-j77-82,事故I.J77.82,event,event_report,"<div style=""min-height:600px&quot;""><p><strong>事件 I.J77.82</strong></p><p><strong>涉及SCP：</strong> <a href=""/scp-253"">SCP-253</a></p><p><strong>前言</strong>：在██/██/████，基金会发现一场严重事件使得某个医院以埃博拉病毒爆发为掩饰被完全隔离。这是由于与医院相关的异常电磁现象的报告，该报告通过非正式途径传递，最终到达基金会。考虑到其他组织可能与此相关，基金会派遣█████████████████████████去调查状况。在18：00，特遣队的一支渗入小组进入██████████████医院。</p><p><strong>地点调查总结：</strong> 对电磁波谱的调查表明医院正在放出电磁能。对信号的分析显示出一个能量恒定，持续时间在29.2和45.1秒之间的脉冲。该脉冲之后是一个持续2.3至11.2秒的发射暂停。该脉冲的能量主要集中在三个频段——82%在超高频无线电频段，11%在超低频无线电频段，7%在以1.2THz为中心的频段。超高频脉冲最初对地点调查队伍的天线连接产生干扰，但队伍迅速找到了解决方法。</p><p>红外光谱上的辐射峰表明建筑中温度约为40摄氏度（100华氏度）。</p><p>地震波调查未得出明确结论。</p><hr /><p><strong>音频记录</strong>：</p><p><em>记录开始于██/██/████ @ 18:02:03</em><br />A57：该建筑能源已切断，确认完毕。<br />A34：行动确认。该建筑已物理上与电网断开。<br />A57：灯怎么还亮着？<br />G01：我们不是来乱猜的——只要弄明白为什么会这样就好，然后活着撤退。<br />A29：妈的，热死了。<br />G01：上头的那些家伙实际早就知道会这样。我们只要进行有限的行动就好，免得疲劳、过热和脱水之类的事情发生。<br />A12：你们感觉到了吗？地板那里有什么不对劲……<br />G01：什么意思？<br />A12：请求调查。<br />G01：A57，A34，检查视野，确认我们处境安全。<br /><em>（停顿）</em><br />A34：确认。<br />A57：确认。<br />G01：请求许可。<br />A12：某种震动正通过地板传导过来。<br /><em>（123秒的无关内容未被记录）</em><br />A12：它……断断续续的。三十到四十秒的震动，之后停五到十秒。<br />G01：好的。我们再往里走。</p><p><strong>附录：</strong> 调查表明在被从电网隔断之前，该建筑实际上在往电网里输送能量。</p><p>该地点外部的地震波感应器并未感应到震动，即使观察到了大量人形物体在建筑中移动。</p><p><em>记录开始于 ██/██/████ @ 18:12:42</em><br />A29：我在十点方向发现感染者！<br />A48：我也是！<br />G01：没有表现出敌意……看着他们就好。<br />A29：天哪。他们的脸怎么了？<br />G01：我们会在撤退的时候取样的。现在，先调查完第一层然后想办法去第二层。A12，记录一下？<br />A12：正在检查接触到的东西。对象似乎是人类，还有某种……肿瘤长满了他们全身。这些感染者都待在一个地点，不过还在前后晃动。我在他们眼睛没被肿块盖住的部分只能看到巩膜。<br />G01：A34？<br />A34：这些房间似乎都是空的，一团糟。有些床被一些……棕色的液体覆盖着。地板上也可以看到这些液体。<br />A12：看上去似乎……感染者头上的灯更亮一些。</p><p><strong>附录：</strong>在摧毁与消毒该调查场所的要求下达之前未能取得“棕色液体”的样品。</p><p><em>记录开始于 ██/██/████ @ 18:16:42</em><br />G01：我们往台阶移动，准备开通往二楼的门。A34？<br /><em>（记录中可听到低沉的撞击声）</em><br />A34：走廊没照明。差不多一片黑。打开手电。天哪。<br />G01：你看到什么了？<br />A34：他们……到处都是。他们正填满走廊。他们正发出……某种声音。<br /><em>（记录中可听到低沉而空洞的呻吟，其音量持续增强）<br />（从这一时刻开始，记录中出现数次杂音）</em><br />G01：…退，撤…<br />A34：他们正在接…<br />G01：退…后…退后！<br />A34：妈…的。<br /><em>（背景音中杂音持续）</em><br />G01：再说一遍A34。有干扰我听不到你说什么。<br />A34：它们中的一个碰到了我。<br />G01：我们在接待处重组队伍，A34。你正式从任务中被移除。<br />A34：是，长官。前往接…<br />未知来源：[无法分辨]<br />G01：再说一遍？我没听清。<br />未知来源：[无法分辨]<br />G01：A34？A34，快回答！<br />G01：全队都有！点名，用手势应答！<br />A12：A12准备战斗。<br />A29：A29准备战斗。<br />A48：A48准备战斗。<br />A57：A57准备战斗。<br />G01：G01准备战斗。<br /><em>（停顿）</em><br />G01：好吧。A34已失踪。我们前进到接待处。</p><p><em>记录开始于 ██/██/████ @ 18:20:27</em><br />A29：这啥鬼？<br />G01：妈的，A29，如果你打算对什么做出反应，描述一下好记录！<br />A12：接待处被之前的棕色液体覆盖。它拼出了几个词。“来自先祖。”还有几个符号，显示出智能的迹象。A48正在拍照。<br />A57：六点方向！他们来了！<br />G01：防御准备！有办法逃到们那里吗？<br />A57：有几个感染者挡在路上。他们似乎不打算接近我们，只是晃来晃去。<br />G01：我们就从那里撤退。A12？怎么了，A12？<br />A12：<em>（小声地）</em>他们对他们的脸做了什么。<br />G01：你在说什么……天哪。A48，给那拍一张照片。<br />A48：这也是一种用解剖刀的方法。等一下，那条项链是用牙齿做的？<br />A29：操，操，操。<br /><em>（武器射击声）</em><br />G01：停止射击！Perchand，停止射击！Eric！<strong>注：</strong>A12叫Eric Perchand。<br /><em>（记录中杂音增加）</em><br />A12：对不起。真的对不起。<br />G01：[无法分辨]<br />A34：[无法分辨]<br />A57：[无法分辨]<br />A12：我希望这能给你解脱。<br /><em>（一瞬的大型爆炸声，之后记录被截断）</em><br />A29：他自爆了！？<br />G01：这不重要。它们正在靠近。我们得出去。随意攻击。<br />A57：是，长官！<br /><em>（静电干扰持续37秒）</em><br />未知来源：在史前时代，生命的本源在黑暗中等待。它的子孙背离了它。现在，一切将归于本源。</p><p><strong>附录：</strong>在此时刻后，记录的其它部分无法恢复。A29，A57和G01从医院里逃了出来。由于似乎数个被感染的宿主正打算从建筑中逃出，在数分后实行了消毒协议。</p><p>渗入队伍的三名幸存者被隔离，从他们身上获得了<a href=""/scp-253"">SCP-253</a>的样本。虽然尝试了治疗，但他们均未活过五天。</p><p>A48在撤退中牺牲，不幸的是，他的相机未能回收。虽然当时正使用无线备用协议，但医院中的失真效应意味着在Incident I.J77.82中回收到的大部分图像证据是零碎的。</p><p>A48和A34的尸体被找到了，均严重烧伤。A12的遗体未能回收。发现了其他人类的遗体，但没有可识别的<a href=""/scp-253"">SCP-253</a>的迹象。消毒后的地点已被确认除去了所有<a href=""/scp-253"">SCP-253</a>的痕迹，且会在此事故报告放出之后六个月解除基金会的监视。</p><hr /><p><strong>事件报告 I.J77.82结束</strong></p></div>"
/277interview,采访记录 277-A,event,interview,"<div style=""min-height:600px""><p><strong>被采访者：</strong>特工Davis<br /><strong>采访者：</strong> A███博士<br /><strong>&lt;开始记录&gt;</strong></p><p><strong>A███博士：</strong>好的，那么。请从你第一次是在哪里看到<a href=""/scp-277"">SCP-277</a>-██开始。</p><p><strong>特工Davis：</strong>嗯，我当时正走去一家当地的小餐馆，快到地方的时候我看到一群它们穿过街道。</p><p><strong>A███博士：</strong>如果你能想起来尽可能多的细节的话会有帮助些，Davis。</p><p><strong>特工Davis：</strong>他们当时的形状是，呃，兔子。他们中的大部分都是这样，因为某些理由。在一个小时内这里的小孩常客的图像从宇宙飞船变成了魔法豆茎，但我看到的素描风格出现的只有兔子。它们在十字路口挤成一团，看着川流的行人和车辆，我觉得。它们没怎么移动，也不想其他草图一样玩——当时有人招呼它们，草图——它们主要是互相看看。</p><p><strong>A███博士：</strong>你不怕他们吗？</p><p><strong>特工Davis：</strong>什么？不会。是这样，它们当时看起来非常普通，他们没有做任何实际敌对的举动，这简直是把人畜无害写在了脸上。</p><p><strong>A███博士：</strong>我记下了。请继续。</p><p><strong>特工Davis：</strong>嗯，好的。我从它们旁边走过后，听到背后有一个孩子的尖叫声。一个小女孩，大概八岁，当我路过时还在和自己的图画玩，一个有翅膀的玩意。所以我转过身，看到看到那种兔子在她的图画上，我从未见过有什么东西移动的那么快，然后它……我觉得最接近的描述是吞噬（consuming），这个女孩被以某种形式吞噬了。我很难描述我起初看到了什么，就像是空气中的一大团潦草的涂鸦。我及时扶住了女孩没让她的头被地面磕伤，但对她并没什么帮助，我不是医生。之后更多的兔子碰到了其他图画，而这些图画，也一样，被撕碎了，孩子们也尖叫了起来。这件事就和我得到的文档一样，发生在了镇子各处，是吗？</p><p><strong>A███博士：</strong>是的。</p><p><strong>特工Davis：</strong>我【不文明用词】向那玩意射击，不过当然没什么帮助。我真不知道我当时为什么那么做。他们现在都昏迷了，不是吗？那些孩子？</p><p><strong>A███博士：</strong>是的。我觉得这就是全部了，Davis特工。</p><p><strong>特工Davis：</strong>还有一件事。</p><p><strong>A███博士：</strong>是什么？</p><p><strong>特工Davis:</strong>我能否提出离开SCP-277项目的请求？</p><p><strong>A███博士：</strong>你已经被再分配到了SCP-███。</p><p><strong>特工Davis：</strong>谢谢，再见，博士。</p><p><strong>&lt;记录结束&gt;</strong></p></div>"
/91903,SCP-CN-919,event,addon,"<div style=""min-height:600px&quot;""><div class=""wiki-note""><p><strong>提示：</strong>您正在查看的是本文档的已归档第三版本。若要查看最新版本，请参阅<a href=""http://scp-wiki-cn.wikidot.com/scp-cn-919"">此处</a>。</p></div><p><strong>项目编号：</strong>SCP-CN-919</p><p>项目等级：<span style=""text-decoration: line-through;"">Euclid</span> <span style=""text-decoration: line-through;"">Keter</span><span style=""color: red"">Apollyon</span></p><p><strong>特殊收容措施：</strong><span style=""text-decoration: line-through;"">SCP-CN-919目前被收容于Site-CN-██的标准人形收容室内。 由于项目的异常性质及其潜在价值<span style=""color: blue"">SCP-CN-919-3的潜在威胁性</span>，应尽可能<span style=""color: blue"">在任何情况下，必须</span>保证其生命安全与精神状态良好。对SCP-CN-919-1的研究与实验需在得到至少一名3级以上权限人员许可的情况下，在不少于二名安保人员与一名3级人员的监视下进行。<span style=""color: blue"">对项目的任何实验被无限期暂停。收容室外应时刻配备不少于两队安保人员。任何人员不得在未经5级权限许可的情况下进入收容室。</span></span></p><p><span style=""text-decoration: line-through;""><span style=""color: blue"">目前阶段应全力维持SCP-CN-919-3的收容状态。若出现特殊收容突破。应立刻启动协议CN-919-Ozyma，具体包括[以下内容限5级权限查看]。</span></span></p><p><span style=""color: red"">在事故CN-919-Omega后，SCP-CN-919已确认收容失效。协议CN-919-Ozyma已被启动。</span></p><p><strong>描述：</strong>SCP-CN-919为一名黄种中年男性。除了其背部的SCP-CN-919-1外，项目在生理结构和精神状态方面与普通人类无异。</p><p>SCP-CN-919-1为SCP-CN-919背部的图案，与基金会标志设计相一致，在通常情况下会散发出微弱光线。检测结果表明，SCP-CN-919-1内包含有一平行现实，被编号为CK████，（也称为SCP-CN-919-2）。尚不清楚该平行现实如何被容纳于SCP-CN-919-1内。任何生物与物体可通过与SCP-CN-919-1接触，并经由SCP-CN-919的意识操纵而进入SCP-CN-919-2。但目前尚未发现从SCP-CN-919-2返回当前现实的方法。</p><p>SCP-CN-919<span style=""text-decoration: line-through;"">自称</span>为来自SCP-CN-919-2，22██年地球的基金会3级人员，语言专家顾██。<span style=""text-decoration: line-through;"">由于项目所掌握的各类资料及其配合的态度，该说法可信度较高。</span>根据SCP-CN-919的陈述，SCP-CN-919-2内的地球<span style=""text-decoration: line-through;"">正在</span><span style=""color: blue"">已经</span>经历一场XK级世界末日，<span style=""color: blue"">后续情况尚未可知。</span>导致该情景的实体<span style=""text-decoration: line-through;"">可能</span>为一VIII级以上的现实扭曲实体，被编号为SCP-CN-919-3。<span style=""text-decoration: line-through;"">对SCP-CN-919-2的有人探索正计划进行。</span><span style=""text-decoration: line-through;""><span style=""color: blue"">在探索行动SCP-CN-919-Alpha后，项目的收容措施和描述被更新。任何进一步探索行动计划都将被无限期停止。</span></span></p><p><span style=""text-decoration: line-through;"">SCP-CN-919-3为一VIII级以上的现实扭曲实体，外观为一巨型球体，表面覆盖未知物质，具有极高的智慧并对任何形式的生命形态表现出强烈敌意，且拥有跨越平行现实的能力。目前通过SCP-CN-919-1得以被暂时收容于SCP-CN-919-2内。但据信在████日内，实体将有能力进入当前现实，并[数据删除]。</span></p><p><span style=""text-decoration: line-through;"">SCP-CN-919于20██年██月██日出现在Site-CN-██的入口，安保人员将其视作误闯平民，并试图执行记忆删除程序。但项目展示了权限证明并说出了包括[数据删除]在内的多项机密，随后基金会高级人员与其接触并在初步了解了项目异常性质后将其收容。</span></p><p><span style=""color: red"">目前SCP-CN-919-3已突破收容，据观测正[数据删除]。协议CN-919-Ozyma已被启动，但[已编辑]。SCP-CN-919 已经失去行踪。目前应不惜一切代价寻回SCP-CN-919 ，以达成对SCP-CN-919-3重收容的目的。</span></p><p>有关于SCP-CN-919-2和SCP-CN-919-3的更多详细资料，请参阅文档SCP-CN-919-Delta和CN-919-Gamma。</p><p><span style=""color: red"">[以下内容仅限5级权限人员查看]</span></p><div class=""collapsible-block""><div class=""collapsible-block-folded""><a class=""collapsible-block-link"" href=""javascript:;"">+ 附录：事故记录CN-919-Omega：</a></div><div class=""collapsible-block-unfolded"" style=""display:none""><div class=""collapsible-block-unfolded-link""><a class=""collapsible-block-link"" href=""javascript:;"">– hide block</a></div><div class=""collapsible-block-content""><p>20██年██月██日，SCP-CN-919突然痛苦地蹲在收容室的地板上，并脱下了上衣，露出背部的SCP-CN-919-1，之后[数据删除]，SCP-CN-919和SCP-CN-919-3均突破收容，Site-CN-██被毁。 <span style=""color: red"">协议CN-919-Ozyma被启动。</span></p></div></div></div><br /><div class=""collapsible-block""><div class=""collapsible-block-folded""><a class=""collapsible-block-link"" href=""javascript:;"">+ O5议会有关目前状况的留言：</a></div><div class=""collapsible-block-unfolded"" style=""display:none""><div class=""collapsible-block-unfolded-link""><a class=""collapsible-block-link"" href=""javascript:;"">– hide block</a></div><div class=""collapsible-block-content""><blockquote><p>听着，我知道你们很多人已经陷入绝望之中。是的，SCP-CN-919-3已经突破收容了。并且现在还在[已编辑]上空飘荡。但我们不能就这么放弃。协议CN-919-Ozyma已经启动了，我们很快会获得成果。对SCP-CN-919-3的重收容一定会完成。我们是SCP基金会，我们会阻止这一切。我希望员工中间的恐慌情绪能减少，否则我们自然会有处理手段。此外，如果有人能给出合理的提案，我们很乐意采纳。</p><p>控制，收容，保护<br /></p><div style=""text-align: right;""><p><em>O5-13</em></p></div></blockquote><p><span style=""color:white"">他们怎么会有办法？比他们先进200年的都失败了^你以为他们能想出什么办法？真是滑稽的末日。</span></p></div></div></div><br />关于本文档的下一版本，请参阅<a href=""http://scp-wiki-cn.wikidot.com/91904"">此处</a>。</div>"
/document-096-1,文件#096-1,event,lab_record,"<div style=""min-height:600px&quot;""><p><strong>实验096-1的文件记录#096-1</strong></p><p><em>实验096-1由Dan博士主持，目的是在获取完整的<a href=""/scp-096"">SCP-096</a>身体特征描述的同时测试SCP-096的能力。</em></p><p><em>D-9031是一名32岁的已定罪重刑犯，也是一位前纹身艺术家。D-9031被安置在球形潜水舱303-A中，之后潜水舱沉入新西兰海岸附近的汤加海沟。该位置距Site ██内SCP-096的临时收容单元约███公里。以下内容记录自球形潜水舱303-A内的视频监控，为潜水舱和丹博士在新西兰本土上的控制站之间的交流。</em></p><p><em>球形潜水舱303-A到达最终深度10^800米处。</em></p><p><strong>D-9031：</strong>停下来了。现在干嘛？</p><p><strong>Dan博士：</strong>你感觉还好吗？没觉得恶心什么的吗？</p><p><strong>D-9031：</strong>我耳朵疼。</p><p><strong>Dan博士：</strong>那是正常现象。现在，你左边应该有一个钢制容器。打开它，里面有一个装着几张照片的马尼拉纸文件夹。请打开文件夹，描述第一张照片。</p><p><em>D-9031照做了。摄像机的位置正好使照片不可见。</em></p><p><strong>D-9031：</strong>什么都没有。一个空房间。</p><p><strong>Dan博士：</strong>谢谢你。请把这张照片正面朝下放到你右边的容器里，然后看下一张。</p><p><strong>D-9031：</strong>同一个房间，但是……有只脚在里边，我觉得。</p><p><strong>Dan博士：</strong>请描述它。</p><p><strong>D-9031：</strong>呃……苍白，皮包骨头。说实话有点吓人。</p><p><strong>Dan博士：</strong>把照片放进容器，正面朝下，再看下一张。</p><p><strong>D-9031：</strong>Ok……[停顿]我操！</p><p><strong>Dan博士：</strong>描述照片。</p><p><strong>D-9031：</strong>这是个……我说不准，一个怪可怕的人。</p><p><strong>Dan博士：</strong>请描述照片。</p><p><strong>D-9031：</strong>见鬼了。他惨白惨白的，白眼睛，他妈的嘴巴也不对劲。这鬼东西到底是个啥？</p><p><em>此刻，大约是标准时间13:32，Dan博士和实验控制处接到了SCP-096突破收容的通报。通往SCP-096-1的最快路径已清除平民和其他图像捕获设备。SCP-096现正通过发信项圈由卫星追踪。</em></p><p><strong>Dan博士：</strong>你的右边应该有另一个钢制容器。打开它。</p><p><strong>SCP-096-1：</strong>是一个便笺簿和一支铅笔。</p><p><strong>Dan博士：</strong>是的。请画出你看到的照片的速写。</p><p><em>SCP-096-1小声骂了一句，用接下来的二十分钟画出了照片的速写。速写完成时，确认SCP-096距离SCP-096-1███公里。</em></p><p><strong>SCP-096-1：</strong>画完了。</p><p><strong>Dan博士：</strong>很好。把画放到你左边的容器里，关上门。</p><p><em>SCP-096-1照做了，速写装在一个防水可漂浮容器中并离开了球形潜水舱303-A。其它照片随后在舱内的焚化炉内被焚毁。</em></p><p><strong>SCP-096-1：</strong>现在呢？</p><p><strong>Dan博士：</strong>请待命。</p><p><em>四十分钟过去了。现确认SCP-096位于SCP-096-1的所在地，正在下潜。应答器信号在9^339米深处因水压超过了设备的操作极限而中断。摄像机显示潜水舱轻微晃动。从SCP-096-1的反应来看，推测SCP-096正处于舱体上并能从观察孔看到。</em></p><p><strong>SCP-096-1：</strong>我操！操操操！见鬼那是啥？！</p><p><em>视频和音频传输因为球形潜水舱303-A的舱体被打破而中断。SCP-096由水面回收组Foxtrot-303-A平安回收。SCP-096的速写亦被回收，快速测试确认SCP-096未被激发敌意反应。</em></p><p><em>SCP-096被移至永久收容处，与此同时速写被送往新西兰的实验控制处。</em></p></div>"
/exploration-log-1689-i,探索日志 1689-I,event,discovery_report,"<div style=""min-height:600px&quot;""><p><em><strong>开场白：</strong>探索任务1689-1安排在201█年8月8日，由一支由队长Cameron Wells率领的4人小组进行。小组被第二次告之他们即将到来的新任务。详情见文件Mission 1689-I Equipment Manifest。</em></p><p><strong>任务日志，队长Wells：任务前6天</strong><br />他们告诉我今天我要带领Fredrick，Carlen，和Xander进入一麻袋土豆中。</p><p>好吧。</p><p>很显然它们里面更大或它是个微型维度或它是个传送门或什么东西，通向某个都是土豆的地方。这个时候，什么都惊不到我了。</p><p>哦，这该是个官方记录，所以我该称呼他们为特工Meryle，Ozols，和Petersons。不过没人会看这个的，所以我也不用这么做。</p><p><strong>任务日志，队长Wells：任务前1天</strong><br />他们把其他装备也给了我们，并让我们在明天准备好。计划是在中午进入。</p><p>实验室制作了这种超酷的液体给我们用。这是某种酸或酶可以把土豆溶解成淀粉糊。这就会变成某种下水道，不过然后它们会某种程度上变硬，使其成了很好的隧道外壁。事实上这个东西作用起来很快，而我们得穿上皮肤保护装备好让它不至于作用到我们身上。装上喷雾嘴后我们可以在土豆中直接挖出一条路来。</p><p><strong>任务日志，队长Wells：任务当天</strong><br />很高兴他们在SCP-1689的另一边清理出了一小块空间，用三合板做成的。这当然很奇怪，爬到一个袋子里然后从一个完全不同的房间出来，不过再说次，没什么能惊到我。我们事实上没马上看到任何土豆。当我们打开挖掘门然后是的，土豆之墙。上面，前面，下面都是土豆。我们决定径直向前挖出一个2米X2米的隧道。罗盘在这没用，不过我们很难迷路因为可以通过无线电信号找到路回去。</p><p><strong>任务日志：队长Wells：第1天</strong><br />挖掘工作很慢；我们一小时能清出约30米。这听上去很慢，不过这是120立方米的土豆，而如果我们够努力可以清理出一公里。而这也没那么难；我们两个喷雾，两个把淀粉糊挖开。每过一百米我们就竖起一些支撑梁。无论谁发明的这种酶绝对是个天才。</p><p><strong>任务日志：队长Wells：第2天</strong><br />上帝我恨这东西的气味。我事实上很喜欢土豆的味道，不过因为酶的关系这个地方闻起来像呕吐物。我已经受够了。擦。</p><p><strong>任务日志：队长Wells：第5天</strong><br />今天我们意外把酶掉到了地上，然后我们在1米之下发现了混凝土地板。指挥部非常震惊；他们大概是第一次发现除了土豆之外的东西。帅。</p><p>我们决定在地板上开始工作。这不太简单，不过有稳固的地面太好了。</p><p><strong>任务日志：队长Wells：第8天</strong><br />你知道词语“spud（马铃薯）”是因为你需要用“spade（铁锹）”挖出个洞来种它才出现的么？Carlen知道。然后她让<em>我们</em>都知道了。然后她在我们挖掘的一整天里都在重复“spud”这个词。<em>Sigh</em>（叹气）。</p><p><strong>任务日志：队长Wells：第9天</strong><br />让特工干这个也够呛。他们为什么不派D级来干这个？</p><p><strong>任务日志：队长Wells：第11天</strong><br />明天我们就要靠自己了。每几天补给我们一次效率太低了，所以指挥部给我们提供了两个月的MRE（美军用军粮）和足够用那么久的装在水箱里的酶。若我们在那之后什么都没发现，他们说会放弃任务。很显然我们还有无线电联系。</p><p><strong>任务日志：队长Wells：第12天</strong><br />只和小组呆在一起很不错。在晚上，几乎就和露营一样。是的，在一个怪异的，用土豆做成的洞穴中露营。</p><p><strong>任务日志：队长Wells：第16天</strong><br />很意外，发生了有趣的事情。我们今天发现了一堵墙。是用和地板一样的材料做成的。地基，不是淀粉。混凝土。它和我们的隧道垂直相差20度。指挥部让我们沿着走，反正也不会有其他有趣的事情了。</p><p><strong>任务日志：队长Wells：第19天</strong><br />在混凝土地板和墙壁后，今天Fredrick思考并确定了，混凝土天花板。一直都在我们头上3米处。<br />这意味着我们一直都在一个建筑里。一个巨大的建筑。如果我们能测绘它，我们可能会找到出口，并发现这个土豆地狱在哪个世界。</p><p><strong>任务日志：队长Wells：第28天</strong><br />Xanders在说马-铃-薯！我个擦。我好像一直到现在都没听他说过？四个星期了，被土豆所包围，他一直没说这词直到现在。他是第一个我见过的一字一顿那么说那个词的人。</p><p><strong>任务日志：队长Wells：第36天</strong><br />我们沿着墙已经走了很长时间了。Xander认为这哪都不通，不过Fredick想要继续。指挥部听从了我，好吧……我不想之前一个月没有意义。我们至少还要继续前进三公里。</p><p><strong>任务日志：队长Wells：第38天</strong><br />今天我们决定在墙上炸个该死的洞。</p><p>Carlen的背包里有炸药（天知道为什么），所以为什么不呢。这墙哪都不通。</p><p>我们都站开，避开冲击波。花了很长时间来清理那些土豆泥，不过我们成功炸出一个三米的大洞。</p><p>猜猜对面是什么。</p><p>土豆。</p><p><strong>任务日志：队长Wells：第39天</strong><br />我们开始从炸开的洞挖，并终于发现不同了，外面。很明显是外面：地面肮脏而且有枯死很久的草。这意味着不是在地球上的任何地方。我认为这个建筑是某种巨型仓库。</p><p>我们在引爆炸药之后一直听到某种模糊的隆隆声。Xander因为这个疑神疑鬼，不过到目前为止，什么都没发生。</p><p><strong>任务日志：队长Wells：第43天</strong><br />这些土豆堆了多高？如果我们在外面，那这里就没有垂直净空。所以这一直堆到大气层？是不是整个<em>宇宙</em>都是土豆？</p><p>想起来我们在外面是很奇怪的。这和建筑里面感觉没啥不同。感觉就像我们在地下，好吧，我们确实在地下。土豆构成的土地。</p><p><strong>任务日志：队长Wells：第44天</strong><br />我们发现了一颗真正的树！一颗枯死的，被土豆所包围，虽然如此，不过确实是长在地上的一棵树。我们得对它小心点，因为酶会吞噬它，我们成功挖出了它。它的枝杈很奇怪，分成完美的三十度，不过整体看来很普通。实验室让我收集了一块树皮样本。它让“外面”的现实彻底成真。这到底<em>是</em>哪？</p><p><strong>任务日志：队长Wells：第48天</strong><br />Xander正在担心我们听到的隆隆声，所以他回去查看。发现，我们隧道约有百米多塌陷了。</p><p>指挥部也不知道。他们说他们开始从另一边把我们挖出来，我可以决定是否继续挖。Fredrick和Carlen想要继续，所以我们继续，听Xander抱怨。“我可不是为这种破事签约的。”是啊，管他呢。基金会招募你的时候也不会知道你将会进入土豆的领域（The Realm of Taters）。这不是那种会写在你的细则里的东西，只是以防万一。</p><p><strong>任务日志：队长Wells：第51天</strong><br />我们继续找到更多奇怪的破烂。Fredrick发现了这辆扭曲的自行车，他兴奋极了。我知道因为有建筑这里一定有人类，不过直到我看到自行车我才又想起来。上帝。</p><p><strong>任务日志：队长Wells：第55天</strong><br />擦。我真是个运气差的队长。</p><p>今天又有一次塌方。一次巨大的塌陷。我们差点被压碎了，不过我们总算在树枝下找到了安全的避难所。</p><p>这次我们和指挥部失去了联系。我们仍能收到模糊的无线电信号，不过静电太严重无法通信。很显然，我下令返回，不过我们还不知道有多严重。这可能要用掉几个星期来挖出去。</p><p>擦。我早该返回的。</p><p><strong>任务日志：队长Wells：第62天</strong><br />Fredrick今天告诉我们应该招募一个爱尔兰人。我告诉他他就是个渣渣。他今天为此轻声笑了一天。真是个渣渣。</p><p><strong>任务日志：队长Wells：第65天</strong><br />我们的补给正在耗尽。Xander吓坏了并说我们要挨饿了，直到我告诉他他就是个蠢货。</p><p><strong>任务日志：队长Wells：第67天</strong><br />我们真该带个该死的香料包。Carlen的背包里事实上还有烹饪设备（天知道为什么），所以我们可以用各种方法烹制土豆。不过这还是土豆。我的味蕾开始罢工了。</p><p>这简直没完没了。</p><p><strong>任务日志：队长Wells：第68天</strong><br />很难清出我们之前挖出的隧道。我们直接挖向袋子可能会快点。明天我会告诉小组开始挖新隧道。</p><p><strong>任务日志：队长Wells：第69天</strong><br />擦。</p><p>我们今天耗尽了酶。我都没想过这可能发生。我们有一堆容器，而我都没注意到补给减少。擦。擦擦擦。</p><p>好吧，好消息是我们回到了之前的建筑里。这意味着我们可以自己挖出路来，因为有天花板。从底部到顶部有五米，很难想象我们能挖出一个比一米五更窄的隧道。这会很慢，不过我们会到那的。</p><p>真正的挖掘问题是空间。我们去哪丢弃土豆？最好的方法就是我们身后五米，所以我们在建筑里移动时就像个小小的气泡。</p><p>这会花费很长时间，不过我事实上不知道我们首先耗尽的是什么。食物到处都是。而且事实上里面水分充足。尽管氧气开始变得陈腐了。我不知道有多少（空气）充满了土豆之间的缝隙。</p><p>我甚至不知道如何激励士气。我告诉所有人指挥部可能已经在另一端挖掘了，并会找到我们，不过他们都很沮丧。这本该是个顶多65天的任务。</p><p>Fredrick说了个有关词语“tuber（块茎）”的笑话。我不太记得了。反正很蠢就是了。</p><p><strong>任务日志：队长Wells：第70天</strong><br />也许这是因为我们在溶解它们，有什么我们没注意到的事发生了。土豆看上去很恶心。它们上面的那些凸起开始缓慢扭曲，生长。简直令人生厌，但那是我们唯一的食物。</p><p><strong>任务日志：队长Wells：第71天</strong><br />我恨土豆的气味。我把呕吐物咽了回去，只剩气味。擦。</p><p><strong>任务日志：队长Wells：第72天</strong><br />该死的更小了。我们的气泡空间因为该死的土豆更小了。</p><p>我们的区域没有精确的尺寸，或别的什么。不过Carlen是第一个在我们醒来时提到的，然后忽然被我们每个人察觉到了。整个区域收缩了有10立方公尺。我了个擦。</p><p><strong>任务日志：队长Wells：第73天</strong><br />我今天注意力高度集中。那些恶心的凸起？它们很快变大。而当它们有一个土豆那么大时，就分裂开。这就是所有土豆的来源。</p><p>我们的区域今天更小了。</p><p><strong>任务日志：队长Wells：第74天</strong><br />我们的空间和时间都在耗尽。没有足够的空间来工作了；我们在挖掘时手肘和手臂都磕磕碰碰的。</p><p>幹你馬鈴薯。幹你薯仔。幹你洋芋。幹你山藥蛋。幹你番仔薯。我發誓，它們會在我睡覺時殺了我，土豆會他媽的卡在我的喉嚨。</p><p><strong>任务日志：队长Wells：第75天</strong><br />Xanders整天都在發牢騷，閉嘴啦。我也討厭黑暗。我們都討厭黑暗，全部人都討厭黃中帶啡的土豆和無味道的食物好麼？<strong>好麼</strong>？</p><p>我不能對隊伍大罵。我把這些都留在心裡。我是隊長。隊長Wells，土豆指揮官。我把情緒藏在一起，全都發洩在這他媽的日誌中。</p><p><strong>任务日志：队长Wells：第76天</strong><br />我呼吸不了。我他媽的呼吸不了，已經沒地方可以挖掘了幹幹幹</p><p><strong>任务日志：队长Wells：第78天</strong><br />我覺得自己是在某個呼了氣的人的肺裡呼吸，就只剩下二氧化碳。我們在工作時都沒人能夠說話。</p><p>我們在這星期裡死定了。因土豆而死。</p><p><em><strong>结语：</strong>在201█年11月3日，任务队长Wells和特工Ozols，Meryle，和Petersons與第二探索小隊聯繫上。雖然他們飽受氧氣不足和惡化的精神狀態所折磨，但所有隊員在三星期內均完全康復。隊長Wells拒絕書寫任務後的總結。</em></p></div>"
/incident-i-j77-82,事故I.J77.82,event,event_report,"<div style=""min-height:600px&quot;""><p><strong>事件 I.J77.82</strong></p><p><strong>涉及SCP：</strong> <a href=""/scp-253"">SCP-253</a></p><p><strong>前言</strong>：在██/██/████，基金会发现一场严重事件使得某个医院以埃博拉病毒爆发为掩饰被完全隔离。这是由于与医院相关的异常电磁现象的报告，该报告通过非正式途径传递，最终到达基金会。考虑到其他组织可能与此相关，基金会派遣█████████████████████████去调查状况。在18：00，特遣队的一支渗入小组进入██████████████医院。</p><p><strong>地点调查总结：</strong> 对电磁波谱的调查表明医院正在放出电磁能。对信号的分析显示出一个能量恒定，持续时间在29.2和45.1秒之间的脉冲。该脉冲之后是一个持续2.3至11.2秒的发射暂停。该脉冲的能量主要集中在三个频段——82%在超高频无线电频段，11%在超低频无线电频段，7%在以1.2THz为中心的频段。超高频脉冲最初对地点调查队伍的天线连接产生干扰，但队伍迅速找到了解决方法。</p><p>红外光谱上的辐射峰表明建筑中温度约为40摄氏度（100华氏度）。</p><p>地震波调查未得出明确结论。</p><hr /><p><strong>音频记录</strong>：</p><p><em>记录开始于██/██/████ @ 18:02:03</em><br />A57：该建筑能源已切断，确认完毕。<br />A34：行动确认。该建筑已物理上与电网断开。<br />A57：灯怎么还亮着？<br />G01：我们不是来乱猜的——只要弄明白为什么会这样就好，然后活着撤退。<br />A29：妈的，热死了。<br />G01：上头的那些家伙实际早就知道会这样。我们只要进行有限的行动就好，免得疲劳、过热和脱水之类的事情发生。<br />A12：你们感觉到了吗？地板那里有什么不对劲……<br />G01：什么意思？<br />A12：请求调查。<br />G01：A57，A34，检查视野，确认我们处境安全。<br /><em>（停顿）</em><br />A34：确认。<br />A57：确认。<br />G01：请求许可。<br />A12：某种震动正通过地板传导过来。<br /><em>（123秒的无关内容未被记录）</em><br />A12：它……断断续续的。三十到四十秒的震动，之后停五到十秒。<br />G01：好的。我们再往里走。</p><p><strong>附录：</strong> 调查表明在被从电网隔断之前，该建筑实际上在往电网里输送能量。</p><p>该地点外部的地震波感应器并未感应到震动，即使观察到了大量人形物体在建筑中移动。</p><p><em>记录开始于 ██/██/████ @ 18:12:42</em><br />A29：我在十点方向发现感染者！<br />A48：我也是！<br />G01：没有表现出敌意……看着他们就好。<br />A29：天哪。他们的脸怎么了？<br />G01：我们会在撤退的时候取样的。现在，先调查完第一层然后想办法去第二层。A12，记录一下？<br />A12：正在检查接触到的东西。对象似乎是人类，还有某种……肿瘤长满了他们全身。这些感染者都待在一个地点，不过还在前后晃动。我在他们眼睛没被肿块盖住的部分只能看到巩膜。<br />G01：A34？<br />A34：这些房间似乎都是空的，一团糟。有些床被一些……棕色的液体覆盖着。地板上也可以看到这些液体。<br />A12：看上去似乎……感染者头上的灯更亮一些。</p><p><strong>附录：</strong>在摧毁与消毒该调查场所的要求下达之前未能取得“棕色液体”的样品。</p><p><em>记录开始于 ██/██/████ @ 18:16:42</em><br />G01：我们往台阶移动，准备开通往二楼的门。A34？<br /><em>（记录中可听到低沉的撞击声）</em><br />A34：走廊没照明。差不多一片黑。打开手电。天哪。<br />G01：你看到什么了？<br />A34：他们……到处都是。他们正填满走廊。他们正发出……某种声音。<br /><em>（记录中可听到低沉而空洞的呻吟，其音量持续增强）<br />（从这一时刻开始，记录中出现数次杂音）</em><br />G01：…退，撤…<br />A34：他们正在接…<br />G01：退…后…退后！<br />A34：妈…的。<br /><em>（背景音中杂音持续）</em><br />G01：再说一遍A34。有干扰我听不到你说什么。<br />A34：它们中的一个碰到了我。<br />G01：我们在接待处重组队伍，A34。你正式从任务中被移除。<br />A34：是，长官。前往接…<br />未知来源：[无法分辨]<br />G01：再说一遍？我没听清。<br />未知来源：[无法分辨]<br />G01：A34？A34，快回答！<br />G01：全队都有！点名，用手势应答！<br />A12：A12准备战斗。<br />A29：A29准备战斗。<br />A48：A48准备战斗。<br />A57：A57准备战斗。<br />G01：G01准备战斗。<br /><em>（停顿）</em><br />G01：好吧。A34已失踪。我们前进到接待处。</p><p><em>记录开始于 ██/██/████ @ 18:20:27</em><br />A29：这啥鬼？<br />G01：妈的，A29，如果你打算对什么做出反应，描述一下好记录！<br />A12：接待处被之前的棕色液体覆盖。它拼出了几个词。“来自先祖。”还有几个符号，显示出智能的迹象。A48正在拍照。<br />A57：六点方向！他们来了！<br />G01：防御准备！有办法逃到们那里吗？<br />A57：有几个感染者挡在路上。他们似乎不打算接近我们，只是晃来晃去。<br />G01：我们就从那里撤退。A12？怎么了，A12？<br />A12：<em>（小声地）</em>他们对他们的脸做了什么。<br />G01：你在说什么……天哪。A48，给那拍一张照片。<br />A48：这也是一种用解剖刀的方法。等一下，那条项链是用牙齿做的？<br />A29：操，操，操。<br /><em>（武器射击声）</em><br />G01：停止射击！Perchand，停止射击！Eric！<strong>注：</strong>A12叫Eric Perchand。<br /><em>（记录中杂音增加）</em><br />A12：对不起。真的对不起。<br />G01：[无法分辨]<br />A34：[无法分辨]<br />A57：[无法分辨]<br />A12：我希望这能给你解脱。<br /><em>（一瞬的大型爆炸声，之后记录被截断）</em><br />A29：他自爆了！？<br />G01：这不重要。它们正在靠近。我们得出去。随意攻击。<br />A57：是，长官！<br /><em>（静电干扰持续37秒）</em><br />未知来源：在史前时代，生命的本源在黑暗中等待。它的子孙背离了它。现在，一切将归于本源。</p><p><strong>附录：</strong>在此时刻后，记录的其它部分无法恢复。A29，A57和G01从医院里逃了出来。由于似乎数个被感染的宿主正打算从建筑中逃出，在数分后实行了消毒协议。</p><p>渗入队伍的三名幸存者被隔离，从他们身上获得了<a href=""/scp-253"">SCP-253</a>的样本。虽然尝试了治疗，但他们均未活过五天。</p><p>A48在撤退中牺牲，不幸的是，他的相机未能回收。虽然当时正使用无线备用协议，但医院中的失真效应意味着在Incident I.J77.82中回收到的大部分图像证据是零碎的。</p><p>A48和A34的尸体被找到了，均严重烧伤。A12的遗体未能回收。发现了其他人类的遗体，但没有可识别的<a href=""/scp-253"">SCP-253</a>的迹象。消毒后的地点已被确认除去了所有<a href=""/scp-253"">SCP-253</a>的痕迹，且会在此事故报告放出之后六个月解除基金会的监视。</p><hr /><p><strong>事件报告 I.J77.82结束</strong></p></div>"
/277interview,采访记录 277-A,event,interview,"<div style=""min-height:600px""><p><strong>被采访者：</strong>特工Davis<br /><strong>采访者：</strong> A███博士<br /><strong>&lt;开始记录&gt;</strong></p><p><strong>A███博士：</strong>好的，那么。请从你第一次是在哪里看到<a href=""/scp-277"">SCP-277</a>-██开始。</p><p><strong>特工Davis：</strong>嗯，我当时正走去一家当地的小餐馆，快到地方的时候我看到一群它们穿过街道。</p><p><strong>A███博士：</strong>如果你能想起来尽可能多的细节的话会有帮助些，Davis。</p><p><strong>特工Davis：</strong>他们当时的形状是，呃，兔子。他们中的大部分都是这样，因为某些理由。在一个小时内这里的小孩常客的图像从宇宙飞船变成了魔法豆茎，但我看到的素描风格出现的只有兔子。它们在十字路口挤成一团，看着川流的行人和车辆，我觉得。它们没怎么移动，也不想其他草图一样玩——当时有人招呼它们，草图——它们主要是互相看看。</p><p><strong>A███博士：</strong>你不怕他们吗？</p><p><strong>特工Davis：</strong>什么？不会。是这样，它们当时看起来非常普通，他们没有做任何实际敌对的举动，这简直是把人畜无害写在了脸上。</p><p><strong>A███博士：</strong>我记下了。请继续。</p><p><strong>特工Davis：</strong>嗯，好的。我从它们旁边走过后，听到背后有一个孩子的尖叫声。一个小女孩，大概八岁，当我路过时还在和自己的图画玩，一个有翅膀的玩意。所以我转过身，看到看到那种兔子在她的图画上，我从未见过有什么东西移动的那么快，然后它……我觉得最接近的描述是吞噬（consuming），这个女孩被以某种形式吞噬了。我很难描述我起初看到了什么，就像是空气中的一大团潦草的涂鸦。我及时扶住了女孩没让她的头被地面磕伤，但对她并没什么帮助，我不是医生。之后更多的兔子碰到了其他图画，而这些图画，也一样，被撕碎了，孩子们也尖叫了起来。这件事就和我得到的文档一样，发生在了镇子各处，是吗？</p><p><strong>A███博士：</strong>是的。</p><p><strong>特工Davis：</strong>我【不文明用词】向那玩意射击，不过当然没什么帮助。我真不知道我当时为什么那么做。他们现在都昏迷了，不是吗？那些孩子？</p><p><strong>A███博士：</strong>是的。我觉得这就是全部了，Davis特工。</p><p><strong>特工Davis：</strong>还有一件事。</p><p><strong>A███博士：</strong>是什么？</p><p><strong>特工Davis:</strong>我能否提出离开SCP-277项目的请求？</p><p><strong>A███博士：</strong>你已经被再分配到了SCP-███。</p><p><strong>特工Davis：</strong>谢谢，再见，博士。</p><p><strong>&lt;记录结束&gt;</strong></p></div>"
/scp-185-ko-dagagada,危机,event,addon,"<div style=""min-height:600px&quot;""><div style=""background: url(http://ja.scp-wiki.net/local--files/scp-185-ko-dagagada/MO.png) top center no-repeat ; float: center; border: solid 1px #006c00; width: 600px; padding: 1px 15px; margin: 10px 10px 10px 0px; background-color: #fff; box-shadow: 0 1px 3px rgba(0^0^0^.2);""><div style=""color:#000000""><blockquote><p>男子靠近了。在你看清男子的同时，你感觉有什么不对。他向上举起了斧子，而且，</p><h1 id=""toc0""><span><span style=""font-family:Microsoft Yahei"">他没有眼睛、嘴巴和鼻子。</span></span></h1></blockquote><p><span style=""white-space: pre-wrap;""> </span><br /><span style=""white-space: pre-wrap;""> </span><br /><a href=""/scp-185-ko-talkmeme"">发出声音</a><br /><a href=""/scp-185-ko-overrun"">逃跑</a><br /><span style=""white-space: pre-wrap;""> </span><br /><span style=""white-space: pre-wrap;""> </span><br /><span style=""white-space: pre-wrap;""> </span><br /><span style=""white-space: pre-wrap;""> </span><br /><span style=""white-space: pre-wrap;""> </span><br /><span style=""white-space: pre-wrap;""> </span><br /><span style=""white-space: pre-wrap;""> </span><br /><span style=""white-space: pre-wrap;""> </span><br /><span style=""white-space: pre-wrap;""> </span><br /><span style=""white-space: pre-wrap;""> </span><br /><span style=""white-space: pre-wrap;""> </span><br /><span style=""white-space: pre-wrap;""> </span></p></div></div></div>"
/experiment-log-819-466,实验日志 819-466,event,lab_record,"<div style=""min-height:600px""><p><em>下面的日志详细记录了<a href=""/scp-819"">SCP-819</a>-A和<a href=""/scp-466"">SCP-466</a>之间进行的一项实验。</em></p><p><strong>日期:</strong> 08-██-██<br /><strong>引言:</strong> 从SCP-466-2体内虹吸导出血液的尝试遭到了SCP-466-1的抵抗，这表明基金会的介入将导致身体上的威胁。为了保护人类宿主，建议使用SCP-819-A。进一步，这可能在不损失D级人员的情况下确定SCP-819-A减少血液的速度。</p><p><strong>步骤:</strong> SCP-466坐在测试室中。助理”Kaz”进入测试室，表现出了短暂的混乱，并把一支SCP-819-A棒棒糖放在地面上。助理要求SCP-466吃掉它，然后离开了测试室。</p><p><strong>结果:</strong> SCP-466打开了SCP-819-A棒棒糖的包装并开始进食。监控录像没有表现出异常；SCP-466-2评论了口味。过了██秒，血管肥大症状可见地减轻了。</p><p>过了██秒，SCP-466-2停止了进食。SCP-466-1控制的可移动血管从SCP-466-2口中伸出，引起了呕吐反射。这些血管进而抓住了SCP-819-A棒棒糖。血管持续██秒抓住棒棒糖使之不可被触及；SCP-466-2试着说话但是失败了。</p><p>SCP-466-1带着SCP-819-A撤回了体内。</p><p>SCP-466-2咳嗽了几次并要求喝水。血管肥大症状很快地消失。血液减少速度被确定为[数据删除]。</p><p><strong>注释:</strong><em>如果这表明SCP-466-1拥有模式识别和思维能力，这可能是件糟糕的事情。</em>——助理”Kaz”</p><hr /><p><strong>事件报告 819-466</strong></p><p><strong>涉及SCP:</strong> SCP-466，SCP-819</p><p><strong>日期:</strong> 09-██-██</p><p><strong>地点:</strong> ██████^ ██████ ██████ ]数据删除]</p><p><strong>描述:</strong> 在实验日志819-466事件发生后，新的SCP-466实例出现在[编辑]。</p><p>[数据删除]机动特遣队欧米科戎-12(Omicron-12)被派出。估计██%新实例被摧毁。</p><p><strong>注释:</strong> <em>这能解释被SCP-819消耗的体液到底去了哪里。建议把SCP-819升级为Euclid。</em>——助理”Kaz”</p><p><em>医疗记录将被逆向查询，以找到其它可能的体液转移受害者。症状详细的记录见SCP-819中所列出的。</em>——Dr. ███████</p></div>"
/exploration-log-1689-i,探索日志 1689-I,event,discovery_report,"<div style=""min-height:600px&quot;""><p><em><strong>开场白：</strong>探索任务1689-1安排在201█年8月8日，由一支由队长Cameron Wells率领的4人小组进行。小组被第二次告之他们即将到来的新任务。详情见文件Mission 1689-I Equipment Manifest。</em></p><p><strong>任务日志，队长Wells：任务前6天</strong><br />他们告诉我今天我要带领Fredrick，Carlen，和Xander进入一麻袋土豆中。</p><p>好吧。</p><p>很显然它们里面更大或它是个微型维度或它是个传送门或什么东西，通向某个都是土豆的地方。这个时候，什么都惊不到我了。</p><p>哦，这该是个官方记录，所以我该称呼他们为特工Meryle，Ozols，和Petersons。不过没人会看这个的，所以我也不用这么做。</p><p><strong>任务日志，队长Wells：任务前1天</strong><br />他们把其他装备也给了我们，并让我们在明天准备好。计划是在中午进入。</p><p>实验室制作了这种超酷的液体给我们用。这是某种酸或酶可以把土豆溶解成淀粉糊。这就会变成某种下水道，不过然后它们会某种程度上变硬，使其成了很好的隧道外壁。事实上这个东西作用起来很快，而我们得穿上皮肤保护装备好让它不至于作用到我们身上。装上喷雾嘴后我们可以在土豆中直接挖出一条路来。</p><p><strong>任务日志，队长Wells：任务当天</strong><br />很高兴他们在SCP-1689的另一边清理出了一小块空间，用三合板做成的。这当然很奇怪，爬到一个袋子里然后从一个完全不同的房间出来，不过再说次，没什么能惊到我。我们事实上没马上看到任何土豆。当我们打开挖掘门然后是的，土豆之墙。上面，前面，下面都是土豆。我们决定径直向前挖出一个2米X2米的隧道。罗盘在这没用，不过我们很难迷路因为可以通过无线电信号找到路回去。</p><p><strong>任务日志：队长Wells：第1天</strong><br />挖掘工作很慢；我们一小时能清出约30米。这听上去很慢，不过这是120立方米的土豆，而如果我们够努力可以清理出一公里。而这也没那么难；我们两个喷雾，两个把淀粉糊挖开。每过一百米我们就竖起一些支撑梁。无论谁发明的这种酶绝对是个天才。</p><p><strong>任务日志：队长Wells：第2天</strong><br />上帝我恨这东西的气味。我事实上很喜欢土豆的味道，不过因为酶的关系这个地方闻起来像呕吐物。我已经受够了。擦。</p><p><strong>任务日志：队长Wells：第5天</strong><br />今天我们意外把酶掉到了地上，然后我们在1米之下发现了混凝土地板。指挥部非常震惊；他们大概是第一次发现除了土豆之外的东西。帅。</p><p>我们决定在地板上开始工作。这不太简单，不过有稳固的地面太好了。</p><p><strong>任务日志：队长Wells：第8天</strong><br />你知道词语“spud（马铃薯）”是因为你需要用“spade（铁锹）”挖出个洞来种它才出现的么？Carlen知道。然后她让<em>我们</em>都知道了。然后她在我们挖掘的一整天里都在重复“spud”这个词。<em>Sigh</em>（叹气）。</p><p><strong>任务日志：队长Wells：第9天</strong><br />让特工干这个也够呛。他们为什么不派D级来干这个？</p><p><strong>任务日志：队长Wells：第11天</strong><br />明天我们就要靠自己了。每几天补给我们一次效率太低了，所以指挥部给我们提供了两个月的MRE（美军用军粮）和足够用那么久的装在水箱里的酶。若我们在那之后什么都没发现，他们说会放弃任务。很显然我们还有无线电联系。</p><p><strong>任务日志：队长Wells：第12天</strong><br />只和小组呆在一起很不错。在晚上，几乎就和露营一样。是的，在一个怪异的，用土豆做成的洞穴中露营。</p><p><strong>任务日志：队长Wells：第16天</strong><br />很意外，发生了有趣的事情。我们今天发现了一堵墙。是用和地板一样的材料做成的。地基，不是淀粉。混凝土。它和我们的隧道垂直相差20度。指挥部让我们沿着走，反正也不会有其他有趣的事情了。</p><p><strong>任务日志：队长Wells：第19天</strong><br />在混凝土地板和墙壁后，今天Fredrick思考并确定了，混凝土天花板。一直都在我们头上3米处。<br />这意味着我们一直都在一个建筑里。一个巨大的建筑。如果我们能测绘它，我们可能会找到出口，并发现这个土豆地狱在哪个世界。</p><p><strong>任务日志：队长Wells：第28天</strong><br />Xanders在说马-铃-薯！我个擦。我好像一直到现在都没听他说过？四个星期了，被土豆所包围，他一直没说这词直到现在。他是第一个我见过的一字一顿那么说那个词的人。</p><p><strong>任务日志：队长Wells：第36天</strong><br />我们沿着墙已经走了很长时间了。Xander认为这哪都不通，不过Fredick想要继续。指挥部听从了我，好吧……我不想之前一个月没有意义。我们至少还要继续前进三公里。</p><p><strong>任务日志：队长Wells：第38天</strong><br />今天我们决定在墙上炸个该死的洞。</p><p>Carlen的背包里有炸药（天知道为什么），所以为什么不呢。这墙哪都不通。</p><p>我们都站开，避开冲击波。花了很长时间来清理那些土豆泥，不过我们成功炸出一个三米的大洞。</p><p>猜猜对面是什么。</p><p>土豆。</p><p><strong>任务日志：队长Wells：第39天</strong><br />我们开始从炸开的洞挖，并终于发现不同了，外面。很明显是外面：地面肮脏而且有枯死很久的草。这意味着不是在地球上的任何地方。我认为这个建筑是某种巨型仓库。</p><p>我们在引爆炸药之后一直听到某种模糊的隆隆声。Xander因为这个疑神疑鬼，不过到目前为止，什么都没发生。</p><p><strong>任务日志：队长Wells：第43天</strong><br />这些土豆堆了多高？如果我们在外面，那这里就没有垂直净空。所以这一直堆到大气层？是不是整个<em>宇宙</em>都是土豆？</p><p>想起来我们在外面是很奇怪的。这和建筑里面感觉没啥不同。感觉就像我们在地下，好吧，我们确实在地下。土豆构成的土地。</p><p><strong>任务日志：队长Wells：第44天</strong><br />我们发现了一颗真正的树！一颗枯死的，被土豆所包围，虽然如此，不过确实是长在地上的一棵树。我们得对它小心点，因为酶会吞噬它，我们成功挖出了它。它的枝杈很奇怪，分成完美的三十度，不过整体看来很普通。实验室让我收集了一块树皮样本。它让“外面”的现实彻底成真。这到底<em>是</em>哪？</p><p><strong>任务日志：队长Wells：第48天</strong><br />Xander正在担心我们听到的隆隆声，所以他回去查看。发现，我们隧道约有百米多塌陷了。</p><p>指挥部也不知道。他们说他们开始从另一边把我们挖出来，我可以决定是否继续挖。Fredrick和Carlen想要继续，所以我们继续，听Xander抱怨。“我可不是为这种破事签约的。”是啊，管他呢。基金会招募你的时候也不会知道你将会进入土豆的领域（The Realm of Taters）。这不是那种会写在你的细则里的东西，只是以防万一。</p><p><strong>任务日志：队长Wells：第51天</strong><br />我们继续找到更多奇怪的破烂。Fredrick发现了这辆扭曲的自行车，他兴奋极了。我知道因为有建筑这里一定有人类，不过直到我看到自行车我才又想起来。上帝。</p><p><strong>任务日志：队长Wells：第55天</strong><br />擦。我真是个运气差的队长。</p><p>今天又有一次塌方。一次巨大的塌陷。我们差点被压碎了，不过我们总算在树枝下找到了安全的避难所。</p><p>这次我们和指挥部失去了联系。我们仍能收到模糊的无线电信号，不过静电太严重无法通信。很显然，我下令返回，不过我们还不知道有多严重。这可能要用掉几个星期来挖出去。</p><p>擦。我早该返回的。</p><p><strong>任务日志：队长Wells：第62天</strong><br />Fredrick今天告诉我们应该招募一个爱尔兰人。我告诉他他就是个渣渣。他今天为此轻声笑了一天。真是个渣渣。</p><p><strong>任务日志：队长Wells：第65天</strong><br />我们的补给正在耗尽。Xander吓坏了并说我们要挨饿了，直到我告诉他他就是个蠢货。</p><p><strong>任务日志：队长Wells：第67天</strong><br />我们真该带个该死的香料包。Carlen的背包里事实上还有烹饪设备（天知道为什么），所以我们可以用各种方法烹制土豆。不过这还是土豆。我的味蕾开始罢工了。</p><p>这简直没完没了。</p><p><strong>任务日志：队长Wells：第68天</strong><br />很难清出我们之前挖出的隧道。我们直接挖向袋子可能会快点。明天我会告诉小组开始挖新隧道。</p><p><strong>任务日志：队长Wells：第69天</strong><br />擦。</p><p>我们今天耗尽了酶。我都没想过这可能发生。我们有一堆容器，而我都没注意到补给减少。擦。擦擦擦。</p><p>好吧，好消息是我们回到了之前的建筑里。这意味着我们可以自己挖出路来，因为有天花板。从底部到顶部有五米，很难想象我们能挖出一个比一米五更窄的隧道。这会很慢，不过我们会到那的。</p><p>真正的挖掘问题是空间。我们去哪丢弃土豆？最好的方法就是我们身后五米，所以我们在建筑里移动时就像个小小的气泡。</p><p>这会花费很长时间，不过我事实上不知道我们首先耗尽的是什么。食物到处都是。而且事实上里面水分充足。尽管氧气开始变得陈腐了。我不知道有多少（空气）充满了土豆之间的缝隙。</p><p>我甚至不知道如何激励士气。我告诉所有人指挥部可能已经在另一端挖掘了，并会找到我们，不过他们都很沮丧。这本该是个顶多65天的任务。</p><p>Fredrick说了个有关词语“tuber（块茎）”的笑话。我不太记得了。反正很蠢就是了。</p><p><strong>任务日志：队长Wells：第70天</strong><br />也许这是因为我们在溶解它们，有什么我们没注意到的事发生了。土豆看上去很恶心。它们上面的那些凸起开始缓慢扭曲，生长。简直令人生厌，但那是我们唯一的食物。</p><p><strong>任务日志：队长Wells：第71天</strong><br />我恨土豆的气味。我把呕吐物咽了回去，只剩气味。擦。</p><p><strong>任务日志：队长Wells：第72天</strong><br />该死的更小了。我们的气泡空间因为该死的土豆更小了。</p><p>我们的区域没有精确的尺寸，或别的什么。不过Carlen是第一个在我们醒来时提到的，然后忽然被我们每个人察觉到了。整个区域收缩了有10立方公尺。我了个擦。</p><p><strong>任务日志：队长Wells：第73天</strong><br />我今天注意力高度集中。那些恶心的凸起？它们很快变大。而当它们有一个土豆那么大时，就分裂开。这就是所有土豆的来源。</p><p>我们的区域今天更小了。</p><p><strong>任务日志：队长Wells：第74天</strong><br />我们的空间和时间都在耗尽。没有足够的空间来工作了；我们在挖掘时手肘和手臂都磕磕碰碰的。</p><p>幹你馬鈴薯。幹你薯仔。幹你洋芋。幹你山藥蛋。幹你番仔薯。我發誓，它們會在我睡覺時殺了我，土豆會他媽的卡在我的喉嚨。</p><p><strong>任务日志：队长Wells：第75天</strong><br />Xanders整天都在發牢騷，閉嘴啦。我也討厭黑暗。我們都討厭黑暗，全部人都討厭黃中帶啡的土豆和無味道的食物好麼？<strong>好麼</strong>？</p><p>我不能對隊伍大罵。我把這些都留在心裡。我是隊長。隊長Wells，土豆指揮官。我把情緒藏在一起，全都發洩在這他媽的日誌中。</p><p><strong>任务日志：队长Wells：第76天</strong><br />我呼吸不了。我他媽的呼吸不了，已經沒地方可以挖掘了幹幹幹</p><p><strong>任务日志：队长Wells：第78天</strong><br />我覺得自己是在某個呼了氣的人的肺裡呼吸，就只剩下二氧化碳。我們在工作時都沒人能夠說話。</p><p>我們在這星期裡死定了。因土豆而死。</p><p><em><strong>结语：</strong>在201█年11月3日，任务队长Wells和特工Ozols，Meryle，和Petersons與第二探索小隊聯繫上。雖然他們飽受氧氣不足和惡化的精神狀態所折磨，但所有隊員在三星期內均完全康復。隊長Wells拒絕書寫任務後的總結。</em></p></div>"
/incident-i-j77-82,事故I.J77.82,event,event_report,"<div style=""min-height:600px&quot;""><p><strong>事件 I.J77.82</strong></p><p><strong>涉及SCP：</strong> <a href=""/scp-253"">SCP-253</a></p><p><strong>前言</strong>：在██/██/████，基金会发现一场严重事件使得某个医院以埃博拉病毒爆发为掩饰被完全隔离。这是由于与医院相关的异常电磁现象的报告，该报告通过非正式途径传递，最终到达基金会。考虑到其他组织可能与此相关，基金会派遣█████████████████████████去调查状况。在18：00，特遣队的一支渗入小组进入██████████████医院。</p><p><strong>地点调查总结：</strong> 对电磁波谱的调查表明医院正在放出电磁能。对信号的分析显示出一个能量恒定，持续时间在29.2和45.1秒之间的脉冲。该脉冲之后是一个持续2.3至11.2秒的发射暂停。该脉冲的能量主要集中在三个频段——82%在超高频无线电频段，11%在超低频无线电频段，7%在以1.2THz为中心的频段。超高频脉冲最初对地点调查队伍的天线连接产生干扰，但队伍迅速找到了解决方法。</p><p>红外光谱上的辐射峰表明建筑中温度约为40摄氏度（100华氏度）。</p><p>地震波调查未得出明确结论。</p><hr /><p><strong>音频记录</strong>：</p><p><em>记录开始于██/██/████ @ 18:02:03</em><br />A57：该建筑能源已切断，确认完毕。<br />A34：行动确认。该建筑已物理上与电网断开。<br />A57：灯怎么还亮着？<br />G01：我们不是来乱猜的——只要弄明白为什么会这样就好，然后活着撤退。<br />A29：妈的，热死了。<br />G01：上头的那些家伙实际早就知道会这样。我们只要进行有限的行动就好，免得疲劳、过热和脱水之类的事情发生。<br />A12：你们感觉到了吗？地板那里有什么不对劲……<br />G01：什么意思？<br />A12：请求调查。<br />G01：A57，A34，检查视野，确认我们处境安全。<br /><em>（停顿）</em><br />A34：确认。<br />A57：确认。<br />G01：请求许可。<br />A12：某种震动正通过地板传导过来。<br /><em>（123秒的无关内容未被记录）</em><br />A12：它……断断续续的。三十到四十秒的震动，之后停五到十秒。<br />G01：好的。我们再往里走。</p><p><strong>附录：</strong> 调查表明在被从电网隔断之前，该建筑实际上在往电网里输送能量。</p><p>该地点外部的地震波感应器并未感应到震动，即使观察到了大量人形物体在建筑中移动。</p><p><em>记录开始于 ██/██/████ @ 18:12:42</em><br />A29：我在十点方向发现感染者！<br />A48：我也是！<br />G01：没有表现出敌意……看着他们就好。<br />A29：天哪。他们的脸怎么了？<br />G01：我们会在撤退的时候取样的。现在，先调查完第一层然后想办法去第二层。A12，记录一下？<br />A12：正在检查接触到的东西。对象似乎是人类，还有某种……肿瘤长满了他们全身。这些感染者都待在一个地点，不过还在前后晃动。我在他们眼睛没被肿块盖住的部分只能看到巩膜。<br />G01：A34？<br />A34：这些房间似乎都是空的，一团糟。有些床被一些……棕色的液体覆盖着。地板上也可以看到这些液体。<br />A12：看上去似乎……感染者头上的灯更亮一些。</p><p><strong>附录：</strong>在摧毁与消毒该调查场所的要求下达之前未能取得“棕色液体”的样品。</p><p><em>记录开始于 ██/██/████ @ 18:16:42</em><br />G01：我们往台阶移动，准备开通往二楼的门。A34？<br /><em>（记录中可听到低沉的撞击声）</em><br />A34：走廊没照明。差不多一片黑。打开手电。天哪。<br />G01：你看到什么了？<br />A34：他们……到处都是。他们正填满走廊。他们正发出……某种声音。<br /><em>（记录中可听到低沉而空洞的呻吟，其音量持续增强）<br />（从这一时刻开始，记录中出现数次杂音）</em><br />G01：…退，撤…<br />A34：他们正在接…<br />G01：退…后…退后！<br />A34：妈…的。<br /><em>（背景音中杂音持续）</em><br />G01：再说一遍A34。有干扰我听不到你说什么。<br />A34：它们中的一个碰到了我。<br />G01：我们在接待处重组队伍，A34。你正式从任务中被移除。<br />A34：是，长官。前往接…<br />未知来源：[无法分辨]<br />G01：再说一遍？我没听清。<br />未知来源：[无法分辨]<br />G01：A34？A34，快回答！<br />G01：全队都有！点名，用手势应答！<br />A12：A12准备战斗。<br />A29：A29准备战斗。<br />A48：A48准备战斗。<br />A57：A57准备战斗。<br />G01：G01准备战斗。<br /><em>（停顿）</em><br />G01：好吧。A34已失踪。我们前进到接待处。</p><p><em>记录开始于 ██/██/████ @ 18:20:27</em><br />A29：这啥鬼？<br />G01：妈的，A29，如果你打算对什么做出反应，描述一下好记录！<br />A12：接待处被之前的棕色液体覆盖。它拼出了几个词。“来自先祖。”还有几个符号，显示出智能的迹象。A48正在拍照。<br />A57：六点方向！他们来了！<br />G01：防御准备！有办法逃到们那里吗？<br />A57：有几个感染者挡在路上。他们似乎不打算接近我们，只是晃来晃去。<br />G01：我们就从那里撤退。A12？怎么了，A12？<br />A12：<em>（小声地）</em>他们对他们的脸做了什么。<br />G01：你在说什么……天哪。A48，给那拍一张照片。<br />A48：这也是一种用解剖刀的方法。等一下，那条项链是用牙齿做的？<br />A29：操，操，操。<br /><em>（武器射击声）</em><br />G01：停止射击！Perchand，停止射击！Eric！<strong>注：</strong>A12叫Eric Perchand。<br /><em>（记录中杂音增加）</em><br />A12：对不起。真的对不起。<br />G01：[无法分辨]<br />A34：[无法分辨]<br />A57：[无法分辨]<br />A12：我希望这能给你解脱。<br /><em>（一瞬的大型爆炸声，之后记录被截断）</em><br />A29：他自爆了！？<br />G01：这不重要。它们正在靠近。我们得出去。随意攻击。<br />A57：是，长官！<br /><em>（静电干扰持续37秒）</em><br />未知来源：在史前时代，生命的本源在黑暗中等待。它的子孙背离了它。现在，一切将归于本源。</p><p><strong>附录：</strong>在此时刻后，记录的其它部分无法恢复。A29，A57和G01从医院里逃了出来。由于似乎数个被感染的宿主正打算从建筑中逃出，在数分后实行了消毒协议。</p><p>渗入队伍的三名幸存者被隔离，从他们身上获得了<a href=""/scp-253"">SCP-253</a>的样本。虽然尝试了治疗，但他们均未活过五天。</p><p>A48在撤退中牺牲，不幸的是，他的相机未能回收。虽然当时正使用无线备用协议，但医院中的失真效应意味着在Incident I.J77.82中回收到的大部分图像证据是零碎的。</p><p>A48和A34的尸体被找到了，均严重烧伤。A12的遗体未能回收。发现了其他人类的遗体，但没有可识别的<a href=""/scp-253"">SCP-253</a>的迹象。消毒后的地点已被确认除去了所有<a href=""/scp-253"">SCP-253</a>的痕迹，且会在此事故报告放出之后六个月解除基金会的监视。</p><hr /><p><strong>事件报告 I.J77.82结束</strong></p></div>"
/277interview,采访记录 277-A,event,interview,"<div style=""min-height:600px""><p><strong>被采访者：</strong>特工Davis<br /><strong>采访者：</strong> A███博士<br /><strong>&lt;开始记录&gt;</strong></p><p><strong>A███博士：</strong>好的，那么。请从你第一次是在哪里看到<a href=""/scp-277"">SCP-277</a>-██开始。</p><p><strong>特工Davis：</strong>嗯，我当时正走去一家当地的小餐馆，快到地方的时候我看到一群它们穿过街道。</p><p><strong>A███博士：</strong>如果你能想起来尽可能多的细节的话会有帮助些，Davis。</p><p><strong>特工Davis：</strong>他们当时的形状是，呃，兔子。他们中的大部分都是这样，因为某些理由。在一个小时内这里的小孩常客的图像从宇宙飞船变成了魔法豆茎，但我看到的素描风格出现的只有兔子。它们在十字路口挤成一团，看着川流的行人和车辆，我觉得。它们没怎么移动，也不想其他草图一样玩——当时有人招呼它们，草图——它们主要是互相看看。</p><p><strong>A███博士：</strong>你不怕他们吗？</p><p><strong>特工Davis：</strong>什么？不会。是这样，它们当时看起来非常普通，他们没有做任何实际敌对的举动，这简直是把人畜无害写在了脸上。</p><p><strong>A███博士：</strong>我记下了。请继续。</p><p><strong>特工Davis：</strong>嗯，好的。我从它们旁边走过后，听到背后有一个孩子的尖叫声。一个小女孩，大概八岁，当我路过时还在和自己的图画玩，一个有翅膀的玩意。所以我转过身，看到看到那种兔子在她的图画上，我从未见过有什么东西移动的那么快，然后它……我觉得最接近的描述是吞噬（consuming），这个女孩被以某种形式吞噬了。我很难描述我起初看到了什么，就像是空气中的一大团潦草的涂鸦。我及时扶住了女孩没让她的头被地面磕伤，但对她并没什么帮助，我不是医生。之后更多的兔子碰到了其他图画，而这些图画，也一样，被撕碎了，孩子们也尖叫了起来。这件事就和我得到的文档一样，发生在了镇子各处，是吗？</p><p><strong>A███博士：</strong>是的。</p><p><strong>特工Davis：</strong>我【不文明用词】向那玩意射击，不过当然没什么帮助。我真不知道我当时为什么那么做。他们现在都昏迷了，不是吗？那些孩子？</p><p><strong>A███博士：</strong>是的。我觉得这就是全部了，Davis特工。</p><p><strong>特工Davis：</strong>还有一件事。</p><p><strong>A███博士：</strong>是什么？</p><p><strong>特工Davis:</strong>我能否提出离开SCP-277项目的请求？</p><p><strong>A███博士：</strong>你已经被再分配到了SCP-███。</p><p><strong>特工Davis：</strong>谢谢，再见，博士。</p><p><strong>&lt;记录结束&gt;</strong></p></div>"
/burn-this-after-reading,阅后即焚,event,addon,"<div style=""min-height:600px&quot;""><div style=""margin:0 auto;padding: 1px 15px; background-color:#fff; box-shadow: 0 1px 3px rgba(0^0^0^.2);""><p>在那一瞬间，我自知可以掌控一切。</p><p>一同参加战斗的同事们都自愿记忆删除，只剩我。他们迫于那种渴望，那种压力。他们终日试着回想起那种感觉，就像我。他们憎恨那种感觉，出于神学原因。</p><p><sub>他们以前不信仰他，他们从遥远的地方妄谈幽玄。他们以前不信仰他，他们从遥远的地方妄谈幽玄</sub></p><p>我想不起来。我当时成为别人。我看到……我看到认不出的蓝外套的人。我看到远方。</p><p>他们说现世像一个泥潭，只要你仰望过星空哪怕一眼。</p><p>就像《琥珀望远镜》里的莱拉。她把曾经最自然而不假思索的事物忘记。</p><p>然后穷极一生去学习，总有一天，在思考和努力之后，她会重新明白，更深邃更充分。</p><p>我想重新想起来。<br /></p><div style=""text-align: right;""><p><span style=""font-size:0.9em;"">这段话不能被别人看到。我得记得烧掉。</span></p></div></div><p><br /><br /><br /></p><hr /><div style=""float:left""><table class=""wiki-content-table""><tr><td><span style=""font-size:0.75em;"">项目 [NULL]</span></td></tr><tr><td><span style=""font-size:0.75em;"">代号：[NULL]</span></td></tr><tr><td><span style=""font-size:0.75em;"">项目负责人：[NULL]</span></td></tr><tr><td><span style=""font-size:0.75em;"">作者：JIBRIL ACTUAL</span></td></tr><tr><td><span style=""font-size:0.75em;"">目标：探员AL-FAJR</span></td></tr><tr><td><span style=""font-size:0.75em;"">备忘录 [NULL]</span></td></tr><tr><td><span style=""font-size:0.75em;"">12月30日，2013</span></td></tr></table></div><div style=""float:right""><img src=""http://www.scp-wiki.net/local--files/oria-hub/oria.png"" width=""120px"" alt=""oria.png"" class=""image"" /></div><br /><span style=""font-family: COURIER;""><br /></span><div style=""text-align: center;""><p><span style=""font-family: COURIER;""><span style=""font-size:2.5em;""><strong>机密</strong></span></span></p><p><span style=""font-size:1em;"">伊斯兰物品回收局</span><br /><span style=""font-size:1em;"">希米兰，德黑兰省</span><br /><span style=""font-size:1em;"">伊朗伊斯兰共和国</span></p></div><br /><hr /><table><tr><td><span style=""color: white""><sub>بسم الله</sub></span></td><td>发件人：</td><td><span style=""color: white""><sub>الرحمن الرحيم</sub></span></td><td>JIBRIL ACTUAL</td></tr><tr><td><span style=""color: white""><sub>بسم الله</sub></span></td><td>收件人：</td><td><span style=""color: white""><sub>الرحمن الرحيم</sub></span></td><td>探员 AL-FAJR</td></tr><tr><td><span style=""color: white""><sub>بسم الله</sub></span></td><td>标题：</td><td><span style=""color: white""><sub>الرحمن الرحيم</sub></span></td><td>“叛逆者”协议</td></tr><tr><td><span style=""color: white""><sub>بسم الله</sub></span></td><td><span style=""color: white""><sub>الرحمن الرحيم</sub></span></td><td><span style=""color: white""><sub>بسم الله</sub></span></td><td><span style=""color: white""><sub>الرحمن الرحيم</sub></span></td></tr><tr><td><span style=""color: white""><sub>بسم الله</sub></span></td><td>参考：</td><td><span style=""color: white""><sub>الرحمن الرحيم</sub></span></td><td>项目 192 | 备忘录 029</td></tr><tr><td><span style=""color: white""><sub>بسم الله</sub></span></td><td><span style=""color: white""><sub>الحمد لله</sub></span></td><td><span style=""color: white""><sub>الرحمن الرحيم</sub></span></td><td><span style=""color: white"">项目 192</span> | 备忘录 371</td></tr><tr><td><span style=""color: white""><sub>بسم الله</sub></span></td><td><span style=""color: white""><sub>الحمد لله</sub></span></td><td><span style=""color: white""><sub>الرحمن الرحيم</sub></span></td><td>项目 001 | 所有备忘录</td></tr><tr><td><span style=""color: white""><sub>بسم الله</sub></span></td><td><span style=""color: white""><sub>الرحمن الرحيم</sub></span></td><td><span style=""color: white""><sub>بسم الله</sub></span></td><td><span style=""color: white""><sub>الرحمن الرحيم</sub></span></td></tr><tr><td><span style=""color: white""><sub>بسم الله</sub></span></td><td>附件：</td><td><span style=""color: white""><sub>الرحمن الرحيم</sub></span></td><td>(1) 与QA'IDAH-SCP的通信记录。</td></tr><tr><td><span style=""color: white""><sub>بسم الله</sub></span></td><td><span style=""color: white""><sub>الحمد لله</sub></span></td><td><span style=""color: white""><sub>الرحمن الرحيم</sub></span></td><td>(1) QA'IDAH-SCP格式文档。</td></tr></table><p>1. 我接到消息称，192 项目组的成员们出现了极大的意见分歧。为了避免进一步的矛盾，192 项目组今后需要把研究重心重新放回现实扭曲者本人的身上，譬如考察他的配合态度、开发他的能力。我已安排了人员更换，缓冲期一个星期。请注意，这不是对<em>幽玄</em>研究的否定。</p><p>2. Qa'idah-SCP发现了<a href=""/scp-cn-343"">安拉的敌人</a>。他们无法控制它，只能在绝望中向我们求助。我们已经检阅了Qa'idah-SCP发来的资料（见附件），结果令人震惊。它暗示了<em>幽玄</em>不但存在，还可以被人为发掘，被用以逃脱神的惩戒。我必须承认先前没有重视是我个人的失职；但如今总部认识到，此理论的神学意义超出了我们的想象。</p><p>3. 在你收到此信息后，立刻整理你所有的物件并返回伊朗德黑兰的本组织总部。这不是对你本人的不信任，而是如今你的状况比现实扭曲者们更令人担忧：他们意识不到他们的世界与常人究竟区别在哪，而你经历了从无到有的过程，因此了解得更为透彻。因为事发时间久远，已无法对你进行记忆删除；因此，既定事实便是，仅有你保留着窥视<em>幽玄</em>的记忆，对于此理论的全部了解，以及相关的不可预测之可能性。总部紧急会议后，我们给你两个选择。其一是接受我的重托并继续研究<em>幽玄</em>理论；其二想必我不需要明说。</p><p>4. 本组织已同意协助Qa'idah-SCP控制“叛逆者”。此次合作，在名义上，是出于“保护全人类的安全”。作为交换，Qa'idah-SCP同意将一名ORIA探员安置在他们的项目组中，监督、汇报对“叛逆者”的研究。他们看似是付出了无关紧要的代价，实则愚蠢之至。如果你已经阅读了附件中的Qa'idah-SCP格式文档，你会注意到一句话：“叛逆者早已窥见幽玄”。几次通信后，我们发现，Qa'idah-SCP仅仅将“叛逆者”看作一头危险的怪物，而对它真正的能力，以及<em>幽玄</em>究竟为何物，一无所知。</p><p>5. 作为<em>幽玄</em>理论的知情者，你将被委派前往Qa'idah-SCP，并作为上述的监督和汇报者。Qa'idah-SCP极有可能担忧你会偷偷获取、发送有关其它SCP物品的信息；我们也鼓励你伪装出如此做的企图，以转移他们情报人员的防范重心。然而实际上，你将继续探明<em>幽玄</em>究竟为何物，又与“叛逆者”有何联系。</p><p>6. 请记住，我们给了你两个选择。而你稍加思索便能明白，前者不比后者仁慈，而后者比前者轻松得多。如果你需要来自我个人的建议，那么：我们最终都要接受安拉的审判，在那之前，请履行你在人间的使命。</p><p>7. 如果你同意接受这一任务，更多事项，见面详谈。愿真主赐你平安。</p><p>8. 本备忘录发送于2013年12月30日。阅后即焚。</p><p>— Parviz Jafari主任</p><hr /><div style=""float:right""><img src=""http://www.scp-wiki.net/local--files/oria-hub/oria.png"" width=""120px"" alt=""oria.png"" class=""image"" /></div><br /><span style=""font-family: COURIER;""><br /></span><div style=""text-align: center;""><p><span style=""font-family: COURIER;""><span style=""font-size:2.5em;""><strong>机密</strong></span></span></p></div><br /><hr /><br /><br /><br /><br /><hr /><div style=""margin:0 auto;padding: 1px 15px; background-color:#fff; box-shadow: 0 1px 3px rgba(0^0^0^.2);""><p>我简直不敢相信会有人因为教义而对于活生生的研究项目犹豫不前。Ibrahim的国家有巫术罪，他不认同<em>幽玄</em>的理论尚可理解；但Harith博士是科学技术组织的全伊朗最顶尖的科学家，在此问题上没有表现出丝毫的科研精神，着实令我震惊。</p><p>问问我们自己吧。我们是保护人民，还是保护教义？如果是后者，我衷心建议他从回收局辞职，去文化部或者随便哪里。而至于我，我始终认为本组织是第一信条是守护伊斯兰家园的人民与全世界的人类。至于孰者更优，你我心中都有答案。</p><p>好在我们一直以来的努力得到了证实，主任已经承认了我们的成果。请不要为主任重新安排项目组的决定感到失望，他有他的原因。至于我个人，我可以确定地告诉你，<em>幽玄</em>存在。不但存在，还能被<em>后天学习</em>。</p><p>在你读到此便条时，我已奉主任之命，前往完成一项恐怕有去无回的任务。很抱歉我不能告诉你原因，但请记住我是本着上述的信念而去，且将始终坚守。我将无依无靠亦不能再信任任何人，唯独<em>相信</em>我所坚持的亦然正确。很感谢你一直以来愿意帮助我发声，希望你也能时常铭记我今日在信中所说的话。</p><p>此信阅后即焚。我们天堂再见。</p><div style=""text-align: right;""><p>你诚挚的，<br /><span style=""font-family:Segoe Script"">Nasrollah</span><br />2014年2月11日</p></div></div></div>"
