title,link
SCP-031 - 寄生世代,/old:scp-031
SCP-032 - 泰坦尼亚的囚徒,/old:scp-032
SCP-128 - 动能效应实体（旧）,/old:scp-128
SCP-150 - 义肢寄生虫,/old:scp-150
SCP-190 - 玩具箱,/old:scp-190
SCP-215 - 东方木乃伊,/old:scp-215
SCP-218 - 七鰓鰻群集體（旧）,/old:scp-218
SCP-237 - 当代皮格马利翁,/old:scp-237
SCP-240 - 呼气动力飞行器,/old:scp-240
SCP-245 - 近地不明物体,/old:scp-245
SCP-263 - “灰烬与富翁”,/old:scp-263
SCP-265 - 黑伏尔加（旧）,/old:scp-265
SCP-274 - 阴阳井,/old:scp-274
SCP-285 - 心灵功放,/old:scp-285
SCP-287 - 维京幻像剑,/old:scp-287
SCP-326 - “额外”的骨骼,/old:scp-326
SCP-336 - “莉莉丝”（旧）,/old:scp-336
SCP-360 - 作家的阻碍,/old:scp-360
SCP-392 - 夸克分解机,/old:scp-392
SCP-396 - 置换椅,/old:scp-396
SCP-402 - 黑曜石吸收器（旧）,/old:scp-402
SCP-414 - 迎宾擦鞋垫,/old:scp-414
SCP-419 - 隔世之窗（旧）,/old:scp-419
SCP-437 - 伐木者之斧,/old:scp-437
SCP-475 - 绳子上的教皇,/old:scp-475
SCP-489 - 别睡觉,/old:scp-489
SCP-496 - 一个沉没的国度,/old:scp-496
SCP-509 - 清爽桑拿,/old:scp-509
SCP-512 - 反重力雨伞,/old:scp-512
SCP-520 - 闸刀开关（旧）,/old:scp-520
SCP-550 - 小G,/old:scp-550
SCP-553 - 晶蝶,/old:scp-553
SCP-566 - 每日一字（旧）,/old:scp-566
SCP-600 - 全方位摄食者,/old:scp-600
SCP-609 - 神经毒性曲调,/old:scp-609
SCP-625 - 狙踝者,/old:scp-625
SCP-660 - 陶制子宫（旧）,/old:scp-660
SCP-666 - 精神之巢（旧）,/old:scp-666
SCP-667 - 野葛仙灵（旧）,/old:scp-667
SCP-703 - 随机物品产生器,/old:scp-703
SCP-736 - 血液替换晶体,/old:scp-736
SCP-746 - 鸦天狗,/old:scp-746
SCP-757 - 果树（旧）,/old:scp-757
SCP-821 - 错字甘油,/old:scp-821
SCP-847 - 诡谲模特,/old:scp-847
SCP-861 - 坠落人间的天使,/old:scp-861
SCP-864 - 国产食人狂盆,/old:scp-864
SCP-910 - 不朽血浆,/old:scp-910
SCP-928 - 白王,/old:scp-928
SCP-948 - 希望,/old:scp-948
SCP-952 - 红桃杰克,/old:scp-952
SCP-981 - 达摩利克之剑,/old:scp-981
SCP-992 - 盖亚的使者,/old:scp-992
SCP-1047 - 复仇的讽刺路标（旧）,/old:scp-1047
SCP-1070 - 教育用游戏,/old:scp-1070
SCP-1075 - 拖死马,/old:scp-1075
SCP-1120 - 饥饿之碗,/old:scp-1120
SCP-1143 - 猫鼬的圣坛,/old:scp-1143
SCP-1152 - 凸透傘,/old:scp-1152
SCP-1255 - 普世乐音,/old:scp-1255
SCP-1270 - 拿枪的男人,/old:scp-1270
SCP-1313 - 无量尺,/old:scp-1313
SCP-1444 - 梵天神兵,/old:scp-1444
SCP-1463 - 紫色先生,/old:scp-1463
SCP-1466 - 未发现的大陆,/old:scp-1466
SCP-1547 - 母亲的爱（旧）,/old:scp-1547
SCP-1548 - 憎恨之星,/old:scp-1548
SCP-1549 - 移情神使,/old:scp-1549
SCP-1654（旧） - 数据|质量.exe,/old:scp-1654
SCP-1654 - 因果律知识,/old:scp-1654-1
SCP-1701 - 反应堆感知集群,/old:scp-1701
SCP-1778 - 引擎寄生虫,/old:scp-1778
SCP-1798 - 波音的杰作,/old:scp-1798
SCP-1822 - 殖民指南,/old:scp-1822
SCP-1831 - 形状先生,/old:scp-1831
SCP-1909 - 征服者之墓,/old:scp-1909
SCP-1917 - 装甲制造者,/old:scp-1917
SCP-2008 - 喷气推进牛,/old:scp-2008
SCP-2045 - 一大團流動的糖蜜,/old:scp-2045
SCP-2088 - 冰川之下,/old:scp-2088
SCP-2090 - 卡拉帕纳之心,/old:scp-2090
SCP-2117 - 一个氧化者,/old:scp-2117
SCP-2202 - 毕达哥拉斯妖,/old:scp-2202
SCP-2302 - 欢乐时间的游戏计划,/old:scp-2302
SCP-2235 - 流浪鲵人,/old:scp-2235
SCP-2278 - 模仿性实体,/old:scp-2278
SCP-2444 - 库卡巴纳的傲慢,/old:scp-2444
SCP-2520 - 冬天已过,/old:scp-2520
SCP-2601 - 战神之死,/old:scp-2601
SCP-2621 - 警告：替代品必须为同一型号！,/old:scp-2621
SCP-2722 - SCPS 团结号
文件 2722-मा-7A， 回收材料,/old:scp-2722
文件 2722-मा-7A， 回收材料,/old:2722tech
SCP-2801 - 童年衣服箱,/old:scp-2801
SCP-2861 - 木朋克,/old:scp-2861
SCP-2947 - 冷熱自來犬,/old:scp-2947
SCP-2983 - 卡佩尔塞林,/old:scp-2983
SCP-3009 - 爱说俏皮话的外星人,/old:scp-3009
SCP-3028 - 我们所爱的噩梦,/old:scp-3028
SCP-3061 - 恐惧隐形眼镜,/old:scp-3061
SCP-3988 - 骑士的余火,/old:scp-3988
SCP-生意-J - 二手车异常超低价！,/old:scp-deals-j
SCP-1548-CU - 惹人愛的Star,/old:scp-1548-cu
SCP-183-JP - 惩罚之塔,/old:scp-183-jp
SCP-048-D - "Joey",/old:decomm:scp-048-d
SCP-106-D - 人肉炸弹,/old:decomm:scp-106-d
SCP-108-D - 战争之子,/old:decomm:scp-108-d
5700年后,/old:5700-years-later
登山旅行记录,/old:account-of-a-hiking-trip
A-C升E,/old:a-c-sharp-e
缺乏正当措施,/old:a-lack-of-proper-procedure
糟糕的申请,/old:badapplications
齿轮工作,/old:cogwork
定罪,/old:conviction
更深,/old:deeper
全知人,/old:factotum
雾,/old:fog
再见,/old:goodbye
我≠我,/old:i-not-i
法律与秩序,/old:law-and-order
布莱克伍德爵士和调换儿,/old:lord-blackwood-and-the-changelings
往返票,/old:one-way-trip
合体协议,/old:protocol-gattai
嫌犯正在逃亡,/old:we-ve-got-a-runner
I. 猎户座,/old:wanderers:i-orion
II. 大熊座,/old:wanderers:ii-ursa-major
医生与死神,/old:wanderers:the-doctor-and-death
永不安宁之虚空,/old:wanderers:the-restless-void
SCP-PL-022 - 你也有个Tukuturi了！,/old:scp-pl-022
SCP-183-JP - 惩罚之塔,/old:scp-183-jp
我是谁,/old:whoami-by-sally
