title,link,author,contest_name,contest_link
Opportunity Knocks,/opportunity-knocks,tunedtoadeadchannel,Gears Birthday Contest 2009,/gears-birthday-contest-2009
SCP-1000,/scp-1000,thedeadlymoose,SCP-1000 Contest '11,http://www.scp-wiki.net/forum/t-376556/contest-for-1000
Treats,/treats,Dr. Gears,Halloween Contest '12,/halloween-contest
Unfounded,/unfounded-hub,DrClef， Fantem， Photosynthetic， & Pig_Catapult,Canon Contest '13,/new-years-contest
Iteration 0,/iteration-0,FortunateFavorsBold,Five Questions Contest '13 Pt. 1,/five-questions
Playing God,/playing-god,Rikks,Five Questions Contest '13 Pt. 1,/five-questions
Children of Doubt,/children-of-doubt,Roget,Five Questions Contest '13 Pt. 1,/five-questions
A Slumber Did My Spirit Steal,/a-slumber-did-my-spirit-seal,Dmatix,Five Questions Contest '13 Pt. 1,/five-questions
Bugs,/bugs,Giant Enemy Spycrab,Five Questions Contest '13 Pt. 1,/five-questions
And the Winner is...,/and-the-winner-is,Smapti,Time Contest '13,/time-contest
SCP-2000,/scp-2000,FortunateFavorsBold,SCP-2000 Contest '13,/scp2000contesthub
Exit History,/exit-history,FortuneFavorsBold,Under-Appreciated Contest '14,/under-appreciated-contest
Exploded Diagram of a Young Woman,/exploded-diagram-of-a-young-woman,Chubert,Under-Appreciated Contest '14,/under-appreciated-contest
Serpent's Hand,/serpent-s-hand-hub,thedeadlymoose， Dexanote， Vivax， & Zyn,Groups of Interest Contest '14,/goi-contest-2014
Mission Statement,/mission-statement,Dr. Reach,Dystopia Contest '14,/dystopia-contest
The Lucky Dinosaur,/lucky-dinosaur,Sophia Light,Reimagining Contest '15,/reimagining-contest
●●|●●●●●|●●|●,/scp-2521,LurkD,Short Works Contest '15,/short-works-contest
Gears is totally not a robot， guys!,/gears-is-totally-not-a-robot-guys,Dr Solo,April Fools Crack Fiction Contest '16,/an-incredibly-important-announcement
The Minions© day at the scp,/the-minions-day-at-the-scp,Randomini,April Fools Crack Fiction Contest '16,/an-incredibly-important-announcement
It's Not Pronounced Like the Thesaurus， Dammit!,/its-not-pronounced-like-the-thesaurus-dammit,Kestin,April Fools Crack Fiction Contest '16,/an-incredibly-important-announcement
SCP the Anime， part 4 (Gears/Iceberg， Clef/Kondraki， Rights/Light， Kain， monkey!Bright),/scp-the-anime-part-4-gears-iceberg-clef-kondraki-rights-ligh,MrWrong,April Fools Crack Fiction Contest '16,/an-incredibly-important-announcement
Orgy Five Counsel 9: XXXK End of Virginity Scenario,/orgy-5-counsel-9,TyGently,April Fools Crack Fiction Contest '16,/an-incredibly-important-announcement
My Loever， the Dog: The Incredibly True Story of Kain Pathos Crow,/my-loever-the-dog,Zmax15,April Fools Crack Fiction Contest '16,/an-incredibly-important-announcement
SCP-2439,/scp-2439,Jack Ike,D-Class Contest '16,/d-class-contest
SCP-2669,/scp-2669,Kalinin,D-Class Contest '16,/d-class-contest
History,/history,Humanmale,D-Class Contest '16,/d-class-contest
SCP-2624,/scp-2624,Tygently,History Contest '17,/history-contest
Now Hollow Fires Burn Out To Black And Lights Are Guttering Low,/now-hollow-fires-burn-out-to-black-and-lights-are-waning-low,Doctor Cimmerian,History Contest '17,/history-contest
SCP-3000,/scp-3000,A Random Day | djkaktus | Joreth,SCP-3000 Contest '17,/scp3000contesthub
Team Clever Gentlemen,/apotheosis-hub,Weryllium， CadaverCommander， Modern_Erasmus， fieldstone,Doomsday Contest,/doomsday-contest
Recollection,/wanderers:recollection,Gaffney,Fictionalized Life Stories Contest,/wanderers:fictionalized-life-stories-contest
Memories and Old Vinyl,/wanderers:memories-and-old-vinyl,Jack Manganese,Fictionalized Life Stories Contest,/wanderers:fictionalized-life-stories-contest
Forgotten,/wanderers:forgotten,Roget,First Annual Wanderer's Library Writing Contest!,/wanderers:first-annual-wanderer-s-library-writing-contest-ar
