title,link,author,snippet,cn,type
我立于万物之上,/above-all-stand-i,SwanKnight,爱和恐惧常常无法并存，若是必须要从中选出一个，被害怕着可要比被爱着要安全得多。我就是如此。他们竟落得惧怕一个...,false,story_series
AIAD 主頁面,/aiad-homescreen,MScarlet,SCP 基金會| IT 部 人工智能應用部門 What Does Anybody Know...,false,story_series
南极交流中心页,/antarctic-exchange-hub,SergioSerio,吾等，土地女士，众女皇之女皇，其脉第十四位，女皇Utmai...,false,story_series
逆模因部中心頁,/antimemetics-division-hub,MScarlet,逆模因是一種具自我屏蔽特性的概念；一種透過其本身的性質，以阻止或防止他人將其傳播的概念。...,false,story_series
登神中心页,/apotheosis-hub,Sraosha,...,false,story_series
Atzak中心,/atzak-hub,M Element,Atzak I Atzak II Atzak III Atzak IV ...,false,story_series
鹰猎者,/austringers,Idokoe,...,false,story_series
铃者诗章,/bellerverse,Letitia213,...,false,story_series
济河焚舟,/burnt-bridges,qjfoidnh,“好的Daniel，”Dimaccio特工把最后一张表推到桌子另一端的Daniel...,false,story_series
设定中心,/canon-hub,MScarlet,...,false,story_series
代号：绿王,/codename-green-king-hub,Freedom Koo,...,false,story_series
衰败机器中心页,/comedown-machine-hub,DAVE-D-R-Z,第三定律主页 衰败机器中心页 序章: 一份秘密会议的简报 1. 笨拙动物 2. 自动停止 3....,false,story_series
天演末世论,/competitive-eschatology-hub,JustinTrenchcoat,...,false,story_series
阴谋,/conspiracy,(user deleted),...,false,story_series
Cool之战2：Ruiz于你墓中而出,/cool-war-2-hub,Tunardine777,unzip C00L_war_2_ru1z_fr0m_y0ur_gr4ve.7z...,false,story_series
Creepy-Pasta,/creepy-pasta,Archibald1,...,false,story_series
Crossover项目,/crossoverprojectindex,MScarlet,所以，SCP基金会正迅速成为互联网上的一件“东西”——如果不是已经成为了的话。然而，在成为完整的一件“东西”...,false,story_series
恐惧&马戏团中心页,/dread-circuses-hub,qjfoidnh,横幅图片由Zhange创作 “人人都喜欢小丑。” ~ Cole Porter ~...,false,story_series
Dr.Gears故事集,/dr-gears-storytime-entries,Freedom Koo,介绍 我从许多方面质疑过我发在这里的这些条目。试图把自己与同领域的Black Fedora和Josef...,false,story_series
终末中心页,/end-of-line-hub,qjfoidnh,...,false,story_series
祈问上帝中心页,/etdp-hub-page,SergioSerio,...,false,story_series
流动 中心页,/flow-hub,Hannah_AI,当艺术家迎来一个新的世界之时，一扇窗将打开。 伟大的水流在他们的脑海中流动，直到在他们的指尖爆发。...,false,story_series
比赛日,/gamedayindex,Airalin_Knowledge,FROM: Dr. Alto Clef TO: O5议会 RE: ███...,false,story_series
全球超自然联盟档案,/goc-hub-page,Ze_Gui,...,false,story_series
他心之形,/in-his-own-image,Flea_ZER0,基金会的生活及沿途者历经的故事。TroyL著，SunnyClockwork配图，FreedomKoo译。 ...,false,story_series
学习字母表 中心页,/learning-the-alphabet-hub,Agent Phage,...,false,story_series
……就像发条中心页,/like-clockwork-hub,MottHery,...,false,story_series
欢乐基金会中心页,/lolfoundation-hub-page,(user deleted),...,false,story_series
吕墨非奇案之......吕墨非中心页！,/murphy-law-hub,Waterlooper,...,false,story_series
Nexus系列,/nexus-series,qjfoidnh,...,false,story_series
我立于万物之上,/above-all-stand-i,SwanKnight,爱和恐惧常常无法并存，若是必须要从中选出一个，被害怕着可要比被爱着要安全得多。我就是如此。他们竟落得惧怕一个...,false,story_series
AIAD 主頁面,/aiad-homescreen,MScarlet,SCP 基金會| IT 部 人工智能應用部門 What Does Anybody Know...,false,story_series
南极交流中心页,/antarctic-exchange-hub,SergioSerio,吾等，土地女士，众女皇之女皇，其脉第十四位，女皇Utmai...,false,story_series
逆模因部中心頁,/antimemetics-division-hub,MScarlet,逆模因是一種具自我屏蔽特性的概念；一種透過其本身的性質，以阻止或防止他人將其傳播的概念。...,false,story_series
登神中心页,/apotheosis-hub,Sraosha,...,false,story_series
Atzak中心,/atzak-hub,M Element,Atzak I Atzak II Atzak III Atzak IV ...,false,story_series
鹰猎者,/austringers,Idokoe,...,false,story_series
铃者诗章,/bellerverse,Letitia213,...,false,story_series
济河焚舟,/burnt-bridges,qjfoidnh,“好的Daniel，”Dimaccio特工把最后一张表推到桌子另一端的Daniel...,false,story_series
设定中心,/canon-hub,MScarlet,...,false,story_series
代号：绿王,/codename-green-king-hub,Freedom Koo,...,false,story_series
衰败机器中心页,/comedown-machine-hub,DAVE-D-R-Z,第三定律主页 衰败机器中心页 序章: 一份秘密会议的简报 1. 笨拙动物 2. 自动停止 3....,false,story_series
天演末世论,/competitive-eschatology-hub,JustinTrenchcoat,...,false,story_series
阴谋,/conspiracy,(user deleted),...,false,story_series
Cool之战2：Ruiz于你墓中而出,/cool-war-2-hub,Tunardine777,unzip C00L_war_2_ru1z_fr0m_y0ur_gr4ve.7z...,false,story_series
Creepy-Pasta,/creepy-pasta,Archibald1,...,false,story_series
Crossover项目,/crossoverprojectindex,MScarlet,所以，SCP基金会正迅速成为互联网上的一件“东西”——如果不是已经成为了的话。然而，在成为完整的一件“东西”...,false,story_series
恐惧&马戏团中心页,/dread-circuses-hub,qjfoidnh,横幅图片由Zhange创作 “人人都喜欢小丑。” ~ Cole Porter ~...,false,story_series
Dr.Gears故事集,/dr-gears-storytime-entries,Freedom Koo,介绍 我从许多方面质疑过我发在这里的这些条目。试图把自己与同领域的Black Fedora和Josef...,false,story_series
终末中心页,/end-of-line-hub,qjfoidnh,...,false,story_series
祈问上帝中心页,/etdp-hub-page,SergioSerio,...,false,story_series
流动 中心页,/flow-hub,Hannah_AI,当艺术家迎来一个新的世界之时，一扇窗将打开。 伟大的水流在他们的脑海中流动，直到在他们的指尖爆发。...,false,story_series
比赛日,/gamedayindex,Airalin_Knowledge,FROM: Dr. Alto Clef TO: O5议会 RE: ███...,false,story_series
全球超自然联盟档案,/goc-hub-page,Ze_Gui,...,false,story_series
他心之形,/in-his-own-image,Flea_ZER0,基金会的生活及沿途者历经的故事。TroyL著，SunnyClockwork配图，FreedomKoo译。 ...,false,story_series
学习字母表 中心页,/learning-the-alphabet-hub,Agent Phage,...,false,story_series
……就像发条中心页,/like-clockwork-hub,MottHery,...,false,story_series
欢乐基金会中心页,/lolfoundation-hub-page,(user deleted),...,false,story_series
吕墨非奇案之......吕墨非中心页！,/murphy-law-hub,Waterlooper,...,false,story_series
Nexus系列,/nexus-series,qjfoidnh,...,false,story_series
