title,link,detail,cn,type
SCP-001 - 等待解密[已锁],/scp-001,"<div style=""min-height:600px&quot;""><div style=""text-align: center;""><h2 id=""toc0""><span>在管理者的命令下</span></h2><h2 id=""toc1""><span>此文档已被列为</span></h2><h1 id=""toc2""><span><span style=""font-size:200%;"">最高机密</span></span></h1></div><hr /><div class=""content-panel standalone series""><div style=""text-align: justify;""><p><strong>通用说明001-Alpha：</strong>为防止SCP-001的真相泄漏，零份/多份伪造的掩盖文件与一份/多份真正的001文件一并储存。所有涉及到SCP-001本质的文件，包括一份/多份假文件，均受模因抹杀触媒保护，未经授权的人员查看，将立刻导致其心脏骤停死亡。除非受到████-███-██████的指令，否则将SCP-001的内容透漏给公众者将被处决。</p></div></div><hr /><div style=""text-align: center;""><h1 id=""toc3""><span><span style=""font-size:200%;"">警告：</span></span></h1><p>任何未经授权之人员访问该文档将立即被<strong>BERRYMAN-LANGFORD</strong>模因抹杀触媒处决。在未接种合适模因疫苗的情況下向下滚动页面将立刻导致心脏骤停死亡。</p><h1 id=""toc4""><span>你已经被警告过了。</span></h1></div><hr /><p><br /><br /><br /><br /><br /><br /><br /><br /><br /><br /><br /><br /><br /><br /><br /><br /><br /><br /><br /><br /><br /><br /><br /><br /><br /><br /><br /><br /><br /><br /><br /><br /><br /><br /><br /><br /><br /><br /><br /><br /><br /><br /><br /><br /><br /><br /><br /><br /><br /><br /><br /><br /><br /><br /><br /><br /><br /><br /><br /><br /><br /><br /><br /><br /><br /><br /><br /><br /><br /><br /><br /><br /><br /><br /><br /><br /><br /><br /><br /><br /><br /><br /><br /><br /><br /><br /><br /><br /><br /><br /><br /><br /><br /><br /><br /><br /><br /><br /><br /><br /><br /><br /><br /><br /><br /><br /><br /><br /><br /><br /><br /><br /><br /><br /><br /><br /><br /><br /><br /><br /><br /><br /><br /><br /><br /><br /><br /><br /><br /><br /><br /><br /><br /><br /><br /><br /><br /><br /><br /><br /><br /><br /><br /><br /><br /><br /><br /><br /><br /><br /><br /><br /><br /><br /><br /><br /><br /><br /><br /><br /><br /><br /><br /><br /><br /><br /><br /><br /><br /><br /><br /><br /><br /><br /><br /><br /><br /><br /><br /><br /><br /><br /><br /><br /><br /><br /><br /><br /><br /><br /><br /><br /><br /><br /><br /><br /><br /><br /><br /><br /><br /><br /><br /><br /><br /><br /><br /><br /><br /><br /><br /><br /><br /><br /><br /><br /><br /><br /><br /><br /><br /><br /><br /><br /><br /><br /><br /><br /><br /><br /><br /><br /><br /><br /><br /><br /><br /><br /><br /><br /><br /><br /><br /><br /></p><div class=""image-container aligncenter""><img src=""http://scp-wiki.wdfiles.com/local--files/proposals-for-scp-001/fractal-Jan19_1.jpg"" style=""width: 99%; border: solid 1px #000000; padding: 1px"" alt=""fractal-Jan19_1.jpg"" class=""image"" /></div><div style=""text-align: center;""><p><strong>模因抹杀触媒启动</strong></p><p><strong>检测到生命迹象</strong></p><p><strong>解开安全锁</strong></p><p><em>欢迎，已获授权的人员。请选择您要看的文件。</em></p></div><hr /><div class=""content-panel standalone series""><div style=""text-align: center;""><p><a href=""/jonathan-ball-s-proposal"">代号：Jonathan Ball</a> - 资料卷</p><p><a href=""/dr-gears-s-proposal"">代号：Dr. Gears</a> - 原型</p><p><a href=""/dr-clef-s-proposal"">代号：Dr. Clef</a> - 守门者</p><p><a href=""/qntm-s-proposal"">代号：qntm</a> - 锁</p><p><a href=""/scp-001-o5"">代号：Bright</a> - 工厂</p><p><a href=""/dr-manns-proposal"">代号：Dr. Mann</a> - 螺旋路</p><p><a href=""/mackenzie-s-proposal"">代号：Dr. Mackenzie</a> - 遗物</p><p><a href=""/sandrewswann-s-proposal"">代号：S. Andrew Swann</a> - 数据库</p><p><a href=""/scantron-s-proposal"">代号：Scantron</a> - 基金会</p><p><a href=""/djoric-dmatix-proposal"">代号：Djoric/Dmatix</a> - 三十六</p><p><a href=""/roget-s-proposal"">代号：Roget</a> - Keter任务</p><p><a href=""/djkaktus-s-proposal"">代号：djkaktus</a> - 孩子们</p><p><a href=""/kate-mctiriss-s-proposal"">代号：Kate McTiriss</a> - 一份记录</p><p><a href=""/twistedgears-kaktus-proposal"">代号：TwistedGears/Kaktus</a> - 破碎之神</p><p><a href=""/kalinins-proposal"">代号：Kalinin</a> - 过去与未来</p><p><a href=""/wrong-proposal"">代号：Wrong</a> - 一致意见</p><p><a href=""/shaggydredlocks-proposal"">代号：S. D. Locke</a> - 破晓之时</p><p><a href=""/spikebrennan-s-proposal"">代号：Spike Brennan</a> - 上帝的盲点</p><p><a href=""/wjs-proposal"">代号：WJS</a> - 常态</p><p><a href=""/billiths-proposal"">代号：BILLITH</a> - 世界，收容失效</p><p><a href=""/tanhony-s-proposal"">代号：Tanhony</a> - 死人</p><p><a href=""/lily-s-proposal"">代号：Lily</a> - 美丽新世界</p><p><a href=""/tuftos-proposal"">代号：Tufto</a> - 深红之王</p><p><a href=""/djkaktus-s-proposal-ii"">代号: djkaktus II</a> - 赎罪</p><p><a href=""/jim-north-s-proposal"">代号：Jim North</a> - 普通的玩具师</p><p><a href=""/i-h-p-proposal"">代号：I.H. Pickman</a>- 你一生的故事</p><p><a href=""/scp-001-ex"">代号：The Great Hippo (feat. Peppersghost)</a> - 好孩子</p><p><a class=""newpage"" href=""/wmdd-s-proposal"">代号：weizhong|thedeadlymoose|Drewbear|Dexanote</a> - 围栏计划</p></div></div></div>",false,series
SCP-002 - “生活”室,/scp-002,"<div style=""min-height:600px&quot;""><div class=""scp-image-block block-right"" style=""width:300px;""><img src=""http://scp-wiki.wdfiles.com/local--files/scp-002/800px-SCP002.jpg"" style=""width:300px;"" alt=""800px-SCP002.jpg"" class=""image"" /><div class=""scp-image-caption"" style=""width:300px;""><p>收容区域内的SCP-002</p></div></div><p><strong>项目编号：</strong>SCP-002</p><p><strong>项目等级：</strong>Euclid</p><p><strong>特殊收容措施：</strong>SCP-002必须在任何时候都连接在适配电源上，从而使它处在一个类似于充电的状态下。如果发生停电，项目与设施之间的应急屏障将会关上并立刻进行疏散。当设施恢复供电时，必须交替使用X射线和紫外线脉冲频闪这个区域，直到SCP-002重新连接上电源，并进入充电模式为止。整个收容区必须保持在负气压下。</p><p>必须随时有一个由最少2名人员组成的队伍在SCP-002或其收容区的20米范围内，工作人员必须互相时刻保持身体接触以确认另一人仍然存在，因为接近项目可能会使感知变得迟钝，扭曲，或受其他影响。</p><p>3级以下的人员禁止进入SCP-002，此限制可通过两名4级管理员的书面授权免除。发出此授权的指挥人员必须在人员进行接触期间由最少5名3级安保人员陪同，并必须暂时放弃自己的职位及安保等级。在进行接触后，指挥者将会被护送至离SCP-002最少5公里外的位置进行最少72小时的隔离及精神状态评估。如果精神评估部门工作人员认可他适合回到岗位上的话，职位及安保等级将会在结束隔离后恢复。</p><p><strong>描述：</strong>SCP-002外形像一个体积约60m³(或2000ft³)的肉瘤。其中一侧立有一个能通往内部的铁制带有阀门的舱门，其内部看起来像一所有着大小适中的标准廉租公寓。 其中一面墙上有一扇独窗，但从外部并不能看到这样一个开口。房间中放有一些家具，近距离观察显示，它们似乎都是由雕刻过的骨头，编织过的头发以及其他多种人体产生的生物物质组成。目前经过测试的物质显示，房间中每个物品都含有独立的或者断开的DNA序列。</p><p>关于发现该项目的过程细节，参阅Mulhausen报告[引用于：文件00.023.603]。</p><p><strong>参考资料：</strong>至今为止，对象已经造成了七名人员的消失。在收容设施里的这段时间中它又为自身添设了2盏灯、一张地毯、一台电视、一台收音机、一张豆袋椅、三本以未知语言写就的书、四个儿童玩具以及一株小盆栽。使用各种实验室动物包括高等灵长类所进行的测试无法使SCP-002作出反应。使用尸体亦无法产生任何效果。无论目标是通过何种过程将生物物质转化为家具的，显然只有引入活的人类才能推动这个过程。</p><blockquote><p>查看Mulhausen报告 文档编号：00.023.603</p></blockquote><blockquote><p>Mulhausen报告[00.023.603]<br /><br />以下是关于发现SCP-002的细节过程的简短报告<br /><br />项目于其脱离轨道撞击地球时在葡萄牙北部留下的一个陨坑内被发现。它被一层厚岩石壳包裹着，其肉质表层在撞击时暴露了出来。一名当地农夫偶然地发现了它并告知了村长。当一名4级特工在此区域检测到项目产生的小剂量放射性异常后，项目引起了基金会的注意。<br /><br />一个由Mulhausen将军带领、SCP安保人员组成的搜集小队立刻被派遣到这个区域。他们很快将项目保存在了一个大型容器里，并从附近的村落中招募人员对其展开初步测试，三名男人分别单独进入了建筑并先后消失。在发现项目的此一致命性质后，Mulhausen将军发布了4A级目击者处决命令（大约整个村落的1/3）以确保该项目的消息不致外泄，并且开始将它运输至SCP设施[数据删除]。<br /><br />在运输的准备过程中，四名SCP保安人员被以某种未知的方式吸进了项目内，并在其中瞬间消失。在接下来的检查中发现，项目似乎“长出”了一些新家具，而且开始看起来像一个公寓房间。 Mulhausen将军马上下令征用一些三级HAZMAT防护服给予残存的安保团队成员，让他们将容器搬到待命中的货船中，并将其运送到SCP收容设施中。<br /><br />[数据删除]<br /><br />[数据删除]<br /><br />在Mulhausen将军被处决后，SCP-002被SCP人员重新控制并存入位于[机密]的特殊收容中，即现在所在的位置。在Mulhausen事件后，除非拥有最少两名4级人员的优先批准，权限在3级以下的人员被禁止进入SCP-002的容器中。</p></blockquote><div class=""footer-wikiwalk-nav""><div style=""text-align: center;""><p>« <a href=""/scp-001"">SCP-001</a> | SCP-002 | <a href=""/scp-003"">SCP-003</a> »</p></div></div></div>",false,series
SCP-003 - 生物母版,/scp-003,"<div style=""min-height:600px&quot;""><div class=""scp-image-block block-right"" style=""width:300px;""><img src=""http://scp-wiki.wdfiles.com/local--files/scp-003/SCP-003a.jpg"" style=""width:300px;"" alt=""SCP-003a.jpg"" class=""image"" /><div class=""scp-image-caption"" style=""width:300px;""><p>SCP-003回路图近照</p></div></div><p><strong>项目编号：</strong>SCP-003</p><p><strong>项目等级：</strong>Euclid</p><p><strong>特殊收容措施：</strong> SCP-003须置于35℃以上的恒温环境中，理想条件为100℃以上。第四类或更高复杂性的多细胞生物不得接触SCP-003。</p><p>若发生全局性电力故障，SCP-003-1的质量开始增长时，指定人员必须开始和SCP-003-1进行皮肤接触。理想情况下，该人员将会使SCP-003-1回到临界温度之上；但是，即使SCP-003抵达活化温度，皮肤接触亦必须维持，至少直到SCP-003-1完全进入第二成长阶段为止。</p><p>进入SCP-003收容区的人员必须就是否带有第四类或更高复杂性的寄生虫进行检查，并在发现其存在的情况下进行灭菌。所有与SCP-003-1进行身体接触的人员须立即递交灭菌报告。</p><p>除非上述紧急情况，禁止令SCP-003-1远离SCP-003-2。SCP-003-2发生的任何符文活性（包括模式、频率或颜色）上的显着变化都要在三(3)小时内上报。若符文活动停止则须立即报告。SCP-003-2必须通过指定来源的发电机003-IX全天候供电。</p><p><strong>描述：</strong>SCP-003由两块相关但不同源的组件组成，分别记作SCP-003-1与SCP-003-2。</p><p>SCP-003-1由甲壳质、毛发及甲状物组成，无一具有已知生物学特征，排布成类似计算机母板的结构。检测表明，SCP-003-1要先于最早的已知电路板数千年。SCP-003-1被认定有感知力，但除非被置于某些条件之下，否则不具危险性。</p><p>SCP-003-1被发现于一块石碑，SCP-003-2上，而SCP-003-1现栖息在其上。SCP-003-2上的符文不属于任何已知的文字，并会发出苍白，闪烁的亮光。</p><p>SCP-003-2由一台（非生物性）内部计算器所操控，其内容几乎无法在不损坏SCP-003-2的情况下被存取。 SCP-003-2能控制辐射的排放，包括热，光，以及多种异常辐射。SCP-003-2包含一内置异常性质的电源，其电力似乎在被发现前数百年开始流失。</p><p>SCP-003-2被认为有可能是为了用来收容SCP-003-1而创造的。从SCP-003-2回收的部份已解译数据可能和一个在过去或/及未来中由SCP-003-1造成的LK级重组事件有关。</p><p>SCP-003由远程监视小组SRV-04 Beta所发现。似乎很有可能是SCP-003-2刻意联络 SRV-04 Beta的。其他组织同样得知SCP-003的存在，可能亦是透过类似方式得知。与以上行为相对，基于SCP-003-2对M03-Gloria分析及行动毫无反应的事实，可以认为它无感知能力。</p><p>当SCP-003的温度降至35℃以下，两个组件会同时做出反应。</p><p>首先，SCP-003-1会进入增殖状态，特征为其质量呈指数增长。此状态分为两个阶段，自始至终，SCP-003-1会部分地通过转换周围的物质促进自身增殖。先是无机物，如大气成分，继而是无生命的有机物，如死皮细胞、毛发、甲壳质、珐琅质、角蛋白及其他生物材料。</p><p>第一阶段总是不变。 SCP-003-1首先会增加其质量，然后形成直径十五米，形似蛇尾（ophiuroid^ brittle star）的型态（包括直径三米，形似中央处理器的物体）。它会形成感知器官扫瞄周遭环境，并将其周围的部份区域转化为一种未定义异常物质（SCP-003-2似乎免疫这种转化）。</p><p>第二阶段指SCP-003接触到活体有机物质时发生的增殖改变；SCP-003会从有机物质""取样""，并会试图与和最初的""样本""或""样本们""匹配的生物进行沟通。</p><p>在第二阶段中，SCP-003-1可能会暂停，减慢或改变其增殖，而且也会把无机及有机无生命元素转换为能够运作的类似结构，同时异常地改变它们的身体结构。</p><p>尽管第一阶段的增殖速率始终如一，但在第二阶段，只要SCP-003-1与活体有机物质保持接触，它的增殖速率便会跌落至原先的20%到90%。此百分比取决于与之接触的有机体的复杂程度；SCP-003-1似乎将大量维持运转的能量用于活体有机体的解析过程。</p><p>在每个增殖阶段中，SCP-003-2会释放辐射信号脉冲暂时抑制SCP-003-1的生长，或在SCP-003-1的温度超过100℃时逆转其生长过程。类似的辐射已通过其他异常方法复制或记录。</p><p>SCP-003-1的生物学一直是广泛研究的课题。已经确定SCP-███、<a href=""/scp-1512"">SCP-1512</a>和<a class=""newpage"" href=""/scp-2756"">SCP-2756</a>的类似重要元素，后两者没有与SCP-003-1的进一步关联，未知两者间的关联，且没有完全了解（技术上，甚至所知比SCP-003-1少，感谢对SCP-003项目广泛的跨学术研究）。迄今，没有提出令人信服的、可以满意地解释SCP-003-1与这些SCP项目或其它联系的分析，也没有其外观除现代化技术外的联系（以及通过未知机制的潜在模拟）。</p><p><strong>附录003-01：</strong>按照从对比数据分析以及对SCP-003-2符文的语言分析中获取的信息，M03-Gloria 调查团设法在SCP-003与[数据删除]间建立了连接，用以分析其机能。SCP-003-1目前被认定拥有感知力，须随时与[数据删除]及作为结果的“副产物”保持至少一公里的距离。</p><p><strong>附录003-02：</strong>M03-Gloria的行动加剧了SCP-003-2的功率损耗。在O5-10的命令下，M03-Gloria将继续执行。</p><p><strong>附录003-03：</strong>在执行M03-Gloria的过程中，SCP-003-1的质量翻了一倍，并开始了结构上的快速增殖，其温度立刻恢复至100℃。增殖与质量的增长持续了9分6秒，期间，SCP-003-2发出了持续辐射脉冲。SCP-003-1在3分39秒返回其正常状态以示响应。新的生长物分解成了粉末状残渣，现已回收供分析之用。其后两者终止了一切可识别的活动。SCP-003-2停止了活动，直到接上外来电源才恢愎活动。SCP-003-2的符文散发出均匀的微光，在三(3)小时后才恢复正常的活性。现在若非借助由发电机003-III至IX提供的外部电源，SCP-003-2已无法将收容区的温度维持在35℃以上。</p><p><strong>附录003-04：</strong>附录003-03提及的过程再次出现，SCP-003-1重新进入了生长状态。10分13秒后，SCP-003-2再次发出持续辐射脉冲。SCP-003-1一时停止生长，36秒后恢复了先前的生长速度。</p><p>SCP-003-1的质量达到原先的四倍时，它构造出了纹理清晰的外壳及躯体。在探查周遭环境，并转化了一部分环境后，SCP-003-1突破了收容，进入观察室，与在场的九名M03-Gloria成员进行了身体接触。SCP-003-1以迅速生长的附肢包围他们，然后在接下来的15分钟，SCP-003-1暂停了生长。待恢复后，SCP-003-1将自身结构中心部的零件重新排列，形成一个三米高的雌性人型生物，周身环绕的“触手”从它新近形成的“头发”和脊椎上伸出来，游移不定。而后SCP-003-1展示出了尚未成熟的发声技巧以初步尝试与研究人员进行交流。[数据删除]</p><p>一位身份不明的个体协同一队整编特工接近了受损的管控区。个体声称其奉O5-10之命尝试与SCP-003-1进行交流。[数据删除]</p><p>在此事故后，M03-Gloria的特工Jackson顺利恢复了SCP-003-2的电力供应并启动了后备发电机，使温度恢复至100℃。SCP-003-1在21分7秒后返回了正常状态，无惊无险地重新处于收容之中。</p><p>所有九名与SCP-003-1接触的M03-Gloria成员后来没发现有身体上的损伤，除精神打击外无任何残留效应。原先作为SCP-003收容区的物质被转换后未发生分解，现正处于分析中。</p><p><strong>附录003-05：</strong>鉴于先前的事故，O5-10在O5-██、O5-██与O5-██的联合决议下从O5议会中除名。无限期冻结M03-Gloria的一切行动。</p><hr /><h2 id=""toc0""><span>== 需要M03-GLORIA程序特殊访问权限 ==</span></h2><div class=""collapsible-block""><div class=""collapsible-block-folded""><a class=""collapsible-block-link"" href=""javascript:;"">+ 允许存取。显示档案</a></div><div class=""collapsible-block-unfolded"" style=""display:none""><div class=""collapsible-block-unfolded-link""><a class=""collapsible-block-link"" href=""javascript:;"">- 关闭档案。</a></div><div class=""collapsible-block-content""><blockquote><p>事故报告A21-B 循环8 副本。分发予O5指挥部及职员。<br /><br /><span style=""text-decoration: underline;"">访问者</span>： ██████████，█████，及 ███████████<br /><span style=""text-decoration: underline;"">旁听者</span>： O5-2，O5-5，O5-7，O5-10，及职员<br /><span style=""text-decoration: underline;"">受访者</span>： M03-Gloria 领导人Tilda David Moose博士<br /><br /><strong>摘录35A</strong><br /><br />她尝试和我们对话。我们都在脑海中听见她的声音，是一种我们无法完全理解的半语言。其他有些人马上就倒下了。我坚持的比较久，但并不是因为我心志堅强。而只是她正想告诉我们一些东西。<br /><br />她向Jones展示他一切的记忆，包括他当时的感受。整个过程只用了几分钟。她又把三名研究员撕成几块后再毫发无损地将他们拼回去。她不明白人类的感情，或痛苦。或更多是关于我们如何去看这个世界。<br /><br />没错，我会说，收容措施是必要的。<br /><br />听我说，她想重塑这个世界。重塑成一个天堂。一个被她对天堂的扭曲了解影响，但仍然是为我们，为人类而设的天堂。她很乐意为遇上的第一个，任何足够复杂的生物造一个天堂。只要是心智复杂到足以接受她就行。比如说，一只狗。或是说，一头苍蝇。<br /><br />如果她再次突破收容，我们要先接触她。<br /><br />那会是怎样的光景？我不知道。她向我展示了一副影像 — 不全是影像。我能在脑海中看见它们，但它们不是图像。我能想象到最接近的东西是，当你紧闭眼睛时很看到的东西，但更光亮更复杂。这些影像还有些和它们有关的金属声音，以及我们没有适当词语或概念去描述的感官细节。<br /><br />整个效应感觉像话语之类的。我相信她想看我们能明白的东西，然后她就能理解我们了。<br /><br />她没时间将我们完全分析。我无法想象如果她完成了会有什么事发生。</p></blockquote></div><div class=""collapsible-block-unfolded-link""><a class=""collapsible-block-link"" href=""javascript:;"">- 关闭档案。</a></div></div></div><hr /><div class=""footer-wikiwalk-nav""><div style=""text-align: center;""><p>« <a href=""/scp-002"">SCP-002</a> | SCP-003 | <a href=""/scp-004"">SCP-004</a> »</p></div></div></div>",false,series
SCP-004 - 穿越锈钥之门,/scp-004,"<div style=""min-height:600px&quot;""><div class=""scp-image-block block-right"" style=""width:300px;""><img src=""http://scp-wiki.wdfiles.com/local--files/scp-004/SCP004_door.jpg"" style=""width:300px;"" alt=""SCP004_door.jpg"" class=""image"" /><div class=""scp-image-caption"" style=""width:300px;""><p>SCP-004-1</p></div></div><p><strong>项目编号：</strong>SCP-004</p><p><strong>项目等级：</strong>Euclid</p><p><strong>特殊收容措施：</strong>操作项目SCP-004-2至SCP-004-13时，严格遵守规程显得至关重要。只有在两名4级安保人员的陪同下，才允许将对象带离现场。严禁携带SCP-004的任何组分穿过SCP-004-1。该行为的后果尚不得而知，但其损失却将使深入的研究变成纸上谈兵。一旦SCP-004-1内部的对象突破收容或设施遭到破坏，则必须赶在Site-62的导弹弹头激活之前将钥匙带回内部并给门上锁。未经授权而将钥匙移出试验区的行为足以成为就地处决的理由。</p><p>对SCP-004-1进行基本访问需1级许可；使用SCP-004-2至SCP-004-13需4级许可。</p><p><strong>描述：</strong>SCP-004包括一扇陈旧的木质仓库门（SCP-004-1）以及一组共计12把的生锈的金属钥匙（SCP-004-2至SCP-004-13）。门本身是位于[数据删除]的一座废弃工厂的入口。</p><h4 id=""toc0""><span><strong>编年史</strong></span></h4><p><strong>1949年7月2日：</strong>三名少年非法侵入██████████附近联邦政府的房产时，发现了这扇门。根据证词，他们在一铁制保险箱内发现了一串生锈的钥匙，当即决定找出与钥匙对应的门。后来其中一人（SCP-004-CAS01）失踪，另外二人在联系司法长官█████████████████之后遭到了拘捕。</p><p><strong>1949年7月3日：</strong>地方当局在距SCP-004-1八公里处发现了SCP-004-CAS01被切断的右手，尸体的其它一些部分则四下散布，最远一处距厂区32公里。在讯问中，羁押的少年向当局坦白，当SCP-004-CAS01用其中一把钥匙开门时，身体突然被撕裂成若干碎片，可它们全都消失不见了。SCP基金会就此接管调查。</p><p><strong>1949年7月4日：</strong>SCP特工█████自地方当局处得到了钥匙以便开展试验，结果显示SCP-004-2至SCP-004-13全部适用于这扇紧闭的大门上的锁孔。12名D级人员被指定为受试者，持不同的钥匙进入房间以测试门的种种效应，结果仅有两人幸存，使用SCP-004-7及SCP-004-12以外的钥匙打开房门的受试者无一不被切割得七零八落。然而，直到后来才发现了肢解的尸块。撰写此记录时，只为每名受试者寻回两块尸块（使用SCP-004-█的受试者不在其列，此人的尸块零星散落在附近），其余皆杳不可寻。</p><p>两名幸存的受试者中，只有一人（使用了SCP-004-7）毫发无损。另一人则陷入了近乎紧张症的状态，踉跄地走到门口之后便瘫倒在地，且须随时看管起来，以防他抠出自己的双眼（见附录A：SCP-004-12对精神状态的影响）。使用SCP-004-7的受试者说他进入了一个巨大的空间，作为一栋附属的建筑来说未免大得离谱。在他撤离后，一个由3级人员组成的全副武装的小分队进入了强制开启的SCP-004-1，发现其空间的大小实在难以估量，门框和队员们是其中仅有的可以照亮和感知到的物体。</p><p><strong>1949年7月16日：</strong>处决了两名少年嫌犯及司法长官█████████████████。</p><p><strong>1949年8月2日：</strong>以“未引爆武器”为由宣布█████████████████为危险区，并在周边设立栅栏，防止平民进入。开始就暴露在SCP-004-1内部环境的安全性进行试验。</p><p><strong>1950年12月1日：</strong>已证实暴露在SCP-004环境下会引发时空异常。在另行通知之前，试验活动将暂停。</p><p><strong>19██年7月2日：</strong>一度下落不明的SCP-004-CAS01的残余部分意外地出现在SCP-004-1外部。虽然SCP-004-CAS01死于数十年前，尸体的残部却无丝毫腐败的迹象，且血不凝固，触感尚温。现已将其运走以进行相关测试。</p><p><strong>19██年7月4日：</strong>原12名受试者之一的失踪的残部以类似SCP-004-CAS01的方式重见天日。命名这部分尸体为SCP-004-CAS02。记录显示SCP-004-CAS01与SCP-004-CAS02均使用了SCP-004-██。</p><p><strong>1999年3月21日：</strong>鉴于核武器大规模扩散，距第三次世界大战仅余██年，在SCP-004-1内部某地启动了一项施工计划。该处用于储备足以供应███████人*天<sup class=""footnoteref""><a id=""footnoteref-1"" href=""javascript:;"" class=""footnoteref"" onclick=""WIKIDOT.page.utils.scrollToReference('footnote-1')"">1</a></sup>的物资。</p><p><strong>1999年4月21日：</strong>█████████████████下令扩展SCP-004-1的内部站点，内容包括可以收容所有易于转移的SCP-███样本的应急仓库，以及可以存储全部SCP资料的██PB<sup class=""footnoteref""><a id=""footnoteref-2"" href=""javascript:;"" class=""footnoteref"" onclick=""WIKIDOT.page.utils.scrollToReference('footnote-2')"">2</a></sup>的数据库。此处及其设施现称为Site-62。</p><p><strong>2000年9月25日：</strong>Site-62正式投入运作。实验室及管控单元全数就位，足以监管最危险的样本。SCP数据库的备份工作业已开始。</p><p><strong>2001年1月25日：</strong>由于时间的异常（见下文“时空异常”），现规定Site-62的全部工作人员必须永久居住在现场。已通知相关亲属其爱人在劳动事故中丧生，葬礼上的克隆尸体也预备妥当。</p><p><strong>2003年8月14日：</strong>美国东北部发生大规模停电，事故甚至波及到了加拿大。随着SCP的多个发电机接连失效，Site-62陷入了长达53分钟的停电中，伸手不见五指。现场人员报告说“觉察”到了某些人和生物，虽然当时并不能观察或感知到任何异样的实体。一些被选中的设施工作人员获准阅读████████████（附录A），他们表示“觉察”到的生物具有人类的体型，在某种程度上却与描述中的巨型绿色生物十分相似。</p><h4 id=""toc1""><span><strong>时空异常</strong></span></h4><p>SCP-004似乎会传播时空异常，离开设施的人员纷纷报告遗失了时间。那些驻扎在站点数星期的人坚称只停留了几天，且作业记录和补给品的消耗量均可支持他们的论断。其它的时间异常则牵涉到SCP-004-2至SCP-004-13，尤其是SCP-004-CAS01和SCP-004-CAS02在使用过SCP-004-██后恰好██年时重新出现。现已委派████████████████████调查此类时间异常的方方面面。空间异常的例子则是通过SCP-004-7开启的那片广袤的区域，规模简直大得不可思议。同样，2003年的停电事故也表明，Site-62坐落的位置存在着一个交变的位面。</p><p>试验表明，钥匙中的10把都能将SCP-004-1开启为一个全新的维度，那里的构造和物理法则都与我们的世界大相径庭。遭遇如此险恶状况的受试者被大卸八块之后，尸块散落在不同的处所，经核实，只有三处是在地球。在其中的两处地点很快便发现了尸体，第三处地点的尸体则刚好出现在██年后的未来。其余七个地点尚不得而知。</p><p>目前的测试集中于两条研究途径：一是探寻在SCP-004的恶劣环境下生存的方法，二是[数据删除]主张SCP-004-2至SCP-004-13或许可以打开SCP-004-1之外的大门。</p><h4 id=""toc2""><span><strong>附录A：SCP-004-12对精神状态的影响</strong></span></h4><p>所有使用SCP-004-12的D级人员归来时都陷入了紧张症状态，口不能言。其中一些保持足够体力的则不断试图挖出自己的双眼。16名受试者中共有4人幸存，仅有一人在长期心理治疗后恢复了对话能力，能够向精神科医生描述他所见的巨型绿色生物，巨大到其身体的大部分一直延伸至视野以外。他讲述着自己内心的惶恐，突然意识到它“好像已深深嵌入了（他）原初的恐惧之中”，并强行灌输着“无人能解”的记忆。受试者表现出严重的顺行性及逆行性遗忘<sup class=""footnoteref""><a id=""footnoteref-3"" href=""javascript:;"" class=""footnoteref"" onclick=""WIKIDOT.page.utils.scrollToReference('footnote-3')"">3</a></sup>。</p><h4 id=""toc3""><span><strong>附录B：补充信息</strong></span></h4><p><strong>项目编号：</strong>SCP-004-14</p><p><strong>发现日期：</strong>1950年9月2日</p><p><strong>对象来源：</strong>发现于厂区的另一处地方——之前一直未发现的经纪人办公室。</p><p><strong>描述：</strong>该对象为一大型的质朴木箱，可以通过“安全”钥匙SCP-004-7开启，当然也可能是“危险”钥匙中的5把（见文档SCP-004-1）。</p><p>以SCP-004-7解锁SCP-004-14时，箱子通过铰链自行开启，其内部容量是同样容积在外部维度下容量的五倍。箱盖保持敞开状态，内部的物品对箱子的重量或其它属性无任何影响。然而当箱盖闭合并上锁后，所有物品与进入箱子的人员均消失得一干二净。然而以此方式消失的人员却似乎对[数据删除]的梦境产生了显著的影响。</p><div class=""footnotes-footer""><div class=""title"">Footnotes</div><div class=""footnote-footer"" id=""footnote-1""><a href=""javascript:;"" onclick=""WIKIDOT.page.utils.scrollToReference('footnoteref-1')"">1</a>. <strong>译注：</strong> 人*天，统计单位，指每人每天完成的工作量，此处应用作每人每天消耗的物资。</div><div class=""footnote-footer"" id=""footnote-2""><a href=""javascript:;"" onclick=""WIKIDOT.page.utils.scrollToReference('footnoteref-2')"">2</a>. <strong>译注：</strong>1PB=1024TB，1TB=1024GB</div><div class=""footnote-footer"" id=""footnote-3""><a href=""javascript:;"" onclick=""WIKIDOT.page.utils.scrollToReference('footnoteref-3')"">3</a>. <strong>译注：</strong> 顺行性遗忘即无法记起患病之后的事件，逆行性遗忘即无法记起患病前的事件。</div></div><div class=""footer-wikiwalk-nav""><div style=""text-align: center;""><p>« <a href=""/scp-003"">SCP-003</a> | SCP-004 | <a href=""/scp-005"">SCP-005</a> »</p></div></div></div>",false,series
SCP-005 - 万能钥匙,/scp-005,"<div style=""min-height:600px&quot;""><div class=""scp-image-block block-right"" style=""width:300px;""><img src=""http://scp-wiki.wdfiles.com/local--files/scp-005/SCP-005.jpg"" style=""width:300px;"" alt=""SCP-005.jpg"" class=""image"" /><div class=""scp-image-caption"" style=""width:300px;""><p>SCP-005的一张特写</p></div></div><p><strong>项目编号：</strong>SCP-005</p><p><strong>项目等级：</strong>Safe</p><p><strong>特殊收容措施：</strong>从直觉角度说，SCP-005没有显露出任何危险性。即便如此，它独特的功能也要求采取特殊措施限制接触及操作对象的权限。从管控区转移对象至少需要一名4级人员的许可。</p><p><strong>描述：</strong>从外观上看，SCP-005就是一把装饰华丽的钥匙，表现出20世纪20年代大规模生产的钥匙的典型特征。SCP-005被发现时，一名平民正用它潜入一栋守卫森严的设施。它似乎拥有可以轻而易举地打开任何形式的锁（见附录A）的能力，不论那锁是机械式的还是数字式的。该能力的来源目前依旧无法断定。</p><p><strong>追加记录：</strong>在至少一名4级人员的监督之下，SCP-005可用做丢失的安全通行证的替代品，但禁止用于自动贩卖机的修理、开启寄物柜或充当私人宅邸的备用钥匙。把对象移出围墙将面临就地处决。</p><p><strong>附录A：</strong>虽然SCP-005在解除任何形式的闩锁装置方面显得卓有成效，但在進一步的實驗裏，我們成功透過掩饰锁的功用与特征在某种程度上令SCP-005無法開鎖。在大约50%的案例中，如果志愿者无法认出闩锁装置，SCP-005也就无法成功破解。基于这些试验结果，SCP-005暂时归入“有感知力”的类别，还要开展进一步的试验以测试其認知能力。可我们只了解到上述装置可以蒙混过关，却并不清楚究竟是哪些特征能够阻止其认出特定的锁。</p><div class=""footer-wikiwalk-nav""><div style=""text-align: center;""><p>« <a href=""/scp-004"">SCP-004</a> | SCP-005 | <a href=""/scp-006"">SCP-006</a> »</p></div></div></div>",false,series
SCP-100 - “Jamaican Joe的废品嘉年华”,/scp-100,"<div style=""min-height:600px&quot;""><div class=""scp-image-block block-right"" style=""width:320px;""><img src=""http://scp-wiki.wdfiles.com/local--files/scp-100/1YBBZ.png"" style=""width:320px;"" alt=""1YBBZ.png"" class=""image"" /><div class=""scp-image-caption"" style=""width:320px;""><p>SCP-100的店面，外观</p></div></div><p><strong>项目编号：</strong>SCP-100</p><p><strong>项目等级：</strong>Euclid</p><p><strong>特殊收容措施：</strong>SCP-100的栅栏区域内有6名守卫进行巡逻，还有2名守卫负责监控内部和外部的仓库和住宅建筑，每3小时轮换一次。在SCP-100内发现任何未经授权的人员将被扣留和讯问，随后实行记忆消除并释放。</p><p>3名守卫将留在SCP-100的店面内，每8小时轮换一次。店面正门应随时保持锁住，只有必要人员才持有钥匙。“私人财产”和“不得翻越”的警告标志应放置在店面前，以阻止任何司机停在SCP-100停留。</p><p>任何被SCP-100-1所制造的物品将被移出SCP-100并溶解成渣，除了SCP-100-2-A和SCP-100-2-B例外。若任何SCP-100-1变得不合作，SCP-100-2-A和SCP-100-2-B将被移出SCP-100直到SCP-100-1变得再次合作为止。</p><p>SCP-100内最大的两个仓库将被改装成基础研究设施。所有由SCP-100-1制造的物品，包括SCP-100-2-A和SCP-100-2-B，都可以用于研究目的。对SCP-100-1本身的测试则需要首席研究员的书面批准。</p><p><strong>描述：</strong>SCP-100是位于南卡罗莱纳州的一个废弃的废品堆放站，离█████████有80公里，最为知名的名字是“Jamaican Joe's Junkyard Jubilee”。该堆放站拥有5000平方米用栅栏围起的土地，包括两个仓库，一个店面，和一个小型的居住建筑，包括空地<sup class=""footnoteref""><a id=""footnoteref-1"" href=""javascript:;"" class=""footnoteref"" onclick=""WIKIDOT.page.utils.scrollToReference('footnote-1')"">1</a></sup>和用于储存的面积。SCP-100收容有约1500辆汽车，包括已经被压扁和还没处理的，还有约1400公斤的零碎金属，价值约5000美元（3870欧元）。</p><p>SCP-100的异常效应体现在SCP-100-1和其造物上，包括SCP-100-2-A和SCP-100-2-B。项目会在SCP-100-1或其造物穿过SCP-100的栅栏时失去自主可动性，并保持该状态直到上述个体归还为止。</p><p>SCP-100-1是一个有自我意识且有智能的人形造物，由一系列钢管，未绝缘的铜线，和铝罐组成。SCP-100-1缺少进行书面或口头沟通的能力，尽管如此它有能力通过基本的信号（灯光）语言进行交流。SCP-100-1很大部分程度上不太关心外部销售和它被限制起来的信息。SCP-100-1似乎展示出制造技巧，并证明有能力操作诸如电焊机，钻头，和电锯，以及重型机械诸如车辆压缩机和铲车。</p><p>SCP-100-1展示出可以制造和其异常特性类似的个体，通过使用SCP-100内的各种材料，SCP-100-1创造了4个特殊动物-鬣蜥、鳄鱼、乌龟和火烈鸟－－尽管如此，SCP-100-1已知还创造过其他物种，诸如宠物。为了保持其顺从，SCP-100-1被允许持有2个物品，标记为SCP-100-2-A和SCP-100-2-B。</p><div class=""scp-image-block block-right"" style=""width:320px;""><img src=""http://scp-wiki.wdfiles.com/local--files/scp-100/Dtddh.jpg"" style=""width:320px;"" alt=""Dtddh.jpg"" class=""image"" /><div class=""scp-image-caption"" style=""width:320px;""><p>SCP-100-2-A和SCP-100-2-B正巡逻临时围栏的维修</p></div></div><p>SCP-100-2-A和SCP-100-2-B设计表面上类似于昆虫，假定是由SCP-100制造，因为它们在初次发现SCP-100时就占据了此处。SCP-100-2-A和SCP-100-2-B的背后分别印有名字“Raymone”和“Beatrice”。它们似乎同时作为同伴运作并守卫SCP-100，它们只在与SCP-100-1交流的间隔才停下，其他时间都在SCP-100的范围内巡逻。</p><p>SCP-100-1似乎服从一种仪式安排，每日重复以下行为。</p><ul><li>在0800时到1500时，SCP-100-1进入SCP-100的店面，坐在柜台后面并试图和进入店面的人类谈价。偶尔的，SCP-100-1会较早的回到堆放场内，理由未知。</li><li>在1500时到1600时，SCP-100-1通过模糊手势和脚步运动进行和SCP-100-2-A和SCP-100-2-B进行交流。交流内容包括装饰，修理，以及类似“取物”和“捉迷藏”的行为。</li><li>在1600时到2000时，SCP-100-1进行各种工作，包括从SCP-100内取得材料，清扫和维护工具以及重型机械，并清扫SCP-100内建筑物的内部和外部。</li><li>在2000时到0000时，SCP-100-1进行假定为休闲的行为，行为包括制造新物品，和SCP-100-2-A和SCP-100-2-B交流，在SCP-100内巡逻等。</li><li>在0000时到0080时，SCP-100-1进入住宅建筑，并在此期间一直坐在书桌后面。</li></ul><p>若在SCP-100-1坐在柜台后时有人类进入SCP-100的店面，SCP-100-1将试图与他们交易，使用各种手势来表达意思。SCP-100-1大部分情况试图出售废品，它自己的造物，或修理服务，尽管如此它知道如何购买废品。尽管SCP-100-1无法阅读，但是它在销售中显示出有基础的数学计算能力。</p><p>SCP-100-1所做的销售显示出某种程度的不公平。SCP-100-1会故意出售用便宜金属制作的有缺陷的天平和有污渍的废品堆，并似乎有关于SCP-100效应的知识，因为SCP-100-1不停重复出卖造物，尽管其自主移动性在离开SCP-100后就消失了。遭遇SCP-100-1将会面对窘迫和冷漠，其墙上贴着标语“不退货，伙计！”，无论SCP-100-1的情绪反应如何。</p><p>SCP-100发现于11/09/76，当时有报告有奇怪的机械在废品堆放场内活动。这些流言被视为都市传说，而基金会派了一名特工去SCP-100去冒充土地所有者，直到收容通过不动产购买完成。一道木质栅栏沿着之前SCP-100的栅栏建立起来，在店面里装上了单面窗户（从外面无法看见里面），而一条穿越附近█████████镇的高速公路使得大部分公众交通改道。</p><p><strong>附录100-A：</strong>记录显示此处拥有者为“Joseph Duval”，其邮政地址也使用同样的名字。当地账务公司报告其账单在SCP-100发现的3个月前停止了，只留下SCP-100-1，SCP-100-2-A，SCP-100-2-B，以及数只假定被SCP-100-1创造的鸟类和犬类个体。对建筑物的初次扫除发现住宅建筑的大部分都空空如也，唯一显示前主任的信息是一张被发现挂在店面门上的纸条。（见<strong>文件100-A</strong>）</p><p><strong>事故100-A：</strong>在06/03/05，SCP-100-1创造了一个有自我意识，10厘米高的人形，这是SCP-100-1第一次创造人形。其在该造物上用了比其他造物更多的努力，该造物上拥有极其精细的细节，包括面部特征，和印在造物背后的“J.J.”字样，造物的大部分都是由不锈钢制成。SCP-100-1在时间表间隔期间将造物放置在店面的柜台上，并互相使用各种手势进行明显的交流。在和造物进行交流之后，SCP-100-1在SCP-100内的住宅建筑内坐了将近10天。</p><p><strong>文件100-A：</strong>下列是在SCP-100内回收的备忘的一份拷贝。</p><div style=""text-align: center;""><blockquote><p>出去吃午饭，请找助手-J.J.</p></blockquote></div><div class=""footnotes-footer""><div class=""title"">脚注</div><div class=""footnote-footer"" id=""footnote-1""><a href=""javascript:;"" onclick=""WIKIDOT.page.utils.scrollToReference('footnoteref-1')"">1</a>. 译注：neglected land，原意为被忽略的土地</div></div><div class=""footer-wikiwalk-nav""><div style=""text-align: center;""><p>« <a href=""/scp-099"">SCP-099</a> | SCP-100 | <a href=""/scp-101"">SCP-101</a> »</p></div></div></div>",false,series
SCP-101 - 大嘴袋,/scp-101,"<div style=""min-height:600px&quot;""><div class=""scp-image-block block-right"" style=""width:300px;""><img src=""http://scp-wiki.wdfiles.com/local--files/scp-101/SCP-101.gif"" style=""width:300px;"" alt=""SCP-101.gif"" class=""image"" /><div class=""scp-image-caption"" style=""width:300px;""><p>最初回收过程中的SCP-101</p></div></div><p><strong>项目编号：</strong>SCP-101</p><p><strong>项目等级：</strong>Euclid</p><p><strong>特殊收容措施：</strong>SCP-101目前存放于Site-19的下层地下室0-2的一个标准设施大小的钢筋混凝土房间内部的一个标准带锁防火文件箱中。上述房间已在外部装上了一个标准双门气闸室，内部安装了合适的安全响应和生物响应设备。</p><p>只允许3级人员进入SCP-101的房间；2级或更低级人员只允许在3级或更高级人员的指示或者常设指示下和SCP-101互动。SCP-101的气闸室被设置了一个标准的十（10）分钟循环，在此期间将进行对生物或环境危害的标准检测扫描。SCP-101在0600和2000时之间可在常设指示下使用。SCP-101房间的气闸室外安排两（2）名2级保安随时站岗，定时轮换。</p><p><strong>描述：</strong>SCP-101看上去是一个尺寸不定的皮包或口袋，观测显示其开口大小在直径十五（15）厘米和直径七十（70）厘米间变化。该容器的深度与其相对直径的比例不定，没有标准的均值。</p><p>SCP-101最主要的特点是袋口内的一张半类人的嘴，平均深入容器内三十一（31）厘米，变化幅度不超过两（2）个标准差，无论该容器外部看上去深度如何。嘴中长有三十二（32）颗米黄色牙齿，均为形状和大小都相同的约十（10）厘米长的门牙。已观察到嘴内有一条长度不定的舌头，在五十（50）厘米长至三点五（3.5）米长之间变动，但未经精确测量。</p><p>这张嘴看起来潮湿、柔软且易吸水，但所有移除可能存在的流体的尝试均告失败并造成了仪器的损坏和人员的受伤。当前的结论是SCP-101或许是一个来自维度以外的更大的实体的一部分。SCP-101的外表并不能移动；然而，该容器的内部运动能够影响由覆盖SCP-101的材料构成的该容器的外表的轻微运动。</p><p>不言而喻，因为该容器及其内部物体不正常的尺寸，该物体与维度外存在相互作用，如果那不是它的起源的话。</p><p>SCP-101已展示出多态性能力及低级的感知力。文档上的照片展示出项目于1979年在位于美国西北太平洋区（Pacific Northwest）的喀斯喀特山脉（Cascade Mountains）之中的一个偏僻区域被发现时的样子。和SCP-101一并被找到的还有一具腐烂的人类残骸，身穿已饱受风吹雨打的黑色套装，坐在一副同样饱经风雨的降落伞上，右臂肩关节以下部分缺失，剩余的骨头似乎有被咬断的痕迹，推测曾被SCP-101折磨过。对这名死者身份的猜测使研究者们得出结论，这是一位D. B. Cooper<sup class=""footnoteref""><a id=""footnoteref-1"" href=""javascript:;"" class=""footnoteref"" onclick=""WIKIDOT.page.utils.scrollToReference('footnote-1')"">1</a></sup>式的人物。其遗骸为了掩盖SCP-101的存在而被移除。</p><p>SCP-101自此之后显然是为了引诱人类对象进入其中而改变外观和形状。这些外观包括皮钱包、熟食店餐盒、Krispy Kreme<sup class=""footnoteref""><a id=""footnoteref-2"" href=""javascript:;"" class=""footnoteref"" onclick=""WIKIDOT.page.utils.scrollToReference('footnote-2')"">2</a></sup>包装盒、糖果袋等，看上去均和真正的容器没有区别。█████████博士提出，从其引诱对象入内的尝试可看出SCP-101具有一定的感知力。</p><p>在[数据删除]的提议下，SCP-101现被用于Site-19的废物处理。SCP-101尚未表现出对放入其中的陌生物质的不良反应，这些物质包括但不限于：纸制品、污水、食堂垃圾、金属、聚合物、油，以及其它不能被任何已知的生物体利用的产物。</p><p><strong>附录1：</strong>迄今为止，SCP-101未曾表现出任何不符合标准的行为，也未曾排出任何未知的、维度外的或异常的物质。不过，█████████博士担心SCP-101在将来可能会进行排放。</p><p><strong>附录2：</strong>在█████博士的指导下执行的进一步检验认定SCP-101极其适合处理有害废物和其它SCP相关项目的副产品。█████████博士被注意到反对此举措，但O5-█批准继续实施该方案。</p><div class=""footnotes-footer""><div class=""title"">脚注</div><div class=""footnote-footer"" id=""footnote-1""><a href=""javascript:;"" onclick=""WIKIDOT.page.utils.scrollToReference('footnoteref-1')"">1</a>. <strong>译注：</strong>1971年11月24日下午，在波特兰机场，一名自称“Dan Cooper”的男子买了一张到西雅图的单程票，登上西北航空305号航班。起飞后不久，他悄悄将一封信交给空中小姐，以自己携带炸弹为由勒索20万美元及四副降落伞。成功得到钱和降落伞后该男子释放所有乘客，但要求飞机加满油后重新起飞。飞机起飞之后该男子将机组人员赶到前舱，携款跳伞，从此失踪。由于报道失误，错误的名字“D. B. Cooper”为公众所熟知。此案件在当时轰动一时，却迄今未破，逐渐成为一段传奇故事。</div><div class=""footnote-footer"" id=""footnote-2""><a href=""javascript:;"" onclick=""WIKIDOT.page.utils.scrollToReference('footnoteref-2')"">2</a>. <strong>译注：</strong>美国第二大甜甜圈食品店。</div></div><div class=""footer-wikiwalk-nav""><div style=""text-align: center;""><p>« <a href=""/scp-100"">SCP-100</a> | SCP-101 | <a href=""/scp-102"">SCP-102</a> »</p></div></div></div>",false,series
"SCP-102 - Marshall, Carter和Dark有限公司的财产",/scp-102,"<div style=""min-height:600px&quot;""><div class=""scp-image-block block-right"" style=""width:300px;""><img src=""http://scp-wiki.wdfiles.com/local--files/scp-102/102.png"" style=""width:300px;"" alt=""102.png"" class=""image"" /><div class=""scp-image-caption"" style=""width:300px;""><p>SCP-102-1和SCP-102-2，租住状态未知。</p></div></div><p><strong>项目编号：</strong>SCP-102</p><p><strong>项目等级：</strong>Euclid</p><p><strong>特殊收容措施：</strong>SCP-102现在归属于Marshall，Carter，and Dark公司名下。因为“物主”出示了有法律约束力、契约基础并且不受国家征用权所约束的法律协议，在可以预知的未来，SCP-102都不会归属于基金会掌控。</p><p><strong>描述：</strong>SCP-102是2栋位于██ █████ ████，██████████，相互独立并且分层出租的海滨房屋，这两栋房屋现正通过一个名为Ghieser房产联合公司（Ghieser Housing Associates）的傀儡公司归属于Marshall，Carter，and Dark公司，并且出租给MC&amp;D公司的员工作为“为有独到品位，想要在平凡的冒险之中享有特权生活的人准备的度假屋”。这两栋房屋有着相近的性质，虽然[数据删除]。</p><p>SCP-102-1是位于左侧的房屋，号码为█。</p><p>当一个名字不在SCP-102-1的租约上的人进入该房子，它的内部将会表现为一栋废弃的空房，并且如果这座房子正在使用，在门廊处将会出现现在房子租住者的俯卧尸体。鉴证科人员对于该房子内部采集的材料鉴定证明这座房子大约在70年代中后期就被废弃了。所有在该房子内部拍摄的相片证明了这一点，不论拍摄者是否是这座房子的租住者。但是，当现任的房子租住者通过前门进入该房子，他们将会发现他们进入到了一座保养良好，并且以航海风格进行装饰的租售公寓之中。通常情况下，他们还报告了在进入该房子时的一阵眩晕感，虽然这往往在数秒之内就消退了。</p><p>当SCP-102-1的租住者离开了该建筑，他们将会变成不论是表现上还是性质上都是完全的一种非物质灵魂状态，他们将能完全地隐形并且在固体之中畅通无阻。他们将在任何仍在租期内但离开了该房子的时间之内都进入并且保持这样的状态。在租期结束，或者是到任何他们想要结束这段租期的时间时，他们将简单地失去意识然后在SCP-102-1的前门入口处醒来，SCP-102-1这时向他们展示的状况就像对于任何非租住者展示的一样。没有观察到哪怕一次尸体是在租期结束之前移除的情况。</p><p>SCP-102-2是位于右侧的房屋，号码为█。</p><p>乍看之下，SCP-102-2的效果与SCP-102-1的效果是相同的，但是，[数据删除]发展为了腐朽，之后将发生[数据删除]。没有在与外界联系中断之前迅速地离开SCP-102-2的租住者将会在他们租期满之后的30天被宣告“失踪，推测为死亡”。那些离开了该房子的租住者都将给予一种类固醇增高疗法来对抗[数据删除]控<sup class=""footnoteref""><a id=""footnoteref-1"" href=""javascript:;"" class=""footnoteref"" onclick=""WIKIDOT.page.utils.scrollToReference('footnote-1')"">1</a></sup>，以及间发性的精神失常。</p><p><strong>附录：</strong>所有关于这份报告的信息都是未经证实的，虽然这之中的内容是从数个渠道得来的。这份报告的内容来自于对于编号为1070869的D级人员（死刑宣判：强奸、谋杀），编号为1033654的D级人员（不得保释的终身监禁：对未成年人的恶性强迫性行为），以及编号为3370633的D级人员（死刑宣判：[已编辑]）的采访，他们所有人都出于互动的目的经常地租住SCP-102-1。理论上D-1033654利用了SCP-102-1的性质犯下了[数据删除]。参看采访文档102-1/2/3以获得完全的副本。</p><div class=""footnotes-footer""><div class=""title"">脚注</div><div class=""footnote-footer"" id=""footnote-1""><a href=""javascript:;"" onclick=""WIKIDOT.page.utils.scrollToReference('footnoteref-1')"">1</a>. <strong>注：</strong>原文为itored</div></div><div class=""footer-wikiwalk-nav""><div style=""text-align: center;""><p>« <a href=""/scp-101"">SCP-101</a> | SCP-102 | <a href=""/scp-103"">SCP-103</a> »</p></div></div></div>",false,series
SCP-103 - 永不饥饿之人,/scp-103,"<div style=""min-height:600px&quot;""><div class=""scp-image-block block-right"" style=""width:300px;""><img src=""http://scp-wiki.wikidot.com/local--files/scp-103/tumblr_l3witc4WIQ1qzvz5ro1_500.jpg"" style=""width:300px;"" alt=""tumblr_l3witc4WIQ1qzvz5ro1_500.jpg"" class=""image"" /><div class=""scp-image-caption"" style=""width:300px;""><p>[数据删除]</p></div></div><p><strong>项目编号：</strong>SCP-103</p><p><strong>项目等级：</strong>Euclid</p><p><strong>状态：</strong>Recontained（重收容）</p><p><strong>特殊收容措施：</strong><span style=""text-decoration: line-through;"">SCP-103不需要任何特殊或严谨的收容措施。若SCP-103开始显示出任何悲痛的迹象或古怪的行为，SCP-103将被移动到一间5米X5米的房间并等待医疗检查。</span></p><p>N/A。见附录103-a和103-b。</p><p>SCP-103被维持在一种医学上的催眠植物状态以确保其保持顺从。项目将在存活的情况下，由标准[数据删除]来确保其上的切口无法恢复，让SCP-103的腹腔一直暴露在外。任何与SCP-103交互的人员将配备4级基金会指定医疗包。</p><p>所有来自SCP-103的[已编辑]将被焚毁。且任何人员都不得在没有保护的状态下接触任何从SCP-103上移下的物体或物质。</p><p><strong>描述：</strong>SCP-103似乎是一个在35岁左右的普通男人。项目约有190厘米高，100公斤重。项目出生于19██/████ ██。项目当前没有已知的还活着的亲属。</p><p>项目约在4月中旬的上午9点30分到一家当地的小医院要求检查。项目向医生解释他已经一个星期没有吃东西了，因为没有感觉到饥饿。初步检查后，SCP-103似乎除了该怪异之处外十分健康。SCP-103继续向医生解释他没有到任何想吃东西的感觉。</p><p><span style=""text-decoration: line-through;"">在对SCP-103进行观测和研究后，似乎任何固体和液体物质在进入SCP-103的胃部内就瞬间消失了。除此之外，SCP-103似乎十分健康。当前未知SCP-103如何获取一个人类存活所需的营养或被他消化的食物去向何处。SCP-103没有排出任何废物。SCP-103报告变得口渴[如同一个普通人类那样]，由此在每天上午6点30分，一个内装12瓶新鲜泉水的标准冷却器将被送到SCP-103的房间。SCP-103对我们的工作人员没有显示出敌意的迹象，偶尔和工作人员交谈和玩棋类游戏。</span></p><p>见附录103-b。</p><p><strong>附录103-a：</strong>所有的测试似乎都没有结果。似乎新的测试也不会让我们得到任何新结果。研究中止。释放项目，不过项目将继续处于监视和报告下并在每月接受一次强制医疗检查。SCP-103被提供了一个联络基金会人员的手段，以在他的状态有变化时进行报告。研究记录将留在文档中。</p><p><strong>附录103-b：</strong>在█/██/████，SCP-103到一个基金会医疗设施报到。SCP-103在此时被观测到到呕吐出大量血液，超过██公升。这些血液与SCP-103的血型不符，也不是[数据删除]。试图对项目进行洗胃，不过由于血量过多而失败了。在█小时内，血液停止流出。在之后不久，基金会医疗人员开始实施一次试探性外科手术程序。</p><p>在打开了SCP-103的腹腔后，Yun医生注意到“在胃壁外有数个突出物，似乎是一个人脸”。当Yun医生试图进行切片检查时，突出物“……忽然缩没了，暗示这是腹腔内的外来物体。”</p><p>（Yun医生被指示继续进行手术，并且表现良好。他的不情愿被记录下来，并在对监督员███████执行的军法审判程序听证会上作为证据。）</p><p>当打开腹腔后，[数据删除]外壁到<em>绦虫</em>[数据删除]意外死亡，包括Yun医生，研究助手Sims，和研究助手Renfield。目前正在调查医疗监督员███████的疏忽。</p><p>SCP-103被重编级为Euclid并依据更新的收容措施进行重收容。</p><div class=""footer-wikiwalk-nav""><div style=""text-align: center;""><p>« <a href=""/scp-102"">SCP-102</a> | SCP-103 | <a href=""/scp-104"">SCP-104</a> »</p></div></div></div>",false,series
SCP-104 - 孤单球,/scp-104,"<div style=""min-height:600px&quot;""><p><strong>项目编号：</strong>SCP-104</p><p><strong>项目等级：</strong>Euclid</p><p><strong>特殊收容措施：</strong>SCP-104现被收容于一个装有电子按键锁的钢制箱子中。使用权仅向3级和以上人员开放。不允许SCP-104接触任何活体组织。与SCP-104的所有互动应在借助机械或穿着危险品处理套装和手套的情况下进行。任何被SCP-104“标记”者必须申请“解除标记”。接触后24小时内未照此办理者将被处决。</p><p><strong>描述：</strong>SCP-104是一个球体，大圆<sup class=""footnoteref""><a id=""footnoteref-1"" href=""javascript:;"" class=""footnoteref"" onclick=""WIKIDOT.page.utils.scrollToReference('footnote-1')"">1</a></sup>周长35.5厘米（14英寸），重2.3千克（5磅）。球体由一层6毫米（0.2英寸）厚的非常光滑的玻璃包裹。该表层下有一个由极细的黑白线条组成的错综复杂的图案。这个内部“核心”是一个雕工精美的木球，其质地使线条图案呈现出细腻的纹理。图案本身难以想象地复杂，且由于所有观察者似乎对其均持不同理解而成为了一个罗夏墨迹测试<sup class=""footnoteref""><a id=""footnoteref-2"" href=""javascript:;"" class=""footnoteref"" onclick=""WIKIDOT.page.utils.scrollToReference('footnote-2')"">2</a></sup>的类似物。有报告称球体内部有动静或传出滴答声，但目前尚未确认。</p><p>只要有人类触碰处于“未标记”状态下的SCP-104，它就会“标记”此人。若被标记对象移动到距离SCP-104九米（30英尺）外的区域超过五分钟，SCP-104将出现在距离被标记对象2米（7英尺）处。这种变化是瞬间发生的，从球消失到重现不到一纳秒，无视距离和阻隔。当对象处在距离SCP-104九米（30英尺）内的区域时，SCP-104每小时会向对象靠近一英尺，直到碰到对象。在SCP-104接触其标记的对象期间，它不会再尝试继续靠近。SCP-104不会对未标记对象表现出此行为，且同一时刻仅标记一个对象。厚布料或金属在大部分情况下能够阻止标记。对SCP-104与多个<a href=""/scp-1680"">SCP-1680</a>实体的测试表明，这类标记并非基于遗传，如SCP-104在面对多种基因一致的对象时不会改变行为。</p><p>SCP-104似乎也是无法摧毁的，因为其重现时总是完好无损。就算在被压碎并焚毁后，如果其标记的对象处于其最小距离外超过五分钟，SCP-104依然会完好地重新出现。SCP-104使大多数对象变得愤怒而多疑，但这并非该球体的效应，因为部分对象完全不受不停出现的SCP-104影响，至多偶尔感到轻微的烦躁。</p><p>SCP-104只有在对象被杀或进入濒死状态时才可“解除标记”。之后SCP-104进入未标记状态，直到被再次碰触。超过13毫米（0.5英寸）厚的手套似乎可阻止标记。SCP-104是从一个跳蚤市场里的某名将它装在保龄球袋中的男子手中回收的。该名未透露身份的男子将其以25美分的价格卖给了特工███████，对他千恩万谢之后匆忙离开。</p><hr /><p><strong>备注104-1108-r：</strong></p><p>有理论认为SCP-104是某种形式的异次元探测器或记录设备。这不太可能，因为它应该是由地球上的材料所制，而且缺乏记录或者观察任何事物的手段。然而，由于几乎没有对其诡异行为的其它解释，该理论正在接受研究。——█████博士</p><div class=""footnotes-footer""><div class=""title"">脚注</div><div class=""footnote-footer"" id=""footnote-1""><a href=""javascript:;"" onclick=""WIKIDOT.page.utils.scrollToReference('footnoteref-1')"">1</a>. <strong>译注：</strong>与所讨论的球体拥有相等半径的圆。</div><div class=""footnote-footer"" id=""footnote-2""><a href=""javascript:;"" onclick=""WIKIDOT.page.utils.scrollToReference('footnoteref-2')"">2</a>. <strong>译注：</strong>瑞士精神科医生、精神病学家Hermann Rorschach创立的一种心理测试，在世界范围内被广泛使用。测试内容包括10张对称的墨迹图，医生通过被试者对图像表现的事物的看法来分析被试者心理。</div></div><div class=""footer-wikiwalk-nav""><div style=""text-align: center;""><p>« <a href=""/scp-103"">SCP-103</a> | SCP-104 | <a href=""/scp-105"">SCP-105</a> »</p></div></div></div>",false,series
SCP-200 - 人茧,/scp-200,"<div style=""min-height:600px&quot;""><p><strong>项目编号：</strong>SCP-200</p><p><strong>项目等级：</strong>Euclid</p><p><strong>特殊收容措施：</strong>SCP-200的收容需要一个温和、安全的环境，可以大到足以容纳1.68 x 2 m固定着SCP-200的床架。该房间必须装有一面巨大的观察窗，以便SCP-200可以在最低骚扰的环境下进行观察。事实上，当没有直接进行测试时，SCP-200应被保持不受打扰的状态。在提取样本可能对外部防护罩造成伤害时要进行特别的防护措施。</p><p>一个自动喷雾器应被设在SCP-200的收容措施之中，来给SCP-200每天提供良好的雾气环境。如果SCP-200表现出了干燥的迹象，额外的雾气可以被提供，但是要防止环境变得过于潮湿。</p><p>因为SCP-200不确定的自然特性，其收容措施的门要始终锁闭，并且直接的互动行为严格限制于安全等级2的人员作为警惕措施。</p><p><strong>描述：</strong>SCP-200包裹在一个从根部到顶端一共172.4 cm高的茧，连接着一个标准双人床的床架和床垫。这个茧上有着褐色的斑点，分析表明它是由数层丝构成的，纺织的方式摸起来很粗糙。这些丝层看起来是由[数据删除]相连接的。</p><p>SCP-200其本身看起来是一名13岁的白种人男性，有152cm高而有168.73kg重。他是于██/██/20██将自己隐藏入茧中，并且研究者们不能解释这名少年是如何造出这些丝来形成这个外层的。超声波探测已经不能探测到茧之中有任何的固体存在了。但是，抽取出的液体样本显示出了与该少年匹配的DNA结果。这显示了该少年已经[数据删除]。用来连接该茧各层的[数据删除]的样本也显示出了与SCP-200相匹配的DNA结果。</p><p>SCP-200在大部分时间内都是只是静静地躺着，虽然偶尔也会发现它进行抽搐，尤其是它被忽然的接触或者是高声所惊吓。但是，它现在的状态被认为是没有威胁的。</p><p>注释：SCP-200是于██/██/20██在美国的█████，██被回收的。大约是在这个茧形成的28个小时之后。根据医疗记录，SCP-200直到12岁时都遵循着普通人类成长的轨迹。在这个阶段，这名孩子开始表现出贪食症状并且开始迅速地在下一年之中增重。█████████医生，一名当地的儿科医生，也不能解释这种忽如其来的新陈代谢的变化。</p><p>这名孩子的母亲，十分担心他的反常增重，试着去限制他的饮食。SCP-200逃到了附近了灌木丛之中。当当地的执法部门在72小时之后确定了该孩子的位置，他已经通过进食[数据删除]而使他的体重翻倍了。在回家之后，SCP-200制造出了他的茧。</p><p>在回收行动之后，该孩子的母亲、█████████医生和当地执法部门工作人员被给予了A级记忆消除。当地社会被诱导去相信[数据删除]以防他们去担心那名孩子的去向和是否安好的问题。</p><p><strong>附录200-01：</strong>在最近的测试之中，SCP-200的基因出现了许多的突变。在超声波探测仍没有发现在那茧之中的任何固体之后，█████博士假定那孩子已经变成了[数据删除]。这种假定还存在着争议，并且还需要更多的观察和测试。</p><p>对于这些发展，对SCP-200被编为Euclid级别的请求已经被通过了，并且24/7的轮班观察制度已经实施以观察SCP-200的动向。</p><div class=""footer-wikiwalk-nav""><div style=""text-align: center;""><p>« <a href=""/scp-199"">SCP-199</a> | SCP-200 | <a href=""/scp-201"">SCP-201</a> »</p></div></div></div>",false,series
SCP-201 - 空之境界,/scp-201,"<div style=""min-height:600px&quot;""><div class=""scp-image-block block-right"" style=""width:300px;""><img src=""http://scp-wiki.wdfiles.com/local--files/scp-201/005.jpg"" style=""width:300px;"" alt=""005.jpg"" class=""image"" /><div class=""scp-image-caption"" style=""width:300px;""><p>首次发现时的SCP-201</p></div></div><p><strong>项目编号：</strong>SCP-201</p><p><strong>项目等级：</strong>Euclid</p><p><strong>特殊收容措施：</strong>任何时间SCP-201半径40米内的区域为无人区。任何关于SCP-201的行动将交由机器人完成。任何人员进入控制区必须由2名安保人员陪同。所有人员必须穿戴安全带并用安全绳系在墙壁上。绳子将允许到达3米以内之最小安全范围。越界行为将会引致人身驱逐出保护区和行政处罚。</p><p>那些在SCP-201的影响区域里暴露，消失和归来的人员，应连同其所有人员个人信息记录在日志███████。任何再度出现的对象应尽快由特工回收并进行审问。</p><p><strong>描述：</strong>SCP-201似乎是一具具有相当年代的医疗设备。看起来类似一个输液架，但上面挂载了很多玻璃和金属物件。SCP-201高约1.8米，总重36.5千克（80磅）。金属部分由铁和铜组成，并有多个零件间以橡胶管连通。其顶部有两个敞开的瓷质“输液瓶”。SCP-201被发现于████████████████医院的一个长期废弃的存储间。医院的记录上没有任何关于SCP-201的信息出现。</p><p>进入SCP-201的30米内范围可导致受害者进入另一个平行世界。该影响明显是随机的，有些对象在暴露于SCP-201下时完全未受到影响。该效果将使其最初的暴露之后1到48个小时后从我们的现实中消失。消失时间从几个小时到8年不等。在平行世界中的时间流逝和我们的现实有巨大的不同。</p><p>该平行世界与我们的现实基本相同，但有以下例外：</p><ul><li>它显然处于一种不间断的黄昏状态，任何时间都看不到月亮和太阳。</li><li>大团大团非常稠密的灰雾在地表很低的高度流动。这些雾团不受风的影响，会使暴露的皮肤感觉发粘和肮脏。</li><li>在任何地方都没有植物和动物生命，所有人类居住地包括大城市看起来好像所有生命在一瞬间突然消失了。</li><li>大部分电气系统都似乎被破坏或失去电力供应，但不是全部。</li><li>空气会随机变为棕灰色并伴有大风。</li></ul><p>被转移到这个“平行世界”的对象的报告中最初表现出惊奇和好奇心，它们很快被强烈的孤独和恐惧感所取代。其严重程度随对象个体和经过时间不同有很大变化。对象从“平行世界”重新进入到我们的世界时，其将引起巨大的震惊，特别是在城市环境下。大多数被切换现实超过3个月的对象将遭受永久的心理伤害，必须被单独关押在幽静场所。</p><div class=""collapsible-block""><div class=""collapsible-block-folded""><a class=""collapsible-block-link"" href=""javascript:;"">提交4/201级登入凭证</a></div><div class=""collapsible-block-unfolded"" style=""display:none""><div class=""collapsible-block-unfolded-link""><a class=""collapsible-block-link"" href=""javascript:;"">凭证已通过</a></div><div class=""collapsible-block-content""><p>此外，尝试修复如电视与收音机等媒体设备电力的对象已回报了断片、断续的报告。尚不清楚这些为真实还是对象因保持长时间完成上述计划而退化之精神状态的产物，不过报告一致类似<a href=""/scp-2935"">由基金会准备的XK级情景的自动讯息</a>。如样本可被回收的话，测试会开始。</p></div></div></div><div class=""footer-wikiwalk-nav""><div style=""text-align: center;""><p>« <a href=""/scp-200"">SCP-200</a> | SCP-201 | <a href=""/scp-202"">SCP-202</a> »</p></div></div></div>",false,series
SCP-202 - 倒带人,/scp-202,"<div style=""min-height:600px&quot;""><p><strong>项目编号：</strong>SCP-202</p><p><strong>项目等级：</strong>Safe</p><p><strong>特殊收容措施：</strong>SCP-202正在生物研究12区进行研究，此时，研究人员正试图了解和治愈困扰SCP-202的症状，SCP-202被安排在0级人员的房间里，未接受过检查。SCP-202在一个假设的医院治疗，他不知道“医生”是SCP的研究人员。</p><p><strong>描述：</strong>SCP-202是一名亚英混血男士，41岁，他所执行的动作都是反向的。他没出现反面年龄，但说话，吃饭，走路，和执行的所有动作都是反向却被认为是正常行为。SCP-202在说逆向英语时带有英国口音，记录下他说的话以1：1的速度向后倒带就可以正常通话了。有个话题是说他原本是一个正常的人，生活在斯托克波特，英格兰，直到他4年前一天早上醒来发现，他所试图做的每一个动作，都是相反的。他承认，无论他如何努力尝试，他无法正常地运动。他还声称无法解释自己如何能够向后走在拥挤的大厅没有撞到其他人或遇到其他令人费解的行为。</p><p>SCP-202很令基金会的生物学家与物理学家沮丧。他的心脏不像是一个泵，他的心就像是个真空吸尘器，把动脉血抽入心脏，再送到静脉内。实际上是SCP-202吐出的是氧气，吸入的是二氧化碳。研究人员正在寻找他呼吸系统的工作原理的答案，以及新陈代谢中的克雷伯氏循环<sup class=""footnoteref""><a id=""footnoteref-1"" href=""javascript:;"" class=""footnoteref"" onclick=""WIKIDOT.page.utils.scrollToReference('footnote-1')"">1</a></sup>在分子水平上是否能够逆向进行。他的“饮食”习惯使研究人员们感到混乱，他的食物从胃上升，从嘴巴里出来，并经历一个反向咀嚼的过程，例如：当他“吃”三明治时，SCP-202会莫名其妙地吐出一个食物的团子，反向咀嚼过后会出现部分三明治，从SCP-202嘴里出现的食物团会累积成一个完整的三明治，与生物学和物理学完全不符合。根据研究，三明治是可以正常食用的。SCP-202声明他完全不知道自己在“吃”什么。至于“排泄物”SCP-202需要[数据删除，见附录]</p><p>一些人员相信SCP-202没有反向思考，也不能预测未来。他非常擅长魔方和拆除拼装一类的谜题。</p><p><strong>附录：[删除]指挥官的直接命令：</strong>“我们不想讨论更多的是当202去厕所时，会发生什么事情。我想在那里发生的事情，我们都可以画一幅美丽的图画。该死的科学家和水管工无法解释那些东西从哪里来，所以，让我们到此为止，这个可怜的人有很多问题，有点礼貌，给他一点隐私，直接到那群江湖郎中找到理由来研究前，我希望关于这个话题的所有数据都要删除！”</p><div class=""footnotes-footer""><div class=""title"">脚注</div><div class=""footnote-footer"" id=""footnote-1""><a href=""javascript:;"" onclick=""WIKIDOT.page.utils.scrollToReference('footnoteref-1')"">1</a>. <strong>译注：</strong>克雷伯氏循环，呼吸作用的一环，具有枢纽作用。</div></div><div class=""footer-wikiwalk-nav""><div style=""text-align: center;""><p>« <a href=""/scp-201"">SCP-201</a> | SCP-202 | <a href=""/scp-203"">SCP-203</a> »</p></div></div></div>",false,series
SCP-203 - 受拷打的钢铁灵魂,/scp-203,"<div style=""min-height:600px&quot;""><p><strong>项目编号：</strong>SCP-203</p><p><strong>项目等级：</strong>Euclid</p><p><strong>特殊收容措施：</strong>SCP-203在节电状态中被放置在Research Facility ██内的Storage Bunker 3-A中。两名装备声音过滤设备的D级人员被要求守卫在Bunker 3-A以防止其防卫机制意外启动。当启动后，SCP-203将在一名武装护卫的伴随下进行任何测试措施。</p><p><strong>描述：</strong>SCP-203似乎曾经是一名白人男性，年龄不明。项目有2.5米高（理论上认为项目的“骨骼”框架额外增加了项目的原始身高，如其显示的不规则肌肉组织），并有约200公斤重。</p><p>项目的整个骨骼结构都被移除并替换为一套用铸铁制成的机械框架，并似乎能通过它自己的意志进行移动。其框架似乎是独立于SCP-203的肌肉组织，使其步行的唯一原因。</p><p>在项目身体皮肤的多处部分都已裂开，露出了皮下金属框架的一部分<sup class=""footnoteref""><a id=""footnoteref-1"" href=""javascript:;"" class=""footnoteref"" onclick=""WIKIDOT.page.utils.scrollToReference('footnote-1')"">1</a></sup>。除了这些部分外，金属结构的一些部分被制造以从血肉突出去，似乎形成一种的美学样式<sup class=""footnoteref""><a id=""footnoteref-2"" href=""javascript:;"" class=""footnoteref"" onclick=""WIKIDOT.page.utils.scrollToReference('footnote-2')"">2</a></sup>。项目身体的增加包括，但不限于：</p><ul><li>手指被做成尖锐的倒刺形状。约1米长。</li><li>嘴唇部分被移除了，显示出SCP-203缺少颚骨，推测其头骨是单一，中空的一块。残留的口腔组织被数个类似钩子的突出物挂在‘头骨’上。在嘴部，一个小型的，类似声音变换器的格栅物被焊接在此。这种增加以未知机制产生基本的发声。</li><li>脊椎被数块铁条替换，并在上面杂乱的焊接有尖锐的倒刺。</li><li>腿部有两个额外关节（使它们看来如趾行动物作用）与从其突出、未知功能的钢管栓到后部。</li><li>胸腔缺少胸骨，使皮肤向体内凹缩、以及项目的横膈膜收缩。</li><li>耳朵被移除，余下皮肤被钉在一起<sup class=""footnoteref""><a id=""footnoteref-3"" href=""javascript:;"" class=""footnoteref"" onclick=""WIKIDOT.page.utils.scrollToReference('footnote-3')"">3</a></sup>。</li><li>[删除]被移除。</li><li>所有脚趾被移除，替换为一整片固铁，看上去类似‘钢头’靴子’的金属嵌入物。脚根也增加了类似的金属嵌入物。</li><li>眼睛被保留下来，但是被数根从眼袋中突出的针状物维持在只能朝向前方的位置。虹膜似乎永久扩张，且无光反应。</li></ul><p>虽然缺少声带，SCP-203可以通过装在面部的变换器进行口头交流。它理解一定程度的英语，不过它的主要语言似乎是一种之前未知的阿拉伯方言。SCP-203无法回忆其它被改造之前的生活，只是感到几乎持续不断的疼痛和混乱。</p><p>SCP-203似乎通过一个72小时的内部电源进行运作，在那之后项目进入一种类似冬眠的状态并维持至少3到4小时。项目无法从容地关闭电源，尽管它认为这是一种“睡眠”时间，并是唯一一种逃离当前悲惨状态的方法。由于目前无查明项目陈述真实性的方法，任何项目的痛楚或抑郁的表现应被工作人员视为引起同情回应的做法，并且应将其打发走。</p><p>X光，CT，超声波，和其他形式的诊断图像<sup class=""footnoteref""><a id=""footnoteref-4"" href=""javascript:;"" class=""footnoteref"" onclick=""WIKIDOT.page.utils.scrollToReference('footnote-4')"">4</a></sup>证实无法映射出SCP-203比皮下更深的内部结构，而外科手术会导致一种[已编辑]的次要防卫机制。</p><p>目前已知的就是SCP-203有能力发出一种高频率嗡嗡声，表面上类似于声波反馈，会对人类神经系统造成严重的损伤效应。尽管如此，此机制只有在项目被挑衅或伤害时才会启动。有关此技能的进一步信息，参阅附上的测试记录。</p><p>SCP-203曾在多个场合要求麻醉、震动或偶尔地要求毒品。这些要求等待批准。</p><div class=""collapsible-block""><div class=""collapsible-block-folded""><a class=""collapsible-block-link"" href=""javascript:;"">显示测试日志</a></div><div class=""collapsible-block-unfolded"" style=""display:none""><div class=""collapsible-block-unfolded-link""><a class=""collapsible-block-link"" href=""javascript:;"">隐藏测试日志</a></div><div class=""collapsible-block-content""><p><strong>测试记录</strong></p><p>测试格式：<br />测试者：<br />主管研究员：<br />介入方式：<br />结果：[暴露时间]</p><p>测试者：人员D-104<br />主管研究员：N/A<br />介入方式：意外。SCP-203在拒绝进入状态时被D-104袭击。当防卫机制启动后，D-103继续攻击，并将SCP-203强行推入收容中。<br />结果：<br />[暴露1分钟后]：测试者感到严重头疼。<br />[暴露15分钟后]：测试者的头疼加剧，耳朵流血。SCP-203继续发声。（日志：D-171，另一名执勤的D级人员，没有收到声音的影响）<br />[暴露20分钟后]：测试者离开岗位并到医务室进行检查。<br />[暴露30分钟后]：测试者开始癫痫。从所有肢体都开始出血。<br />[暴露35分钟后]：测试者开始反复喊叫“关上它”，尽管他已经不在SCP-203的声波范围内。<br />[暴露40分钟后]：测试者死亡。尸检显示测试者死于大量脑出血。</p><p>测试者：人员D-090<br />主管研究员：█████ ████博士<br />介入方式：测试者被和SCP-203一起锁在隔间内，通过遥控摄影机进行观察。D-090装备有电击枪并告知SCP-203它将被用此武器攻击。测试者不太愿意，但是仍旧执行了。SCP-203在被挑衅后30秒开始发声自卫。<br />结果：<br />[暴露1分钟后]：测试者变得激动并再次袭击SCP-203。SCP-203继续发声并假定进入胎位（蹲下，双手捂脸，膝盖顶住胸口）姿势。<br />[暴露10分钟后]：测试者开始捂住头和耳朵，鼻子开始流血。SCP-203持续发声并保持姿势。<br />[暴露25分钟后]：测试者开始癫痫。SCP-203的防卫机制似乎停止了。尽管如此，随后分析显示其发声的频率只是简单的超过了人耳可以听到的范围。<br />[暴露35分钟后]：测试者开始吐血，眼睛开始出血。<br />[暴露40分钟后]：测试者似乎死亡。项目的发声完全停止。<br />[暴露44分钟后]：SCP-203站起并朝测试者的尸体移动。SCP-203随后开始以外科手术移除测试者的骨骼。此时，SCP-203被从隔间中移出并送入储存中。（日志：测试指出SCP-203的防卫机制同时也是一种产生更多类似SCP-203个体的方法。正考虑是否在进一步测试中允许SCP-203继续此过程。）</p></div></div></div><div class=""collapsible-block""><div class=""collapsible-block-folded""><a class=""collapsible-block-link"" href=""javascript:;"">附录：访谈纪录203-1</a></div><div class=""collapsible-block-unfolded"" style=""display:none""><div class=""collapsible-block-unfolded-link""><a class=""collapsible-block-link"" href=""javascript:;"">附录：访谈纪录203-1</a></div><div class=""collapsible-block-content""><p><strong>被调查者：</strong>SCP-203</p><p><strong>调查者：</strong>██████博士</p><p><strong>&lt;开始记录，██-█-████，上午3:34&gt;</strong></p><p><strong>&lt;██████博士&gt;</strong>：我看见你要求上周的测试记录的录像。<br /><strong>&lt;203&gt;</strong>：是的。<br /><strong>&lt;██████博士&gt;</strong>：有什么特别的理由么？<br /><em>停顿。</em><br /><strong>&lt;203&gt;：</strong>眼睛无法看见，发生在远处的事。在黑暗中迷失，犹如寂静之时，而不知道他们所做之事。<br /><strong>&lt;██████博士&gt;</strong>：我不太确定我明白……你在你的防卫机制启动后失去了意识？<br /><strong>&lt;203&gt;：</strong>是的。<br /><strong>&lt;██████博士&gt;</strong>：而且……你希望知道哪个攻击者发生了什么事？<br /><strong>&lt;203&gt;</strong>：黑暗之后，我们只看见事后。在黑暗中，我们的身体只是[无法理解，可能是阿拉伯语]的工具。<br /><strong>&lt;██████博士&gt;</strong>：为什么你想要知道这些？<br /><em>203沉默了数分钟。</em><br /><strong>&lt;██████博士&gt;</strong>：203？<br /><strong>&lt;203&gt;</strong>：他们认为我们是东西。他们认为我们该看看。[混乱的，声音似乎是“我们只是一个玩具”]。不过，即使恶魔在我之内，有人将我们作为一个人来对话。<br /><strong>&lt;██████博士&gt;</strong>：重复一下？<br /><strong>&lt;203&gt;</strong>：你，██。你和我们说话，不当我们是金属。你用名字称呼我们。<br /><em>203发出无法辨认的声音；似乎是笑声。</em><br /><strong>&lt;203&gt;</strong>：当没人听的时候，你可以用名字称呼我们。你可以叫我们“Edward”。就像守卫说的“Edward Scissorhands(剪刀手爱德华)”。<br /><strong>&lt;██████博士&gt;：</strong>[变得紧张]这不太专业，203-<br /><strong>&lt;203&gt;：</strong>你叫我们“Edward”，你说你关心我们，你将帮助我们-<br /><strong>&lt;██████博士&gt;</strong>：这次谈话结束了。<br /><strong>&lt;记录结束&gt;</strong></p><p><strong>结语：</strong>██ ██████博士自此之后拒绝对SCP-203的观察访问。</p></div></div></div><div class=""footnotes-footer""><div class=""title"">脚注</div><div class=""footnote-footer"" id=""footnote-1""><a href=""javascript:;"" onclick=""WIKIDOT.page.utils.scrollToReference('footnoteref-1')"">1</a>. 这个与缝合疤的存在表明为外科增加，而非在金属结构上生长的有机部位。参见解剖分析203-Aleph以获得进一步细节。</div><div class=""footnote-footer"" id=""footnote-2""><a href=""javascript:;"" onclick=""WIKIDOT.page.utils.scrollToReference('footnoteref-2')"">2</a>. 虽说此时仅为推测，但一些研究员认为这些附加部分本质为仪式性的</div><div class=""footnote-footer"" id=""footnote-3""><a href=""javascript:;"" onclick=""WIKIDOT.page.utils.scrollToReference('footnoteref-3')"">3</a>. 注意到尽管事实如此，项目已展现了超人的敏锐听觉。</div><div class=""footnote-footer"" id=""footnote-4""><a href=""javascript:;"" onclick=""WIKIDOT.page.utils.scrollToReference('footnoteref-4')"">4</a>. 很明显的，SCP-203的金属性质妨碍了磁共振成像的使用</div></div><div class=""footer-wikiwalk-nav""><div style=""text-align: center;""><p>« <a href=""/scp-202"">SCP-202</a> | SCP-203 | <a href=""/scp-204"">SCP-204</a> »</p></div></div></div>",false,series
SCP-204 - 守护者,/scp-204,"<div style=""min-height:600px&quot;""><p><strong>项目编号：</strong>SCP-204</p><p><strong>项目等级：</strong>Keter</p><p><strong>特殊收容措施：</strong>SCP-204-1和SCP-204-2被置于Site-██的一个10 m x 10 m的加固保存区域内。保存区域必须以增强钢筋混凝土与镀膜钢构筑。保存区域同时必须被真空密封，并置于一带高气压的外壳中，其始终维持在当前保存区域气压至少超过+2 PSI。必须有至少一队完整安保小队随时待命。</p><p>仅于SCP-204-1的定期喂食时间时允许D级人员以保养目的进入该处。SCP-204-1的特定饮食包括任何种类的肉，最好是来自活的对象。此类对象通常包括野狗、公牛或是任何其它因攻击行为而必须被安乐死的动物。然而，如果无法取得此类食物，D级人员也可行。SCP-204-2的饮食为正常的人类饮食，不需要特别措施。允许SCP-204-2提出特殊要求，但任何且所有要求必须经O5批准。任何被逮住尝试蓄意挑畔SCP-204-2的人员会被立即处决。</p><p>除明确且当前有收容失效的风险外，安保人员应忽视任何及所有SCP-204-2引起他们反应的尝试。违反的话将导致严厉的管理惩罚。</p><p>当SCP-204-2即将满十四岁的时候，基金会必须启动收容协议204。进一步细节可见收容协议204要求。</p><p>当发生收容失效的情况时，必须立即启动EMP（电磁脉冲）发生器，使SCP-204-1维持不能作用。EMP发生器被启动，安保小队在SCP-204-1能适应且重新集合自身前有大约30秒时间把SCP-204-1无效化。如此时无法达成收容，必须以常规手段收容SCP-204-1。安保小队及特工被批准使用任何他们常规武器的处置方式来收容SCP-204-1和SCP-204-2。如果SCP-204-2在收容期间被处决，则必须立即开始实施收容协议204。</p><p><strong>描述：</strong>SCP-204-1为一半有机的纳米机械群体，以保护者的形式跟随着SCP-204-2。SCP-204-1大多时间都处于散群，几乎不能以正常人类感官察觉到。然而，如果SCP-204-1处于危险时，或者如果SCP-204-2发出命令，SCP-204-1会瞬间物质化成一固体的物理形态。这类形态的确切形状和性质是主观的，完全取决SCP-204-2的观点、精神状态与想象力。尽管SCP-204-1性质不同，但都有共同的特征。这些包括：强大的力量、大尺寸、基本智能、完全顺从SCP-204-2以及吞食活体血肉后的自我再生能力。SCP-204-1容易被常规武器所伤，且如遭到足量损害，其可能会被迫暂时回到分散状态。</p><p>SCP-204-2总会是一名年龄4至14岁的孩童。实际上，除了能呼叫SCP-204-1外，SCP-204-2并无突出的部分。所有SCP-204-2的产生都有共同特征。它们都有过被虐待与处于危险中的背景，以及因此罹患的多种严重精神疾病。这使得SCP-204-2实体难以以任何传统方式来收容，因必须非常小心地将它们维持在稳定的状态。看来SCP-204-1是被这样的孩子所吸引了，虽然目前未知它们为何以及如何找到他们的。如果SCP-204-2被处决或是年满14岁，SCP-204-1会抛弃它，并且找到新的孩童来“印记”。作为SCP-204-1的自我保护形式，如果SCP-204-1找不到适合的孩童，其会立即物质化，并疯狂地攻击任何视线内的东西。</p><p>一旦SCP-204-1找到适合保护的候选者时，他会立即在SCP-204-2上“印记”并跟随它，直到SCP-204-1死亡或是SCP-204-1自行决定离去。最初，SCP-204-1显露为良性，保护SCP-204-2不受明显的威胁。然而，经过仔细地研究和观察，已注意到所有SCP-204-2个体会开始采取更加激进的、追求危险的行为，且不顾人类性命。理论而言，SCP-204-1有能力操纵SCP-204-2的思维过程，以表现出会对其有利的样子。推测由于SCP-204-1需要以有机血肉维生，其需使SCP-204-2处于危险以“正当”其活化。进一步细节参见附录1。</p><p><strong>附录1：</strong>已经有多份被认为SCP-204-1涉及在其中的事故之记录。首次记录的事故为，发现一辆汽车在住宅街道被完全地拆毀且覆盖在部分被吞噬的人类尸体下。在类似的多起事故发生后，特工设法跟踪SCP-204-1到了████████^ ███████████，他们在那里与首位记录到的SCP-204-2化身接触。在超过三次的尝试与大量伤亡后，成功收容SCP-204-1及SCP-204-2。对SCP-204-2的采访表明，其似乎感觉需要体验危险，例如站在车流中或是激起他人的敌意反应。当问及其原由时，SCP-204-2简单地回答说SCP-204-1“允许[它]做”。</p><p><strong>收容协议204：</strong>为保持SCP-204-1的成功收容，有必要保留一永久的候选贮存以替代SCP-204-2，如果当前的SCP-204-2被处决或抛弃。理想情况下，所有候选者都为10岁以下的孤儿，且有被虐待的背景。然而在需要的时候，可授权“收容协议204”的第XII条以允许不满特定要求的候选者。他们会被置于“照顾者”的看管下，“看管者”由被定罪有暴力犯罪、虐待儿童以及恋童癖的D级人员组成，且基金会工作人员在场以防止候选者的意外处决。用于XII条的人员选择将遵循与<a href=""/scp-231"">SCP-231</a>的特殊需求相同的指导方针。<sup class=""footnoteref""><a id=""footnoteref-1"" href=""javascript:;"" class=""footnoteref"" onclick=""WIKIDOT.page.utils.scrollToReference('footnote-1')"">1</a></sup></p><p>如果SCP-204-2成功成长至14岁的截止年龄且SCP-204-1抛弃了它，则先前的SCP-204-2必须经过严格的记忆删除处置以及彻底的心理检查，之后重入政府寄养程序。如果认为先前的SCP-204-2无法成功重新融入，那么该对象必须被立即处决。</p><p><strong>附录2：</strong>截至撰写此报告时，基金会已收容了13个SCP-204-2实体。11个实体表现出SCP-204-2实体典型敌意及暴力行为的特征。不过，2个SCP-204-2实体显示他们心理健康及稳定的显著改善，且收容突破的尝试次数最少。目前不清楚是什么具体因素造就了这些行为的差异，因为SCP-204-1操纵其宿主所用的确切机制仍不得而知。</p><p><strong>附录3：</strong>虽然有证据表明SCP-204-1可能有感知，或者甚至是有智能的，但所有对SCP-204-1沟通的尝试都已失败。目前，唯一与SCP-204-1沟通的可行方法是以SCP-204-2为媒介。不幸的是，几乎所有SCP-204-2实体都表现出暴力倾向与敌意，以及它们成问题的心理稳定性使得此类途径非常不可靠。</p><div class=""footnotes-footer""><div class=""title"">脚注</div><div class=""footnote-footer"" id=""footnote-1""><a href=""javascript:;"" onclick=""WIKIDOT.page.utils.scrollToReference('footnoteref-1')"">1</a>. 迄今为止，第XII条尚未以任何形式颁布。</div></div><div class=""footer-wikiwalk-nav""><div style=""text-align: center;""><p>« <a href=""/scp-203"">SCP-203</a> | SCP-204 | <a href=""/scp-205"">SCP-205</a> »</p></div></div></div>",false,series
SCP-300 - “瓶中世界”,/scp-300,"<div style=""min-height:600px&quot;""><div class=""scp-image-block block-right"" style=""width:300px;""><img src=""http://scp-wiki.wdfiles.com/local--files/scp-300/scp300-2.png"" style=""width:300px;"" alt=""scp300-2.png"" class=""image"" /><div class=""scp-image-caption"" style=""width:300px;""><p>SCP-300，相片摄于基金会收容前</p></div></div><p><strong>项目编号：</strong>SCP-300</p><p><strong>项目等级：</strong>Safe</p><p><strong>特殊收容措施：</strong>SCP-300被储存在位于Site ██的一个温度可控的上锁柜内。以SCP-300为对象的实验仅能在先前获得至少一名3级上级研究员的书面许可后进行，任何对SCP-300的进行的观测必须被记录以便事后分析。</p><p><strong>描述：</strong>SCP-300为一个玻璃制古董香水瓶（SCP-300-1）与其中包含的大约2.4 cc的不明琥珀色液体（SCP-300-2）。</p><p>当一滴SCP-300-2被从SCP-300-1中取出并通过标准光学显微镜进行观察时，观察者能够观察到一个动态场景。虽然每一滴的场景都有所不同，但场景总体上都以一片维多利亚时代英格兰田园或林地的景色出现。</p><p>目前为止，对SCP-300-2具体化学成分进行分析的尝试均受无法解释的原因而失败，用于分析的光谱仪会反馈具有显著差异或完全错误的数据，使得对其进行复制完全不可能。同时，不论稳定物质与控制环境条件的尝试如何，SCP-300-2永远会在离开SCP-300-1的2-8小时内蒸发。</p><p>1863年█月██日，皇家异常工艺品控制收容保护社（Royal Society for the Security^ Containment^ and Protection of Anomalous Artefacts）特工在对位于英国[已编辑]的一联排式住宅的阁楼展开突袭搜查后将SCP-300与[已编辑]一同回收，并对其进行第一次记录。SCP-300在19██年██月█日被转交至SCP基金会管辖。</p><p><strong>附录300-1：</strong>实验记录（删节版）</p><p><strong>日期：</strong>19██年██月██日<br /><strong>实验程序：</strong>一滴（约0.07 cc）SCP-300-2被转移至显微镜载物片上。录像时长大约3小时，SCP-300-2随后无害地蒸发。<br /><strong>详细资料：</strong>可见场景为一条土路，路边排有两排种类不明的树木组成。树叶颜色表明场景处在秋季。微风在场景中吹过，造成一些发黄的叶片被吹落。在大约1:07:18处，一辆四轮马车载着一名司机和两名乘客从场景中经过。对象衣着与维多利亚时代英格兰人穿着相同。此后无其他重要事件。</p><p><strong>日期：</strong>19██年██月██日<br /><strong>实验程序：</strong>一滴（约0.08 cc）SCP-300-2被转移至显微镜载物片上。录像时长大约5小时。<br /><strong>详细资料：</strong>可见场景为一座乡村农场。小麦尺寸表明场景处在夏末。一个由两名成人与三名年龄不同的儿童组成的家庭在农场的不同区域中不时出现，进行日常工作。家庭着装与先前确定的场景时代相同。</p><p><strong>日期：</strong>19██年█月█日<br /><strong>实验程序：</strong>一滴（约0.07 cc）SCP-300-2被转移至显微镜载物片上。录像时长大约2小时。<br /><strong>详细资料：</strong>可见场景为一座陈设齐全的寓所内部。可视区域内可见一座点燃的壁炉及数把扶手椅。三名衣着得体的人正在聊天，分别为两名男子与一名女子，同时享用着一瓶被推测为是红酒的饮料。对三人对话的读唇分析尚未完成，然而已解读出的部分表明此对话为非正式的政治讨论，讨论对象为18██年的常见问题，同样位于维多利亚时代英格兰。</p><p><strong>日期：</strong>19██年█月██日<br /><strong>实验程序：</strong>两滴（约0.15 cc）SCP-300-2被转移至显微镜载物片上以进行实验。录像时长大约3小时。<br /><strong>详细资料：</strong>录像模糊不清，无法辨认。尽管有几个录像片段经过了分析，分析结果没有任何有意义的资料。此后进行的实验被限制于一滴SCP-300-2。</p><p><strong>附录300-2：</strong>事件300-012</p><p>19██年██月█日，█████博士的尸体被发现在C实验室中，死因为向头部开枪自杀。</p><p>实验室监控录像显示█████博士强迫性地观看一段近期录制地SCP-300实验录像，其情绪愈发激动，最终掏出其配备的武器，开枪自杀。</p><p>初步调查确认实验录像为19██年██月█日进行的实验的3小时录像。录像显示一名年轻女子，年龄大约为██岁，坐在一把扶手椅中，在哼着小曲的同时进行刺绣。进一步调查显示该女子与█████博士的在[已编辑]时去世的妻子之间有强烈的相似度，包括于其颈部左侧可见的一块胎记。对SCP-300进行的实验暂时中止，等待研究其潜在的精神感应或记忆影响能力。</p><p><strong>附录300-3：</strong>位于SCP-300背部的铭文</p><blockquote>瓶中桃源<br />献给我最爱的人，娜拉<br /><img src=""http://scp-wiki.wdfiles.com/local--files/scp-300/AW-signature.png"" style=""margin-top: 10px;"" alt=""AW-signature.png"" class=""image"" /></blockquote><div class=""footer-wikiwalk-nav""><div style=""text-align: center;""><p>« <a href=""/scp-299"">SCP-299</a> | SCP-300 | <a href=""/scp-301"">SCP-301</a> »</p></div></div></div>",false,series
SCP-301 - 传送点,/scp-301,<h3>抱歉，该页面尚无内容</h3>,false,series
SCP-302 - 蚂蚁雕像,/scp-302,"<div style=""min-height:600px&quot;""><p><strong>项目编号：</strong>SCP-302</p><p><strong>项目等级：</strong>Safe</p><p><strong>特殊收容措施：</strong>SCP-302需被保存在Site-[已编辑]，遵从安全-3协议。处理此人造物时应该时刻戴着手套，而且须采取最大程度的预防措施以确保此物体不会与未经允许的人产生皮肤接触。任何没有安排实验却又表现出受到SCP-302的影响者会被申请处决。由于[数据删除]，所有受到SCP-302感染的人都应该在八天之内处决。</p><p><strong>描述：</strong>SCP-302是一个表面经由青铜/铜绿处理的锡质小雕像，造型是两只蚂蚁抬着一片叶子。无论何时当一个人和此物体进行直接皮肤接触时，他们在两小时内会无一例外地在身上发现一只孤单的，小小的，相对无害的蚂蚁。这只蚂蚁可能属于不同种小型蚂蚁种类的中的任何一种，而且其出现很少造成较高的警觉。它值得注意之处在于所有记录下的案例中，受影响者都总是本能地注意到了这第一只蚂蚁并且清楚地记得看见了它。</p><p>其后，数量每天以指数级别增长的蚂蚁会出现在受影响者身上。一整天内，出现的蚂蚁数量据观察约在3<sup>X</sup>到5<sup>X</sup>之间，X是第一次与SCP-082接触之后经过的天数。随着时间增长，蚂蚁数量一直在增长，品种也在变化。起初是较小的，几乎无害的种类，随后会转变为更大的或是叮咬得令人更痛苦的种类。</p><p>蚁群似乎是从最近的未被观察到的地方出现；包括衣服下，附近的物体，或者如果在没有这样的地方时会从体窍中出现。蚁群难以理解地专注于探索或攻击受感染者，并且不会停止直到它们自己或是受感染者死亡。</p><p><strong>附录302-01：</strong>实验记录2的受试者是一个D级人员。对象被告知他要参与一个“一星期的休息可能会如何影响D级人员的表现的研究测试，”并且呆在一个有健身设备，各种书籍杂志和一台彩色电视的“休息室”中。对象在不知情的情况下与SCP-302进行了接触。</p><p><strong>«测试记录2»</strong></p><blockquote><p><strong>第一天和第二天</strong><br />对象悠闲地打发掉了时间。对象表现出极大的满足，并且没有报告任何异常。<br /><strong>第三天</strong><br />对象报告了轻微蚁患，并且承认可能是因为他把食物碎屑掉到沙发和地毯上。对象承认他两天前注意到了一只蚂蚁，但是觉得这无关紧要。对象在其他方面仍然报告说非常满意并且要求了一罐杀虫喷雾。<br /><strong>第四天</strong><br />对象报告说尽管他尽了最大努力在室内喷洒药雾，但是蚁患依旧，而且蚂蚁越来越多并且有时会咬疼他。对象报告说蚂蚁看起来更大了，并且与他前几天看到的不一样。对象对于实验仍然报告说相对愉快。<br /><strong>第五天</strong><br />对象报告说非常烦恼并且疼痛加剧，因为蚂蚁现在几乎总是在他身上。蚁群似乎又一次变化，变得攻击性更加剧烈。在此时对象显然怀疑到蚁群不是来自正常的自然界。<br /><strong>第六天</strong><br />对象处于极大痛苦之中。一整天内每分钟平均有五只（5）热带绿头蚁（<em>Rhytidoponera metallica</em>）出现在对象身上。对象因为疼痛而变得非常暴躁，并且要求被从室内释放。实验借口被废除，对象被拘束并且处以医疗看护。<br /><strong>第七天</strong><br />对象处于剧烈痛苦之中。平均每分钟在对象身上观察到二十五只（25）热带火蚁（<em>Solenopsis solenopsidis</em>）。需对对象进行持续灭蚁。<br /><strong>第八天</strong><br />对象被大量用药，并且在一天中大部分时间都没有知觉。平均每分钟有140只子弹蚁（<em>Paraponera clavata</em>）出现在对象身上。需要迅速灭蚁和使用消炎药物。<br /><strong>第九天</strong><br />[数据删除]。对象被处决，实验结束。</p></blockquote><div class=""footer-wikiwalk-nav""><div style=""text-align: center;""><p>« <a href=""/scp-301"">SCP-301</a> | SCP-302 | <a href=""/scp-303"">SCP-303</a> »</p></div></div></div>",false,series
SCP-303 - 门后男,/scp-303,"<div style=""min-height:600px&quot;""><div class=""scp-image-block block-right"" style=""width:300px;""><img src=""http://scp-wiki.wdfiles.com/local--files/scp-303/Scp303.jpg"" style=""width:300px;"" alt=""Scp303.jpg"" class=""image"" /><div class=""scp-image-caption"" style=""width:300px;""><p>SCP-303在一扇门后</p></div></div><p><strong>项目编号：</strong>SCP-303</p><p><strong>项目等级：</strong>Euclid</p><p><strong>特殊收容措施：</strong>由于SCP-303至今并未被发现在Site ██边界以外的地方活动，整个Site ██目前被考虑为SCP-303的收容区域。所有Site ██的房间都有被转移的可能，只要两个入口间有10米以上的距离或视距。所有人员被均匀分布于整个设施，配备可用的无线电或对讲机，以便快速解决遭遇SCP-303所引起的事故。所有目击SCP-303的个人将被即时申请进行心理评估。</p><p>所有在6/4/10前保存于Site ██的SCP项目将被一次一个地转移去Site ██-B。当确认SCP-303未从Site ██与它一起迁移，各个SCP项目会被再次转移至Site ██-A。一旦SCP-303迁移至Site ██-B，或者仍在Site ██的所有上述SCP都已转移至Site ██-A时，收容措施将适当更新。</p><p><strong>描述：</strong>目击者描述SCP-303是一个裸體，无性别，瘦弱，红褐色皮肤的人型物体。不同于普通的脸部构造，它的头部被一张极大的嘴占据。配有过大的人类的牙齿。它持续喘息，声音大的足以从最坚固的门的另一边传来。所有遭遇到SCP-303的个人都能对它进行全面的描述，包括没有在物理意义上目击它任何部分的人。</p><p>SCP-303会不明意义地选择任何门，舱口，或者其他入口屏障，然后在其后面，与目击者相反的一侧出现。SCP-303然后会在门后停留一段不定的时间。所有尝试打开门或屏障的人会体验到激烈、令人瘫痪的恐惧，持续到SCP-303消失为止（无论它是自行消失，还是单纯离开目击者的视野而已）。恐惧产生的源头并不清楚，但是在性质上类似蜘蛛恐惧症和蛇恐惧症，从潜意识、遗传级别产生。[数据删除]分析指示出SCP-303并未针对性地诱导对象产生恐惧。</p><p>SCP-303不允许它自己和任何观测者有视觉上的直接接触，亦未允许过任何观测者目击它形体的10%以上。当门或者其他入口屏障是部分或完全透明时，SCP-303会现形10%或更少，或者会在门上产生雾、在透明表面处结霜以达到相同效果。如果在一个没有固体物件或门切断视线的方向接近SCP-303，它会在被视线直接接触前消失。</p><p>所有遇到SCP-303的电子或复杂机械装置会暂时不能使用。SCP-303没有被记录到任何在物理或口头上接触观测者的尝试。</p><p>至今仍然未知SCP-303是如何到达Site ██ 的。SCP-303的首次出现记录时间是在3/1/██。目前怀疑SCP-303是在不经意间被运入或者是Site内另一SCP的表现。所有Site ██的SCP正在准备重新依次检测。</p><p><strong>事故日志303-A</strong></p><p><strong>事故303-1：</strong>当意识到SCP-303出现在浴帘另一边时，特工████████正在她宿舍的浴室内进行淋浴。当时它在非常大声地喘息。出于惊恐，她偶然碰到了浴帘，使得它往外晃动。部分浴帘包住了SCP-303，证明它站在离浴帘少于0.5米处，面对淋浴器直立站着。特工████████报告在接下来的约3个小时内她在浴室内安静地啜泣，避免打扰到SCP-303。在她离开淋浴器之时，特工████████报告喘息非常突然地消失了。</p><p><strong>事故303-3：</strong>特工█████在Site ██2楼休息室内遭遇到了SCP-303。当他正在尝试取得柜台内的咖啡伴侣时，他听到柜内传来大声的喘息，这给他带来了压倒性的恐惧。特工█████后来报告说SCP-303当时正在柜台内以胎儿的姿势蜷缩着。尽管没有成功打开柜门，特工█████还是肯定了以上的信息。后来，检测柜台时，发现一罐咖啡伴侣不见了。</p><p><strong>备注：</strong>这是首次SCP-303从现场移走物品的记录。</p><p><strong>事故303-6：</strong>█████博士被发现在二楼的一个储藏室脱水而死。估计在被发现时，█████博士已经在储藏室度过了五天。一个小型的4米 × 4米减压舱把储藏室和毗邻的走廊隔离开来。SCP-303占据了减压舱，把█████博士隔离在了储藏室，阻止了任何进入储藏室的路径，使得█████博士无法离开。</p><p><strong>测试日志303-A：</strong></p><p>一支由████████博士，研究员████████，4个保安人员和4个D级人员组成的队伍，被指定派出到任何报告目击到SCP-303的出现之处，以便马上进行现场测试。这些日志发生在从一楼走廊往███室的门。SCP-303被报告在███室。</p><p><strong>测试303-1：</strong>一名男性D级人员，D-303-1，被命令去开门并被恐吓如不服从则会被派去看守SCP-███。他拒绝了，表现出了极度的恐惧。</p><p><strong>测试303-2：</strong>一名男性D级人员，D-303-1，被命令去开门并被恐吓，若不服从则会被即时处决。他拒绝了，声称如果他开门SCP-303会[数据删除]。他被当场处决。</p><p><strong>测试303-3：</strong>一名女性D级人员，D-303-2，目睹了D-303-1的处决过程，被命令去开门并恐吓，若不服从即当场处决。她拒绝了，声称如果她开门了SCP-303会[数据删除]。研究员████████被此声明动摇了。D-303-2并未被处决。</p><p><strong>测试303-4：</strong>一名女性D级人员，D-303-2，被命令去开门。一名男性D级人员，D-303-3，被保安人员给予一把战斗匕首，并被命令[数据删除]直至D-303-2开门为止。经过两小时的[数据删除]D-303-2死于失血过多。D-303-2没有任何开门的尝试。</p><p><strong>附录- 5/1/10：</strong>SCP-303似乎已经声明2楼的储藏室为它所有。自4/5/10开始它不允许任何人进入该房间。它周期性地离开以获取基金会的物品，并移动至2楼储藏室。迄今为止，下列非机密物品已被SCP-303拿走：</p><ul><li>一个█████内旋盖冻存管</li><li>三套基金会标准手术装备</li><li>█████ ███ █████████████</li><li>两具D级人员的研究用尸体</li><li>一部汽油发电机</li><li>各种化学物质，包括大批色氨酸、苯丙氨酸、█████████和酪氨酸，以及其它</li><li>一罐咖啡伴侣</li></ul><p>除此之外，若干机密资料已经被SCP-303取得。研究人员正在尝试弄清楚SCP-303会用收集来的物品达成什么特殊目的。</p><div class=""footer-wikiwalk-nav""><div style=""text-align: center;""><p>« <a href=""/scp-302"">SCP-302</a> | SCP-303 | <a href=""/scp-304"">SCP-304</a> »</p></div></div></div>",false,series
SCP-304 - 某个信号,/scp-304,"<div style=""min-height:600px&quot;""><p><strong>項目編号：</strong>SCP-304</p><p><strong>項目等级：</strong>Safe</p><p><strong>特殊收容措施：</strong>目前，SCP-304的存在被███████太空探测器的持续信号传输所掩盖。掩盖用信号被特别编译过，以防任何非基金会的人员解密SCP-304。此信号传输在探测器与地球的公众通信与NASA进行的常规科学探测活动之外进行。███████与其尚未启用的替代品在特定轨道上运行，以永远保证它们处于地球与估计的SCP-304源头位置之间。如果原始探测器失效，其替代品将马上以同一频率开始传输信号，并和原始探测器一样承担所有公共传输任务。</p><p><strong>描述：</strong>SCP-304是一个频率为██████ Ghz的无线电信号，自于196█年被发现以来一直在传输一长列人名，以及他们的头衔。这些人名是一列世界领导人的名字，按时间顺序排列。信号以莫尔斯电码的“威廉四世国王”开始，之后往下是一系列英国君主，美国总统以及其他领导人的名字。SCP-304的格式在发送到“林登·贝恩斯·约翰逊总统”时由莫尔斯码转为ASCII码。之后SCP-304会列出63个头衔为“总统”的人以及头衔为O5的[数据删除]。之后信号会从ASCII码转为一种尚未被破解的格式，列出大约7个名字。在第7个未解码的名字后，SCP-304会暂停12秒并从头重复。名单突然终止的原因仍未知。</p><p><strong>注意：</strong>SCP-304中包含的资料限制O5及更高级人员。获授权人员已确认，名单中的美国总统和中国主席的名字到目前为止都是准确的。此文件将不涉及那些可能指向基金会人员的数据。现已确认SCP-304来自[已编辑]的方向。但SCP-304的源头仍未知，我们也不知道它在被发现之前已存在了多久。</p><div class=""footer-wikiwalk-nav""><div style=""text-align: center;""><p>« <a href=""/scp-303"">SCP-303</a> | SCP-304 | <a href=""/scp-305"">SCP-305</a> »</p></div></div></div>",false,series
