title,link,author,created_time,page_code
Able Baker Charlie,/able-baker-charlie,Letitia213,24 Jan 2016 03:45,A
蛇说,/about-the-serpent,MScarlet,30 Apr 2017 15:48,A
恶魔学简释,/a-brief-explanation-on-demonics,qjfoidnh,04 Apr 2018 17:16,A
克己,/absolute-self-control,M Element,23 Oct 2017 04:39,A
圣蛋颂歌,/a-cackmas-carol,(account deleted),20 May 2017 07:29,A
为计算器冒一次险,/a-calculated-risk,M Element,07 Nov 2017 06:05,A
Bright礼赞,/a-canticle-for-bright,Freedom Koo,14 Apr 2017 14:03,A
自由之机,/a-chance-at-freedom,M Element,14 Nov 2017 03:09,A
一场MC&D有限公司的马戏,/a-circus-for-mc-d-ltd,M Element,10 Oct 2017 01:36,A
一份秘密会议的简报,/a-confluence-of-clandestine-conferences,DAVE-D-R-Z,31 Mar 2018 06:24,A
一份更酷的宣言,/a-cooler-manifesto,Letitia213,26 Jan 2016 07:02,A
文件11-a,/activity-documentation-file-11-a,Samuel Zhang,09 Nov 2017 01:57,A
Alto Clef的一天,/a-day-in-the-life-of-alto-clef,Freedom Koo,26 Mar 2017 13:00,A
增员,/additional-resources,M Element,25 Jan 2018 13:49,A
第二次致意,/addressing-the-second,Letitia213,23 Jan 2016 12:18,A
致学生与教员的演讲,/address-to-the-students-and-faculty,Holy_Darklight,24 Feb 2017 06:20,A
梦的挽歌,/a-eulogic-elegy-for-the-dreams,Ravenfield,25 Nov 2016 10:55,A
明星风扇,/a-fan-s-fans,Blue Buendia,27 Jul 2017 00:25,A
死得其所,/a-fitting-end,Airalin_Knowledge,04 Mar 2017 12:14,A
后续行动报告2272',/after-action-2272,(account deleted),14 Jun 2017 01:52,A
特工Apocalemur的日记,/agent-apocalemur-s-journal,(account deleted),21 Jul 2017 13:06,A
特工小布朗之护身符失踪案,/agent-brown-and-the-case-of-the-missing-amulet,ahshow,23 Jun 2018 08:26,A
特工Imants的水暖池维修与披萨外送,/agent-imants-plumbing-pool-repair-and-pizza-delivery-service,(account deleted),28 May 2017 17:43,A
Ukelele特工,/agent-ukelele,Letitia213,29 Nov 2015 12:46,A
一份假日呼吁,/a-holiday-appeal,M Element,28 Oct 2017 07:01,A
Ailier,/ailier,M Element,29 Oct 2017 22:54,A
弄臣的故事,/a-jester-s-tale,M Element,07 Nov 2017 05:31,A
警報！開始鎖閉！,/alert-lockdown-initiated,MScarlet,12 Apr 2015 21:13,A
自始至终,/all-along,Agent Phage,04 Nov 2017 17:12,A
万圣的,/all-hallows,qjfoidnh,20 Feb 2018 08:26,A
他们所渴只有血,/all-they-want-is-the-blood,Airalin_Knowledge,04 Mar 2017 10:11,A
周全考虑,/all-things-considered,M Element,07 Nov 2017 05:00,A
孤单,/alone,Freedom Koo,26 Mar 2017 05:55,A
往昔不往,/a-long-time-past,Letitia213,24 Jan 2016 05:19,A
事业有成,/a-man-at-the-top-of-his-profession,M Element,09 Nov 2017 07:12,A
記憶消除指南手冊,/amnestic-orientation-manual,MScarlet,15 Aug 2014 18:33,A
损友重逢,/a-most-unfortunate-reunion,Letitia213,24 Jan 2016 12:50,A
穿越者,/anachronisms,Letitia213,24 Jan 2016 12:58,A
Anderson-平行世界,/anderson-the-alternative,qjfoidnh,27 Mar 2018 11:24,A
我感觉不错,/and-i-feel-fine,Tunardine777,04 Aug 2018 15:52,A
在歌声中开始,/and-it-starts-with-a-song,(account deleted),03 Mar 2017 01:51,A
而現在，他離開了,/and-now-he-is-gone,M Element,30 Oct 2017 02:18,A
即是如此,/and-so-it-is-now,Letitia213,24 Jan 2016 05:47,A
这样，以及那样,/and-so-on-and-so-forth,Letitia213,24 Jan 2016 03:37,A
如是群鸦讪笑不止,/and-so-the-crows-laughed,Flea_ZER0,04 Jun 2016 07:24,A
无人生还,/and-then-there-were-none,ahshow,05 May 2018 12:10,A
然后呢？,/and-then-what-happened,MScarlet,07 Jun 2014 16:34,A
而优胜者是......,/and-the-winner-is,qjfoidnh,18 Mar 2018 11:52,A
一份FAQ；或者说，休谟指数到底是个啥？,/and-this-one-explains-humes,Freedom Koo,24 Apr 2017 04:12,A
与Bright共度良宵,/an-evening-with-bright,M Element,28 Mar 2017 08:25,A
《鬼魂再见》的一份摘录,/an-excerpt-from-goodbye-ghost,M Element,23 Oct 2017 04:06,A
FAQ第二部分；或者说，关于你所提休谟问题的回答,/an-faq-part-two-or-your-hume-questions-answered,qjfoidnh,13 Mar 2018 09:34,A
片中一夜,/a-night-at-the-movies,(account deleted),14 Jun 2017 02:27,A
公元后,/anno-domino,Greenson,20 Jan 2017 15:55,A
O5的（还不是）末日,/annon,Freedom Koo,26 Mar 2017 09:00,A
老太与花园,/an-old-woman-and-her-garden,VanessaMeowUniverse,09 Feb 2018 03:24,A
魔法指南,/another-goddamn-magic-system,(account deleted),07 Jul 2017 08:51,A
墙上的另一颗星,/another-star-on-the-wall,M Element,28 Oct 2017 19:04,A
"Apakht",/apakht,JustinTrenchcoat,07 Mar 2018 02:23,A
2690年4月9日,/april-9th-2690,Rain-Aria,18 Jul 2018 07:27,A
商业问题,/a-question-of-commerce,Ravenfield,14 Dec 2016 11:31,A
归档事故076-2_682,/archived-incident-076-2-682,(account deleted),27 May 2017 07:01,A
一名研究员的故事,/a-researcher-s-tale,(account deleted),21 Jul 2017 13:21,A
我们圣诞了吗？,/are-we-christmas-yet,M Element,30 Oct 2017 01:25,A
换人啦工厂,/a-shift-at-the-factory,LonelySputnik,20 Apr 2018 03:28,A
Site-19圣诞颂歌,/a-site-19-christmas-carol,Ravenfield,03 Feb 2017 14:15,A
问问Mann博士,/ask-doctor-mann,(account deleted),05 May 2017 07:44,A
我爱问博士,/askinate-herr-spankoflex,thrumuvethur,27 Jul 2018 04:29,A
我爱问爵士,/ask-lord-blackwood,Letitia213,25 Jan 2016 12:51,A
一次让我灵魂封闭的小睡,/a-slumber-did-my-spirit-seal,MScarlet,08 Jul 2014 14:17,A
A.S.S.与其它低威胁相关组织,/a-s-s-and-other-low-threat-groups-of-interest,M Element,13 Nov 2017 00:05,A
Site-64袭击事件,/assault-on-site-64,ziper,07 Apr 2018 04:06,A
逗比女总裁的冰山助理,/assistance-for-the-boss-lady,M Element,08 Oct 2017 02:56,A
天文学,/astronomical,Hannah_AI,17 Jun 2018 06:51,A
遗书,/a-suicide-note,Freedom Koo,16 Apr 2018 14:36,A
Keter蚊子的进攻！,/attack-of-the-keter-skeeters,M Element,12 Oct 2017 17:25,A
Atzak I,/atzak-i,Ryan SQuirrel,24 May 2018 16:04,A
宣战,/audio-of-war,(account deleted),24 Feb 2017 05:25,A
化身,/avatara,PageSeventeen,14 Aug 2017 07:19,A
贝氏圣诞,/a-very-bailey-christmas,M Element,13 Nov 2017 00:15,A
不速之客,/a-visitation,Flea_ZER0,09 Jun 2016 05:45,A
缢王宫廷里的一位魔杖人,/a-wandsman-in-the-court-of-the-hanged-king,qjfoidnh,05 Jun 2018 18:55,A
