title,link,author,created_time,month,cn,type
一生,/one-man-life,wenzhenze,08 Oct 2018 17:18,201810,true,tale_by_time
‘起源弹’(T3Y44/ML520/SH28J),/origin-bullet-t3y44-ml520-sh28j,Agent Phage,07 Oct 2018 09:09,201810,true,tale_by_time
湍流--其八,/turbulence-8,Agt_LEAZOV,07 Oct 2018 04:03,201810,true,tale_by_time
石膏体的凹陷,/surface-of-plaster,red cactus,06 Oct 2018 11:59,201810,true,tale_by_time
物是而非,/things-are-not,Dr Faruk,05 Oct 2018 03:23,201810,true,tale_by_time
《Ninth博士教你如何在PK级情景下勉强活下来的一次演讲》，又名《玩梗不要停下来啊》的节选,/how-to-survive-in-pk-class,Ninth BB,04 Oct 2018 07:49,201810,true,tale_by_time
特殊收容措施,/a-special-containment-procedure,Anirahtak,04 Oct 2018 05:31,201810,true,tale_by_time
淡如白水的异常都去哪儿了？,/where-are-the-normal-anomalies,Anirahtak,03 Oct 2018 20:07,201810,true,tale_by_time
公款旅游：归家,/travel-by-public-funds-homecoming,Valentine Shi,03 Oct 2018 13:17,201810,true,tale_by_time
至白,/tian,ck-sdnfjw,03 Oct 2018 09:41,201810,true,tale_by_time
湍流：妥瑞症候群,/turbulence-6-5,Nobel,03 Oct 2018 07:26,201810,true,tale_by_time
给创作者的一封信,/a-letter-to-writer,Agent Solomon,02 Oct 2018 12:55,201810,true,tale_by_time
湍流--其七,/turbulence-7,Agt_LEAZOV,02 Oct 2018 02:59,201810,true,tale_by_time
第一乐章：佛跳墙，汽油与镁粉,/stew-gas-magnesium,cangfeng197,01 Oct 2018 14:14,201810,true,tale_by_time
EVE粒子初探——EVE粒子及奇术使用者的定义,/to-see-the-world-in-a-grain-of-sand,JustinTrenchcoat,30 Sep 2018 17:32,201809,true,tale_by_time
去他〇的赛博朋克。,/oasis,Infas12,30 Sep 2018 17:04,201809,true,tale_by_time
项目建议书 2014-926：希望与罪恶之城,/project-proposal-2014-926,Diorite,30 Sep 2018 15:31,201809,true,tale_by_time
PTSD,/ptsd,Agent Solomon,30 Sep 2018 10:53,201809,true,tale_by_time
第一乐章：呈示部,/exposition,cangfeng197,29 Sep 2018 12:45,201809,true,tale_by_time
如何做好“被批评者”的身份，Tns博士的新人讲座,/accept-criticism,Tnsbilws,29 Sep 2018 07:22,201809,true,tale_by_time
奇巧之约,/qixi-festival-and-kitkat-chocolate,qjfoidnh,29 Sep 2018 03:21,201809,true,tale_by_time
學系展覽日中的相遇,/phantom,Um4vm06,27 Sep 2018 19:09,201809,true,tale_by_time
杂烩降神,/zahuijiangshen,Desert_Walker,27 Sep 2018 16:48,201809,true,tale_by_time
坠星者,/falling-into-stars,Lyrics Linn,27 Sep 2018 13:20,201809,true,tale_by_time
叄肆奇妙冒险最终话,/34bae,QBLevi,27 Sep 2018 07:16,201809,true,tale_by_time
Gilmore博士的新入职特工讲座,/gilmore-tegongjiangzuo,Yz_Dog,26 Sep 2018 08:00,201809,true,tale_by_time
公款旅游：假日作战,/we-do-not-have-holidays,EuleNLau,25 Sep 2018 12:39,201809,true,tale_by_time
英雄长眠于斯,/zhaosiyv,Jin_hua,25 Sep 2018 09:31,201809,true,tale_by_time
Oliva博士的中秋假期,/oliva,FK-Nakago,24 Sep 2018 11:18,201809,true,tale_by_time
项目建议书 2024-425：世界尽头与冷酷仙境,/project-proposal-2024-425,MottHery,24 Sep 2018 04:14,201809,true,tale_by_time
梦境,/lxon,Lxon,23 Sep 2018 15:47,201809,true,tale_by_time
深夜,/the-deep-night,Rye Travis,23 Sep 2018 15:12,201809,true,tale_by_time
新人,/valentine-shi,Valentine Shi,22 Sep 2018 11:42,201809,true,tale_by_time
黑暗刺骨,/compromised-3,Nobel,22 Sep 2018 09:12,201809,true,tale_by_time
公款旅游：我们的约定,/travel-by-public-funds-ourpromise,ziche_anyue,21 Sep 2018 08:27,201809,true,tale_by_time
SCP基金会正式入职申请表,/new-staff-induction-form,W Asriel,19 Sep 2018 17:07,201809,true,tale_by_time
少女，与歌，与异常,/girls-and-songs-and-anomalies,Sekai_s,19 Sep 2018 10:34,201809,true,tale_by_time
凌晨星,/weeplanet,QBLevi,18 Sep 2018 08:01,201809,true,tale_by_time
公款旅游：秋风萧瑟,/west-wind,cangfeng197,16 Sep 2018 10:50,201809,true,tale_by_time
他们,/these-people,Altale,16 Sep 2018 10:21,201809,true,tale_by_time
听雨,/rain,sakura_jiu_jun,16 Sep 2018 09:55,201809,true,tale_by_time
公款旅游：酒,/beer-beer,Ninth BB,14 Sep 2018 17:22,201809,true,tale_by_time
演绎部的附加讲座：关于一些新理论和问题解答,/kksk,Veleafer,14 Sep 2018 09:24,201809,true,tale_by_time
● REC : 浮生掠影,/rollback,shashengdong,12 Sep 2018 20:49,201809,true,tale_by_time
采薇,/salute,cangfeng197,12 Sep 2018 12:10,201809,true,tale_by_time
世界美食联合委员会,/tasty-food-association,Huskar_CN,11 Sep 2018 14:46,201809,true,tale_by_time
梦月守秘 ~ Dreamland of Foundation,/dreamland-of-foundation,Ninth BB,11 Sep 2018 13:59,201809,true,tale_by_time
绞肉机,/mangler,varitas096,11 Sep 2018 02:56,201809,true,tale_by_time
补给,/supply,Modern Hunter,09 Sep 2018 08:10,201809,true,tale_by_time
机娘的噩梦,/the-last-moment,62ECN,09 Sep 2018 05:16,201809,true,tale_by_time
盖棺定音,/the-lost-sound,cangfeng197,09 Sep 2018 02:17,201809,true,tale_by_time
叛神,/compromised-2,Nobel,07 Sep 2018 14:44,201809,true,tale_by_time
阴影中的另一个我,/another-me-in-the-shadow,cangfeng197,07 Sep 2018 11:33,201809,true,tale_by_time
公款旅游：回归,/travel-by-public-funds-back,Altale,06 Sep 2018 11:25,201809,true,tale_by_time
觀察的終結,/a-death-of-an-observer,EDGE_chi,05 Sep 2018 13:25,201809,true,tale_by_time
我们仍在此地,/not-a-dream,EuleNLau,05 Sep 2018 11:11,201809,true,tale_by_time
平静但不平常的一天,/a-calm-but-not-normal-day,Elena Coli,05 Sep 2018 00:26,201809,true,tale_by_time
失感,/senses-in-distance,AustinYZhao,04 Sep 2018 10:11,201809,true,tale_by_time
物尽其用,/cangfeng,cangfeng197,04 Sep 2018 09:57,201809,true,tale_by_time
《存于现世的神话》第一部分 英雄与叛徒 总览,/suicide5-2,koi_Vicky Stan,03 Sep 2018 08:23,201809,true,tale_by_time
纵使我已然离去,/though-i-have-gone,DrSee,02 Sep 2018 10:19,201809,true,tale_by_time
Dr.Gardner,/j,Taboo Lannister,01 Sep 2018 12:17,201809,true,tale_by_time
天,/lantian958,Agent_uuis,31 Aug 2018 15:26,201808,true,tale_by_time
休谟与月季,/hume-and-rosa,Modern Hunter,31 Aug 2018 08:33,201808,true,tale_by_time
UIU地点档案：波兰-俄罗斯-德意志苏维埃联邦,/uiu-location-dossier-sfprd,The_Reaper_Kindred,31 Aug 2018 04:08,201808,true,tale_by_time
盲眼的救世主,/compromised-1,Nobel,31 Aug 2018 01:04,201808,true,tale_by_time
基金会：灵恸湮灭,/foundation-the-oblivion,San Diego 555,30 Aug 2018 06:26,201808,true,tale_by_time
批准建立有关使用纯天然机械体批量制造客观-现实独立者设备的申请,/grant-request-for-mass-production-of-objective-reality-indep,Yoghurt-rescuer,29 Aug 2018 21:19,201808,true,tale_by_time
湍流--其六,/turbulence-6,Agt_LEAZOV,29 Aug 2018 18:22,201808,true,tale_by_time
人类之罚,/bad-apple,Ninth BB,28 Aug 2018 12:44,201808,true,tale_by_time
最初之作,/story-of-173,Ninth BB,27 Aug 2018 14:57,201808,true,tale_by_time
格莱希尔——爱、信任、与保护,/suicide6-2,koi_Vicky Stan,27 Aug 2018 06:25,201808,true,tale_by_time
我不应被忘却,/i-shouldn-t-be-forgotten,Cynthia7979,27 Aug 2018 03:38,201808,true,tale_by_time
基金会是怎样化腐朽为神奇的,/shit,megasowrd,27 Aug 2018 02:19,201808,true,tale_by_time
全球轰炸联盟中心页,/gec-hub-page,(account deleted),25 Aug 2018 16:54,201808,true,tale_by_time
世界的灰烬，随风飘向那夜空,/the-ash-of-the-world,Ninth BB,25 Aug 2018 14:32,201808,true,tale_by_time
基金会是怎样给现实扭曲者做体检的,/how-the-foundation-body-check-a-reality-bender,W Asriel,25 Aug 2018 14:27,201808,true,tale_by_time
笔记：Fyodor,/fyodor,Yoghurt-rescuer,24 Aug 2018 17:14,201808,true,tale_by_time
特工零伍的中元节故事,/05-in-dream,Archibald1,24 Aug 2018 12:29,201808,true,tale_by_time
批准建立将恶魔类实体剥离占据对象并实施收纳的设备的申请,/grant-request-for-strip-the-devil-from-the-entity,Yoghurt-rescuer,24 Aug 2018 09:30,201808,true,tale_by_time
年终考核,/examination,Cosy Cat,23 Aug 2018 02:35,201808,true,tale_by_time
Foundation won't watch you,/foundation-won-t-watching-you,The Salt Fish,23 Aug 2018 01:24,201808,true,tale_by_time
格莱希尔——来自远方呼唤的声音,/suicide6-1,koi_Vicky Stan,22 Aug 2018 16:56,201808,true,tale_by_time
咖啡馆之夜,/coffee,toms chenduxiu,22 Aug 2018 14:40,201808,true,tale_by_time
推理小说创作者,/suicide3-3,koi_Vicky Stan,22 Aug 2018 12:10,201808,true,tale_by_time
关于一次收容失效的详细报告,/breach,shashengdong,22 Aug 2018 11:21,201808,true,tale_by_time
“自由”生活,/jail-of-freedom,Pric,22 Aug 2018 07:45,201808,true,tale_by_time
一如既往，是不是？,/as-it-always-be,Ashley voi Strokers,22 Aug 2018 05:57,201808,true,tale_by_time
基金会内参（2018年8月刊）,/personofaugust,QBLevi,22 Aug 2018 04:15,201808,true,tale_by_time
对，没错，站点主管,/holyshit,Yz_Dog,21 Aug 2018 17:59,201808,true,tale_by_time
批准建立有关利用DEI执行对恶魔类实体自动化捕捉系统的申请,/grant-request-for-demonic-entity-automatic-capture-system,Yoghurt-rescuer,21 Aug 2018 17:50,201808,true,tale_by_time
老凯文去世了,/mofuki,#ApmV,21 Aug 2018 17:08,201808,true,tale_by_time
少女，异常，枪,/beginning-of-the-end,Ninth BB,21 Aug 2018 14:40,201808,true,tale_by_time
您确定您要巧克力吗,/chocolate,Angel_ica,20 Aug 2018 16:56,201808,true,tale_by_time
研究员K：从阴影中到阳光下,/origin-interview,KirkeStein,20 Aug 2018 15:02,201808,true,tale_by_time
逃脱游戏,/escapegame,Triak*17,20 Aug 2018 14:57,201808,true,tale_by_time
七夕与玫瑰,/qixi-fuck-off,megasowrd,20 Aug 2018 12:10,201808,true,tale_by_time
一切都像往常一样,/everything-was-going-on-as-usual,Yoghurt-rescuer,20 Aug 2018 10:28,201808,true,tale_by_time
前生的故事,/story-before-life,DrDelis,20 Aug 2018 10:23,201808,true,tale_by_time
特殊收容措施,/special-containment-procedures,Modern Hunter,20 Aug 2018 08:47,201808,true,tale_by_time
团圆,/tuan-yuan,Toaa root,20 Aug 2018 05:19,201808,true,tale_by_time
一段对话，一份申请，一颗星,/a-conversation-an-application-a-star,DouglasLiu,19 Aug 2018 14:31,201808,true,tale_by_time
音速挑战者播放器,/sonic-challenger-player,Sekai_s,19 Aug 2018 12:01,201808,true,tale_by_time
空房间,/aaaa,cat*ze,19 Aug 2018 11:57,201808,true,tale_by_time
王牌,/joker,A Lancelot,19 Aug 2018 09:36,201808,true,tale_by_time
花园球馆今天没有比赛,/bostongarden,Kawa_bata,19 Aug 2018 05:35,201808,true,tale_by_time
面向基金会新人的写作指南,/freshman,shashengdong,19 Aug 2018 04:33,201808,true,tale_by_time
老一套,/ggggg,Veleafer,19 Aug 2018 03:44,201808,true,tale_by_time
不，这不属于我。,/it-doesnt-belong-to-me,Infas12,19 Aug 2018 01:52,201808,true,tale_by_time
纪念日，无人受勋,/no-medal-for-memorial-day,Waterlooper,18 Aug 2018 20:24,201808,true,tale_by_time
从世界上空掠过的黄昏,/huanghun,xuyiheng,18 Aug 2018 11:59,201808,true,tale_by_time
项目建议书 2014-423：盛开的樱花林下,/project-proposal-2014-423,MottHery,18 Aug 2018 06:18,201808,true,tale_by_time
基金会•新闻头条,/faked-news,Erwin Schrodinger,18 Aug 2018 03:58,201808,true,tale_by_time
七夕大作战,/chinese-valentine-s-day,W Asriel,17 Aug 2018 18:42,201808,true,tale_by_time
留下,/lu-xi,Toaa root,16 Aug 2018 18:30,201808,true,tale_by_time
欢迎加入SCP基金会,/welcome-to-foundation,Erwin Schrodinger,15 Aug 2018 16:10,201808,true,tale_by_time
手复人躯,/recovery-by-our-hands,The Salt Fish,15 Aug 2018 12:30,201808,true,tale_by_time
只是MTF-CN-Gamma-06参与的事件之一,/about-mtf-cn-gamma-06,EuleNLau,15 Aug 2018 10:39,201808,true,tale_by_time
Site-CN-65-Alpha的小事故,/an-little-accident-in-site-cn-65,The_Reaper_Kindred,15 Aug 2018 03:17,201808,true,tale_by_time
寻剑（上）,/sword-quest-chapter-2,The_Reaper_Kindred,14 Aug 2018 18:41,201808,true,tale_by_time
一位博士就埋葬在这里,/rip-dr-ecun,Pric,14 Aug 2018 17:47,201808,true,tale_by_time
平等,/lao-ren,Toaa root,14 Aug 2018 14:13,201808,true,tale_by_time
安详,/an-xang,Toaa root,14 Aug 2018 14:05,201808,true,tale_by_time
特兰西瓦尼亚之围,/the-encircle-of-transavia,Dr Prism,14 Aug 2018 09:38,201808,true,tale_by_time
逆文化,/gravity-paranoia,Ninth BB,13 Aug 2018 13:17,201808,true,tale_by_time
Infas的沙盒页,/infassandboxcn,Infas12,13 Aug 2018 12:31,201808,true,tale_by_time
双休日,/shuangxiuri,ZENZENZara,13 Aug 2018 03:39,201808,true,tale_by_time
骑士不在的周一,/the-missing-lancer,A Lancelot,12 Aug 2018 15:43,201808,true,tale_by_time
现实以前,/before-the-reality,Pric,12 Aug 2018 12:12,201808,true,tale_by_time
破壁行动,/wallisbroken,Erwin Schrodinger,12 Aug 2018 03:27,201808,true,tale_by_time
公款旅游：准假,/travel-by-public-i-agree,The Salt Fish,11 Aug 2018 13:40,201808,true,tale_by_time
数据依赖症,/linear-regression,Waterlooper,10 Aug 2018 16:13,201808,true,tale_by_time
5,/tupac,#ApmV,10 Aug 2018 15:56,201808,true,tale_by_time
狂犬,/freak-dog,OEOWO3O,10 Aug 2018 15:40,201808,true,tale_by_time
枪弹与玫瑰,/gun-n-rose,varitas096,10 Aug 2018 15:29,201808,true,tale_by_time
万里河山沉旧画，百年风雨醉新觞,/history-drowned-in-the-ash-of-memories,Etinjat,10 Aug 2018 15:25,201808,true,tale_by_time
馄饨初开，乾坤始奠,/in-the-beginning-was-the-wonton,Qliphoth,10 Aug 2018 14:35,201808,true,tale_by_time
天兴记事·于君水传,/story-of-yu,W Asriel,10 Aug 2018 14:21,201808,true,tale_by_time
南洋潮起,/south-china-sea,KirkeStein,10 Aug 2018 14:12,201808,true,tale_by_time
劃江而治，一中兩府,/alea-iacta-est,EDGE_chi,10 Aug 2018 11:39,201808,true,tale_by_time
沦陷区：中国,/zhongguolunxian,Flying Jellyfish,10 Aug 2018 09:50,201808,true,tale_by_time
锚定与无光之海的起航,/anchor-or-anchorless,Holy_Darklight,09 Aug 2018 22:47,201808,true,tale_by_time
我是谁,/who-am-i-by-izsac,thrumuvethur,09 Aug 2018 13:14,201808,true,tale_by_time
如何不费力的摧毁一个site,/ruhebufeilidecuihuiyigesite,yourskenny,09 Aug 2018 10:17,201808,true,tale_by_time
日常,/nichijou,Infas12,09 Aug 2018 05:30,201808,true,tale_by_time
瘟疫之源,/the-source-of-the-plague,The Salt Fish,09 Aug 2018 04:57,201808,true,tale_by_time
遇剑,/sword-quest-chapter-1,The_Reaper_Kindred,08 Aug 2018 13:58,201808,true,tale_by_time
我之血泪，为你们开辟前程,/my-tear-brings-your-way,Dr_Misaki,08 Aug 2018 12:36,201808,true,tale_by_time
携款潜逃的后果,/yourskenny,yourskenny,08 Aug 2018 10:19,201808,true,tale_by_time
新年快乐！,/happy-new-year-my-love,AustinYZhao,07 Aug 2018 06:02,201808,true,tale_by_time
囚笼中的未来,/the-future-of-the-cage,Toaa root,07 Aug 2018 03:29,201808,true,tale_by_time
Welcome To The Party,/welcome-to-the-party,Triak*17,07 Aug 2018 03:19,201808,true,tale_by_time
雨█小故事,/stories-in-the-rain,Carpenter_Mark1,07 Aug 2018 01:31,201808,true,tale_by_time
Veleafer的今日死法？,/luren-of-die,redeadneo,06 Aug 2018 11:31,201808,true,tale_by_time
正确的灾难,/scp-cn-982-event,leigu,06 Aug 2018 09:52,201808,true,tale_by_time
Waking-up,/waking-up,sakura_jiu_jun,06 Aug 2018 07:04,201808,true,tale_by_time
一日兮一日,/yiri,Agent_uuis,05 Aug 2018 06:31,201808,true,tale_by_time
以毒攻毒,/yu-ken-dai,Yu Ken Dai,04 Aug 2018 13:39,201808,true,tale_by_time
局外人-秘密战争,/xxxxx12315,zhangyun,04 Aug 2018 13:18,201808,true,tale_by_time
熔合收容站點：Site-36,/singularity-site-36,MScarlet,03 Aug 2018 19:23,201808,true,tale_by_time
伐蜀,/battle-of-shu,worthless,03 Aug 2018 15:30,201808,true,tale_by_time
泡沫,/merely-an-illusion,Idokoe,03 Aug 2018 15:21,201808,true,tale_by_time
反恐24小时,/24h,QBLevi,02 Aug 2018 15:02,201808,true,tale_by_time
标准GEC员工守则（又名十万个怎么炸？）,/how-to-become-a-gecer,Notexam Houses,02 Aug 2018 05:39,201808,true,tale_by_time
Stranger Things,/stranger-things,sakura_jiu_jun,01 Aug 2018 14:54,201808,true,tale_by_time
时间机器,/time-machine,DF-thirteen,01 Aug 2018 05:34,201808,true,tale_by_time
异学壹伍贰 圣木曼兑,/yixue152,ChaoJiE,31 Jul 2018 11:34,201807,true,tale_by_time
我在这个09站点啊,/i-am-in-this-site-cn-09,BELLOLCY,31 Jul 2018 03:09,201807,true,tale_by_time
GEC每月读本(安全篇),/xxxx2223,xxxx111,31 Jul 2018 02:48,201807,true,tale_by_time
重生,/live-again,JackShangguan,30 Jul 2018 17:04,201807,true,tale_by_time
固定记录与循环历史,/l00p,Ninth BB,30 Jul 2018 14:52,201807,true,tale_by_time
习异为常,/see-abnormal-as-normal,vt27,30 Jul 2018 13:33,201807,true,tale_by_time
自由的故事,/la-saga-de-libertad,Hueyacuetzpali,30 Jul 2018 07:13,201807,true,tale_by_time
列宁是蘑菇,/leninisamushroom,Yz_Dog,30 Jul 2018 04:40,201807,true,tale_by_time
永不解密,/ybjm,monitor-256,29 Jul 2018 18:37,201807,true,tale_by_time
鲨鱼,/shark,xxxx111,29 Jul 2018 14:55,201807,true,tale_by_time
军争 Part.1,/military-contention-part1,AlexConstantine,29 Jul 2018 14:14,201807,true,tale_by_time
批准改造精神/生理影响性集群意识蠕虫以帮助阻断博拉德综合症患者与外界联系的申请,/grant-request-for-remoulding-worm-to-help-blood,Agent Phage,29 Jul 2018 08:41,201807,true,tale_by_time
分裂者,/schismatic,BELLOLCY,29 Jul 2018 07:52,201807,true,tale_by_time
幻影中的翡翠之城,/fcc,DrEkelhaft,29 Jul 2018 04:52,201807,true,tale_by_time
一如既往的平静中关村,/peaceful-zhonguancun,zuo_si_tu,29 Jul 2018 04:51,201807,true,tale_by_time
蝶承,/butterfly-inherit,Andrew Boom,29 Jul 2018 02:39,201807,true,tale_by_time
立國之本,/foundation-of-the-empire,MScarlet,28 Jul 2018 21:32,201807,true,tale_by_time
尚付,/zi3-67,O_L,27 Jul 2018 13:42,201807,true,tale_by_time
入教送Wi-Fi,/free-wifi,Infas12,27 Jul 2018 10:15,201807,true,tale_by_time
演绎者们,/deducers,Huskar_CN,26 Jul 2018 08:52,201807,true,tale_by_time
当我们不再默默无名,/when-we-are-not-an-hidden-one,BELLOLCY,25 Jul 2018 13:42,201807,true,tale_by_time
吟游诗人的笔录：守夜人与海,/the-night-watchman,OlivaFute,25 Jul 2018 05:45,201807,true,tale_by_time
我曾属于,/i-ever-been,donot know,24 Jul 2018 15:07,201807,true,tale_by_time
极乐净土,/elysium,Infas12,23 Jul 2018 16:25,201807,true,tale_by_time
国产异常保护月,/protectmonth,Andy_W7,23 Jul 2018 12:32,201807,true,tale_by_time
Foundation is watching you,/foundation-is-watching-you,DF-thirteen,23 Jul 2018 02:40,201807,true,tale_by_time
相关组织宣言,/goi-statement,thrumuvethur,22 Jul 2018 13:34,201807,true,tale_by_time
你和她,/you-and-she,Adeptus Custodes,22 Jul 2018 11:52,201807,true,tale_by_time
沉默红松，染血女,/silent-pine-bloodstained-girl,Notexam Houses,22 Jul 2018 04:53,201807,true,tale_by_time
通讯记录293/720/13a：黑王传说,/a-tale-of-the-black-king,W Asriel,22 Jul 2018 01:46,201807,true,tale_by_time
演绎部的一天,/thanos,#ApmV,21 Jul 2018 18:26,201807,true,tale_by_time
终终终终终终结,/eeeeend,Veleafer,19 Jul 2018 05:48,201807,true,tale_by_time
Dr.Oliva的讲座抄录：关于精神-章壹,/noology,OlivaFute,17 Jul 2018 13:05,201807,true,tale_by_time
鲸,/under-the-whale,MottHery,17 Jul 2018 07:47,201807,true,tale_by_time
花海,/flowers-ocean,Severity,17 Jul 2018 06:43,201807,true,tale_by_time
虹雾,/show-them-we-are-better,Hannah_AI,16 Jul 2018 15:23,201807,true,tale_by_time
公款旅游：网球游戏,/travel-by-public-funds-tennis,Tictoc,15 Jul 2018 08:19,201807,true,tale_by_time
暮朝,/live-on,Severity,15 Jul 2018 06:39,201807,true,tale_by_time
对以红SCP-CN-458仿制品为基础构建便携式单兵高速飞行系统的简要阐述,/jianyaochanshu,xuyiheng,15 Jul 2018 01:45,201807,true,tale_by_time
洗澡,/xizao,#ApmV,14 Jul 2018 17:22,201807,true,tale_by_time
代码,/coding,silverIce,13 Jul 2018 15:32,201807,true,tale_by_time
随风各飘散 I,/disappearing-with-the-wind,Simon Arran,13 Jul 2018 07:14,201807,true,tale_by_time
Reality.exe,/reality-exe,Ryan SQuirrel,12 Jul 2018 12:23,201807,true,tale_by_time
不用谢，举手之劳,/merciful-end,W Asriel,10 Jul 2018 16:43,201807,true,tale_by_time
沙盒里的故事,/a-story-in-the-sandbox,wlft,10 Jul 2018 15:02,201807,true,tale_by_time
散步,/take-a-walk,klxk0002,10 Jul 2018 14:16,201807,true,tale_by_time
湍流--其五,/turbulence-5,Agt_LEAZOV,10 Jul 2018 12:19,201807,true,tale_by_time
小小少年,/kleine-kinder,Waterlooper,10 Jul 2018 10:14,201807,true,tale_by_time
漫长的告别,/remembering-siri,Diorite,09 Jul 2018 16:22,201807,true,tale_by_time
一如既往平静的之心城,/what-a-life,klxk0002,09 Jul 2018 13:43,201807,true,tale_by_time
老研,/laoyan,(account deleted),09 Jul 2018 12:36,201807,true,tale_by_time
存活于今,/still-alive,silverIce,09 Jul 2018 12:19,201807,true,tale_by_time
长安大兴,/chang-an-city,AlexConstantine,09 Jul 2018 02:01,201807,true,tale_by_time
聚沙之始,/origin-beginning,KirkeStein,08 Jul 2018 16:39,201807,true,tale_by_time
悠閒的一天,/a-leisurely-day,WhelpCub,08 Jul 2018 16:17,201807,true,tale_by_time
在欢笑间访谈,/between-two-laugh,Chricton,08 Jul 2018 14:04,201807,true,tale_by_time
KTE-1334-Parallax-Spiral,/kte-1334-parallax-spiral,AlexConstantine,08 Jul 2018 13:50,201807,true,tale_by_time
基金会叙事的戏剧化和庸俗化——伦理道德委员会中国分部会议记录摘要,/on-dramatisation-and-vulgarisation-of-scp-narration,Waterlooper,08 Jul 2018 09:49,201807,true,tale_by_time
愚蠢的交易,/pay,Severity,08 Jul 2018 04:39,201807,true,tale_by_time
易子而食,/yi-zi-er-shi,Agent_uuis,06 Jul 2018 12:51,201807,true,tale_by_time
學生檔案—S11013387,/reg-profile-s11013387,MScarlet,05 Jul 2018 19:29,201807,true,tale_by_time
我们再也没见过,/he-stares-at-what-could-have-killed-him,Huskar_CN,04 Jul 2018 04:08,201807,true,tale_by_time
鱼说,/yushuo,Flying Jellyfish,04 Jul 2018 00:30,201807,true,tale_by_time
前夕,/origin-eve,KirkeStein,03 Jul 2018 09:48,201807,true,tale_by_time
基金会中国分部重大科研项目开题报告,/origin-apply,KirkeStein,03 Jul 2018 09:42,201807,true,tale_by_time
基金会重建,/foundation-rebuild,AndyKanice,02 Jul 2018 16:48,201807,true,tale_by_time
孝顺的好女孩,/filial-piety-good-girl,Toaa root,02 Jul 2018 01:41,201807,true,tale_by_time
好像不太平静的世纪公园,/peaceful-century-park,Infas12,01 Jul 2018 10:11,201807,true,tale_by_time
深入骨髓我仍能感受到你,/i-can-feel-you,Hannah_AI,01 Jul 2018 08:33,201807,true,tale_by_time
灵魂底部,/follow-my-soul,Hannah_AI,01 Jul 2018 08:30,201807,true,tale_by_time
追逐那束光,/light-me-up,Hannah_AI,01 Jul 2018 08:27,201807,true,tale_by_time
悬崖边的天鹅湖,/love-melike-you-do,Hannah_AI,01 Jul 2018 08:21,201807,true,tale_by_time
带我重回我们仍知何去何从的时光,/back-to-that-time-only-we-knew-where-to-go,Hannah_AI,01 Jul 2018 08:20,201807,true,tale_by_time
记忆迭代,/another-day,silverIce,01 Jul 2018 00:15,201807,true,tale_by_time
恒星风中如惊鸿掠过，诀别不须骊歌,/jue-bie-bu-xu-li-ge,Agent Phage,30 Jun 2018 17:22,201806,true,tale_by_time
以父之名,/in-name-of-father,Arthur Tomb,30 Jun 2018 13:31,201806,true,tale_by_time
Dr. KS的报告会，第██届超形而上学年会25号会场,/origin-lecture,KirkeStein,30 Jun 2018 03:42,201806,true,tale_by_time
失语症,/aphasia,Striker_VX,29 Jun 2018 12:51,201806,true,tale_by_time
夏末已至,/long-day-with-clear-sky,Chricton,29 Jun 2018 08:37,201806,true,tale_by_time
论现实的本体——基于基金会过去工作的猜想与推测,/origin-ontology,KirkeStein,28 Jun 2018 13:31,201806,true,tale_by_time
来自咨询师的报告更新,/update-of-a-report-from-counselor,Tokitsuki,27 Jun 2018 01:48,201806,true,tale_by_time
梵埃尔,/fanaier,xuyiheng,26 Jun 2018 04:59,201806,true,tale_by_time
基金会解散,/the-foundation-dissolved,dilin,26 Jun 2018 03:47,201806,true,tale_by_time
叄肆奇妙冒险第③话,/34ba3,QBLevi,20 Jun 2018 01:58,201806,true,tale_by_time
亲之心,/scp-cn-638-waiwei,Flying Jellyfish,19 Jun 2018 18:51,201806,true,tale_by_time
暗流涌动,/anliuyongdong,monitor-256,19 Jun 2018 14:13,201806,true,tale_by_time
既定的结局,/silence-the-fated-ending,Toaa root,19 Jun 2018 06:25,201806,true,tale_by_time
被遗弃的,/the-discarded,yanqi,18 Jun 2018 15:07,201806,true,tale_by_time
研究员Parameter的平行宇宙学讲座：现实与平行世界,/a-lecture-of-multiversology-the-reality-and-multiverse,GazerPara,18 Jun 2018 05:01,201806,true,tale_by_time
邮筒之后,/after-the-post-box,San Diego 555,17 Jun 2018 13:18,201806,true,tale_by_time
齿轮,/chilun,xuyiheng,16 Jun 2018 11:21,201806,true,tale_by_time
异学零壹贰 律召调阳,/yixue012,Etinjat,15 Jun 2018 10:24,201806,true,tale_by_time
永夜的终结 序章,/the-end-of-the-evernights-prologue,ProLetariat,14 Jun 2018 01:25,201806,true,tale_by_time
新生，新生,/rebirth,W Asriel,13 Jun 2018 19:11,201806,true,tale_by_time
待更新文档S-1606-287391,/scp-cn-1606-update,Chricton,11 Jun 2018 09:31,201806,true,tale_by_time
最后的监督者,/thelastone-alive,Workerofsecret,10 Jun 2018 10:59,201806,true,tale_by_time
又有谁会记得,/and-who-will-remember,W Asriel,10 Jun 2018 08:22,201806,true,tale_by_time
异学壹肆玖 一果木,/yixue149,Drziyu,10 Jun 2018 05:12,201806,true,tale_by_time
异学捌玖伍 天启异象,/yixue895,Drziyu,10 Jun 2018 05:04,201806,true,tale_by_time
戮神,/lushen,Freedom Koo,06 Jun 2018 10:41,201806,true,tale_by_time
一个任务，一位主管，一幅画与一个纪念,/1r-1z-1h-1j,kalizi,06 Jun 2018 03:16,201806,true,tale_by_time
O5-9是怎样面对危险的？,/o5-9shizhengyangmianduiweixiande,xuyiheng,05 Jun 2018 12:34,201806,true,tale_by_time
《存于现世的神话》——前言,/suicide5-1,koi_Vicky Stan,05 Jun 2018 07:46,201806,true,tale_by_time
魔法的消亡与复兴,/extinction-and-revival-of-the-magic,Freedom Koo,04 Jun 2018 15:08,201806,true,tale_by_time
基金會精神戰力手冊,/handbook-of-morale,EDGE_chi,04 Jun 2018 11:34,201806,true,tale_by_time
你是否听见人们在歌唱,/do-you-hear-the-people-sing,Diorite,03 Jun 2018 05:22,201806,true,tale_by_time
西德萨阴影,/hidsa-shadow,Freedom Koo,02 Jun 2018 14:27,201806,true,tale_by_time
最后的铃响,/the-last-jingle-bell,qjfoidnh,02 Jun 2018 08:27,201806,true,tale_by_time
食堂工作,/dining-hall-work,Hannah_AI,02 Jun 2018 06:40,201806,true,tale_by_time
背叛,/rebel,Jack2005,02 Jun 2018 02:24,201806,true,tale_by_time
仅此而已,/that-s-it,silverIce,31 May 2018 23:34,201805,true,tale_by_time
成神,/become-god,x09,31 May 2018 13:17,201805,true,tale_by_time
走近SCP之SCP-CN-426：坠入,/cn-426-approaches-to-scp,Elena Coli,30 May 2018 13:26,201805,true,tale_by_time
头羊效应,/deepdarkwar,bitchangelover,30 May 2018 13:18,201805,true,tale_by_time
一群异常鲨鱼的求救,/poor-sharks,Elena Coli,29 May 2018 15:50,201805,true,tale_by_time
无 题,/not-registered,Dorothy-X,28 May 2018 10:35,201805,true,tale_by_time
不 朽,/immortal,Dorothy-X,28 May 2018 09:48,201805,true,tale_by_time
1111事件其伍,/1111shijian5,svba,27 May 2018 05:48,201805,true,tale_by_time
内战历史：基金会学院历史选修101第八次课（节录）,/civilwar,A Lancelot,26 May 2018 14:13,201805,true,tale_by_time
李维之死,/death-of-levi,QBLevi,26 May 2018 09:05,201805,true,tale_by_time
基金會怪談：Site-CN-77的幽靈,/foundation-unbelievable,Um4vm06,25 May 2018 10:05,201805,true,tale_by_time
凋零,/gone-vol-2,#ApmV,23 May 2018 14:14,201805,true,tale_by_time
醒来，然后改变,/wake-up-and-change-something,Andrew Boom,22 May 2018 11:57,201805,true,tale_by_time
混亂:碎裂的棋盤,/confusion-cracked-chess-board,Um4vm06,17 May 2018 08:09,201805,true,tale_by_time
公款旅游：周末购物,/zhou-mo-gou-wu,Agent Phage,13 May 2018 02:01,201805,true,tale_by_time
distance,/distance,GARCIA_Li123,12 May 2018 15:23,201805,true,tale_by_time
吟游诗人的笔录：危机猫,/catdanger,saopig,12 May 2018 13:32,201805,true,tale_by_time
波利比乌斯秘闻,/tales-of-polybius,The_Reaper_Kindred,12 May 2018 03:59,201805,true,tale_by_time
Mal的笔录,/restartation,Heavyblues,09 May 2018 18:20,201805,true,tale_by_time
她的心,/her-thoughts,fuban,09 May 2018 08:29,201805,true,tale_by_time
猫与玫瑰,/cat-and-rose,Flying Jellyfish,08 May 2018 21:16,201805,true,tale_by_time
CN-555实验██,/scp-cn-555-log,Freedom Koo,08 May 2018 11:50,201805,true,tale_by_time
事故-668-omega事后访谈,/log-cn-668-5-6,Hannah_AI,07 May 2018 04:50,201805,true,tale_by_time
心在地狱,/hellofinnermind,Epoch_SoC,06 May 2018 16:03,201805,true,tale_by_time
另一个结局,/another-end,Freedom Koo,06 May 2018 14:05,201805,true,tale_by_time
癮頭,/addiction,EDGE_chi,05 May 2018 13:26,201805,true,tale_by_time
陨落,/fall,Sears,05 May 2018 08:55,201805,true,tale_by_time
现虚学进阶,/xianxuxuejinjie,DrAkron,05 May 2018 08:44,201805,true,tale_by_time
溯石：开端,/71-fore,A Lancelot,05 May 2018 02:29,201805,true,tale_by_time
现虚学入门,/xianxuxuerumeng,DrAkron,04 May 2018 11:13,201805,true,tale_by_time
凋谢,/gone,#ApmV,02 May 2018 16:16,201805,true,tale_by_time
基金会之死,/foundation-s-death,Huskar_CN,02 May 2018 05:05,201805,true,tale_by_time
我看见地狱之火,/i-see-fire,Freedom Koo,30 Apr 2018 14:06,201804,true,tale_by_time
虛擬的世界 序章,/virtual-world-prologue,Um4vm06,28 Apr 2018 18:16,201804,true,tale_by_time
蜃楼,/mirage,NicolasL,27 Apr 2018 11:16,201804,true,tale_by_time
回归,/recurrance,Freedom Koo,24 Apr 2018 11:23,201804,true,tale_by_time
对峙,/duizhi,#ApmV,23 Apr 2018 16:37,201804,true,tale_by_time
超基金会收容失效事件,/suicide3-2,koi_Vicky Stan,22 Apr 2018 15:18,201804,true,tale_by_time
Jarrod Nooh的网页讲座:伪基金会人,/suicide2-2,koi_Vicky Stan,22 Apr 2018 13:16,201804,true,tale_by_time
他的诞生,/his-birth,megasowrd,21 Apr 2018 13:18,201804,true,tale_by_time
不留記錄,/off-the-record,EDGE_chi,21 Apr 2018 07:28,201804,true,tale_by_time
实习,/intern,Infas12,18 Apr 2018 16:13,201804,true,tale_by_time
为你而写的故事,/the-story-of-your-life,Freedom Koo,18 Apr 2018 05:20,201804,true,tale_by_time
叶落归根,/falling-leaves,NicolasL,15 Apr 2018 13:50,201804,true,tale_by_time
战争之潮,/tides-of-war,Freedom Koo,15 Apr 2018 00:44,201804,true,tale_by_time
世界末日,/uk-class-universal-collapse,W Asriel,14 Apr 2018 23:23,201804,true,tale_by_time
说你永远不会离我而去,/take-me-back-to-that-time,Hannah_AI,13 Apr 2018 22:49,201804,true,tale_by_time
黑洞纪元,/black-hole-era,miku393,12 Apr 2018 14:18,201804,true,tale_by_time
浊海潮汐,/dark-ocean,Freedom Koo,10 Apr 2018 04:29,201804,true,tale_by_time
箴言,/proverbs,Freedom Koo,10 Apr 2018 00:54,201804,true,tale_by_time
无聊的小案子,/wu-liao-de-xiao-an-zi,moonlight606387,07 Apr 2018 08:44,201804,true,tale_by_time
平凡的故事：春,/simple-things-spring,DrSee,06 Apr 2018 22:20,201804,true,tale_by_time
被现实扭曲者：有关低休谟含量个体的公开课（下）,/be-bended-and-low-hume-2,qjfoidnh,03 Apr 2018 12:52,201804,true,tale_by_time
乌有星,/utoplanet,QBLevi,01 Apr 2018 06:49,201804,true,tale_by_time
星离雨散,/break-ks,KirkeStein,01 Apr 2018 00:58,201804,true,tale_by_time
第二课中部分：蓝型个体（Type Blue）,/type-blue-2,Flying Jellyfish,30 Mar 2018 08:05,201803,true,tale_by_time
被现实扭曲者：有关低休谟含量个体的公开课（上）,/be-bended-and-low-hume-1,qjfoidnh,29 Mar 2018 16:32,201803,true,tale_by_time
黎明前夜,/strike-back-project-dawn,Freedom Koo,29 Mar 2018 14:07,201803,true,tale_by_time
星海遗孤,/starsea-children,Freedom Koo,29 Mar 2018 14:02,201803,true,tale_by_time
乌有之洋,/the-ocean-of-nothing,Freedom Koo,29 Mar 2018 13:59,201803,true,tale_by_time
拉面和晨雾,/travel-by-funds-ramens-dave,DAVE-D-R-Z,29 Mar 2018 03:47,201803,true,tale_by_time
基金会的孩子们,/childrenoffoundation,Epoch_SoC,28 Mar 2018 04:51,201803,true,tale_by_time
夜宵时间的众生百态-陆家嘴24h,/lujiazui24h,Hannah_AI,27 Mar 2018 22:49,201803,true,tale_by_time
湍流--其四：海扁诺贝尔,/turbulence-4,Agt_LEAZOV,27 Mar 2018 20:36,201803,true,tale_by_time
湍流--其三：蔓越橘汁，甜度适中,/turbulence-3,Agt_LEAZOV,27 Mar 2018 20:32,201803,true,tale_by_time
AC分部的深太空異常收容講座,/ac,EDGE_chi,27 Mar 2018 14:26,201803,true,tale_by_time
守辰生态报告,/shou-chen,milk2015,27 Mar 2018 12:45,201803,true,tale_by_time
瓮中之鳖,/fish-in-the-barrel,Workerofsecret,27 Mar 2018 01:27,201803,true,tale_by_time
公款旅游：平静假日,/travel-by-public-funds-ks,KirkeStein,27 Mar 2018 01:14,201803,true,tale_by_time
公款旅游：普通研究员的意外事故,/travel-by-public-funds-ke,Huskar_CN,26 Mar 2018 04:54,201803,true,tale_by_time
春眠不觉晓,/chun-mian-bu-jue-xiao,Agent Phage,25 Mar 2018 02:43,201803,true,tale_by_time
Jarrod Nooh的网页讲座：成为普通人,/suicide2-1,koi_Vicky Stan,24 Mar 2018 12:58,201803,true,tale_by_time
一次次自杀未遂事件,/suicide3-1,koi_Vicky Stan,24 Mar 2018 11:04,201803,true,tale_by_time
我已知晓结局,/suicide4-1,koi_Vicky Stan,21 Mar 2018 18:21,201803,true,tale_by_time
睡过头啦。,/oversleep,Infas12,21 Mar 2018 17:24,201803,true,tale_by_time
小憩,/adamn,#ApmV,19 Mar 2018 14:53,201803,true,tale_by_time
凉宫春日的收容,/suzumiya-haruhi-no-shyuuyou,varitas096,18 Mar 2018 12:06,201803,true,tale_by_time
所爱之人已逝,/the-beloved-is-gone,OlivaFute,18 Mar 2018 11:35,201803,true,tale_by_time
1111事件其肆,/1111shijian4,svba,18 Mar 2018 05:11,201803,true,tale_by_time
项目建议书2024-034“艺术高地”,/project-proposal-2024-034,Hannah_AI,18 Mar 2018 04:27,201803,true,tale_by_time
基金会的理念,/jijinhuidelinian,Adeptus Custodes,17 Mar 2018 06:39,201803,true,tale_by_time
特工张(上),/oldzhang3-1,SergioSerio,16 Mar 2018 17:01,201803,true,tale_by_time
牌局,/mahjong-game,Huskar_CN,15 Mar 2018 15:04,201803,true,tale_by_time
叄肆奇妙冒险第②话,/34ba2,QBLevi,15 Mar 2018 06:51,201803,true,tale_by_time
叄肆奇妙冒险第①话,/34ba1,QBLevi,15 Mar 2018 06:43,201803,true,tale_by_time
第八章 艺术家们,/florence08,Freedom Koo,14 Mar 2018 05:49,201803,true,tale_by_time
第七章 画中人,/florence07,Freedom Koo,13 Mar 2018 13:35,201803,true,tale_by_time
教友张,/oldzhang2,SergioSerio,11 Mar 2018 14:52,201803,true,tale_by_time
第二课上半部分：蓝型个体（Type Blue）,/type-blue-1,Flying Jellyfish,11 Mar 2018 10:28,201803,true,tale_by_time
一位见习特工在基金会的所见所闻,/a-studing-agent-saw,Workerofsecret,11 Mar 2018 09:04,201803,true,tale_by_time
Voctor博士关于叙事迭代的初级讲座,/deduction-department2,Veleafer,11 Mar 2018 08:23,201803,true,tale_by_time
维度异常概念拓宽讲座,/drdjz-concept,kalizi,11 Mar 2018 08:03,201803,true,tale_by_time
咖啡，又名凋零,/deep-in-my-heart,Dr Prism,10 Mar 2018 23:24,201803,true,tale_by_time
说书张,/oldzhang,SergioSerio,10 Mar 2018 16:36,201803,true,tale_by_time
一日轮回,/reday,Undyne_Bishop,08 Mar 2018 15:40,201803,true,tale_by_time
最后的异常现象,/qianzoudenanren,Flying Jellyfish,07 Mar 2018 23:33,201803,true,tale_by_time
第六章 逃离,/florence06,Freedom Koo,06 Mar 2018 09:04,201803,true,tale_by_time
第五章 维克多（下）,/florence05,Freedom Koo,05 Mar 2018 13:50,201803,true,tale_by_time
第四章 维克多（上）,/florence04,Freedom Koo,05 Mar 2018 13:35,201803,true,tale_by_time
破碎的创世纪,/mechanical-genesis,Resazurin,05 Mar 2018 11:53,201803,true,tale_by_time
有序末日,/an-orderly-end,Waterlooper,05 Mar 2018 10:53,201803,true,tale_by_time
第一课：银型个体（Type Silver）,/type-silver,Flying Jellyfish,05 Mar 2018 08:16,201803,true,tale_by_time
╟ 花园 ╣,/andros,Flying Jellyfish,05 Mar 2018 08:14,201803,true,tale_by_time
第三章 那不勒斯,/florence03,Freedom Koo,05 Mar 2018 08:13,201803,true,tale_by_time
我们早已失去的美丽,/deep-on-my-skin,varitas096,05 Mar 2018 06:14,201803,true,tale_by_time
我们本应获得的美丽,/deep-in-my-bones,Hannah_AI,04 Mar 2018 22:41,201803,true,tale_by_time
忘 却,/oblivious,Dorothy-X,03 Mar 2018 15:32,201803,true,tale_by_time
薰衣草仍香,/gain,megasowrd,03 Mar 2018 03:25,201803,true,tale_by_time
第二章 洛伦佐,/florence02,Freedom Koo,02 Mar 2018 23:56,201803,true,tale_by_time
第一章 佛罗伦萨,/florence01,Freedom Koo,02 Mar 2018 12:56,201803,true,tale_by_time
故事开始,/story-begins,Infas12,01 Mar 2018 09:39,201803,true,tale_by_time
一如既往的平静三里屯,/peaceful-sanlitun,Hannah_AI,01 Mar 2018 08:52,201803,true,tale_by_time
崇祯秘史,/chongzhen,QBLevi,01 Mar 2018 01:53,201803,true,tale_by_time
湍流--其二：天黑请闭眼,/turbulence-2,Agt_LEAZOV,28 Feb 2018 21:32,201802,true,tale_by_time
创世,/write-a-world,Veleafer,21 Feb 2018 03:09,201802,true,tale_by_time
交汇,/a-boy-meets-a-man,Creepy Loveness,20 Feb 2018 15:55,201802,true,tale_by_time
高墙,/in-the-walls-of-eryx,Old wall,20 Feb 2018 11:31,201802,true,tale_by_time
消失的十一天,/the-vanishing-eleven-days,SwanKnight,20 Feb 2018 10:06,201802,true,tale_by_time
失落的异常,/233,Nangua Song,20 Feb 2018 08:08,201802,true,tale_by_time
梦,/a-long-dream-in-another-plane,Dr Prism,19 Feb 2018 16:30,201802,true,tale_by_time
骗局,/pianju,milk2015,19 Feb 2018 04:18,201802,true,tale_by_time
陨落的世界,/fallen-world,Astra_Glorice_SWS,18 Feb 2018 07:57,201802,true,tale_by_time
孤者自耕,/cultivation,Altale,17 Feb 2018 13:53,201802,true,tale_by_time
已然終結的輝煌之世,/world-end,Um4vm06,17 Feb 2018 13:12,201802,true,tale_by_time
湍流--其一：窗口在东边,/turbulence-1,Agt_LEAZOV,16 Feb 2018 15:13,201802,true,tale_by_time
醉生&梦死,/jojojojo,bitchangelover,16 Feb 2018 14:40,201802,true,tale_by_time
异寒冰咖啡沙传说,/a-story-of-icecoffee-sand,SixthRI,16 Feb 2018 13:53,201802,true,tale_by_time
Mirror and rorriM dna Mirror and rorriM dna Mirror,/mirror,Ernil,16 Feb 2018 13:16,201802,true,tale_by_time
彼岸之树,/the-tree-to-the-another-side,Zi_Xiao_Nao,15 Feb 2018 20:07,201802,true,tale_by_time
基金會緊急求助介面,/who-would-you-trust-when-doom-happen,Toxic_cola,15 Feb 2018 19:09,201802,true,tale_by_time
魔鬼说：,/my-trying,Airalin_Knowledge,15 Feb 2018 17:57,201802,true,tale_by_time
逝水的风沙,/shi-shui-de-feng-sha,Agent Phage,15 Feb 2018 11:07,201802,true,tale_by_time
沙漠的日常记录,/shamodercjl,Knight Li ZX,15 Feb 2018 09:36,201802,true,tale_by_time
除夕夜大作战,/chuxi,QBLevi,15 Feb 2018 07:53,201802,true,tale_by_time
我们将像鸟一样自由,/we-will-be-the-bird,Chricton,15 Feb 2018 02:03,201802,true,tale_by_time
初遇,/the-first-meet,The_Reaper_Kindred,14 Feb 2018 18:13,201802,true,tale_by_time
此世仅存一隅,/atlastscp,Undyne_Bishop,13 Feb 2018 18:35,201802,true,tale_by_time
好评,/upvoted,QBLevi,13 Feb 2018 15:30,201802,true,tale_by_time
俺们的轮回,/helloworld,SergioSerio,13 Feb 2018 15:17,201802,true,tale_by_time
约会大作战,/long-night,Dr Prism,13 Feb 2018 13:58,201802,true,tale_by_time
SCP-CN-968,/scp-cn-968,DrSee,13 Feb 2018 10:06,201802,true,tale_by_time
吟游诗人的笔录：羊皮卷,/touch,OlivaFute,13 Feb 2018 09:11,201802,true,tale_by_time
平凡文员的平凡生活,/ordinary,TheBlueBlues,12 Feb 2018 14:00,201802,true,tale_by_time
我在,/i-am-here,yanqi,12 Feb 2018 12:00,201802,true,tale_by_time
雪国,/xueguo,Commander xiaobai,12 Feb 2018 10:25,201802,true,tale_by_time
愚人,/fool,EightDao,12 Feb 2018 03:48,201802,true,tale_by_time
卜算子,/predictor,Tictoc,11 Feb 2018 13:08,201802,true,tale_by_time
LEVEL 3 ONLY 探索记录-099 19/2/16,/vodka,Veleafer,11 Feb 2018 01:14,201802,true,tale_by_time
回澜,/rererer,Heavyblues,10 Feb 2018 16:34,201802,true,tale_by_time
聊胜于无,/something-is-better-than-nothing,zuo_si_tu,10 Feb 2018 13:35,201802,true,tale_by_time
镜,/2018race-mirrow,Voice Yin,10 Feb 2018 12:16,201802,true,tale_by_time
隨筆：關於Site-██對於SCP-008的研究與「復生計劃」,/research-of-008-and-project-resurrection,MScarlet,10 Feb 2018 06:29,201802,true,tale_by_time
病,/sickness,GazerPara,10 Feb 2018 03:59,201802,true,tale_by_time
仍然，有人处在荒无人烟地方继续干着活。,/keep-tired-work,Andrew Boom,10 Feb 2018 01:12,201802,true,tale_by_time
废土,/the-world,Freedom Koo,10 Feb 2018 00:53,201802,true,tale_by_time
猎豚,/eggtartzhengwen,Eggtart,09 Feb 2018 18:44,201802,true,tale_by_time
永不言弃,/never-gives-up,AndyBlocker,09 Feb 2018 16:00,201802,true,tale_by_time
中国██大学2018年春季学期异常心理学教学大纲,/hannah-s-syllabus,Hannah_AI,06 Feb 2018 02:10,201802,true,tale_by_time
爱蒂塔计划,/projectaidita,GazerPara,30 Jan 2018 08:50,201801,true,tale_by_time
午餐,/lunch,clmaqap,28 Jan 2018 03:32,201801,true,tale_by_time
资本论,/das-kapital,QBLevi,27 Jan 2018 14:27,201801,true,tale_by_time
地球零-发现,/the-world-zero-1,Hannah_AI,27 Jan 2018 07:40,201801,true,tale_by_time
地球零,/the-world-zero,Hannah_AI,22 Jan 2018 08:07,201801,true,tale_by_time
OCEANGREEN短篇故事集,/oceangreen-s-short-stories,CatThorns,17 Jan 2018 17:10,201801,true,tale_by_time
一次失败的推销——一场更大的推销的开始,/ob,Airalin_Knowledge,14 Jan 2018 07:08,201801,true,tale_by_time
主管辦公室裡的午休,/unable-to-retire,fuban,10 Jan 2018 15:50,201801,true,tale_by_time
书籍排查记录,/the-book-record,Hensec Stutter,10 Jan 2018 11:47,201801,true,tale_by_time
Salvia japonica Thunb,/salvia-japonica-thunb,lazaru,10 Jan 2018 09:26,201801,true,tale_by_time
永别,/mr-jellyfish,Flying Jellyfish,09 Jan 2018 15:43,201801,true,tale_by_time
人散,/may,Flying Jellyfish,09 Jan 2018 15:33,201801,true,tale_by_time
白首,/e1,Flying Jellyfish,09 Jan 2018 15:29,201801,true,tale_by_time
求婚,/y1,Flying Jellyfish,09 Jan 2018 15:25,201801,true,tale_by_time
毕业,/b,Flying Jellyfish,09 Jan 2018 15:21,201801,true,tale_by_time
争吵,/d,Flying Jellyfish,09 Jan 2018 15:15,201801,true,tale_by_time
一个故事,/story,Divinea,08 Jan 2018 14:58,201801,true,tale_by_time
不， 我从未与你相遇,/we-have-never-met,W Asriel,08 Jan 2018 12:36,201801,true,tale_by_time
關於1967年收容失效非官方紀錄兼回憶錄 第二節,/1968,FU MEDIC,08 Jan 2018 08:46,201801,true,tale_by_time
邻桌,/o4,Flying Jellyfish,07 Jan 2018 23:51,201801,true,tale_by_time
關於1967年收容失效非官方紀錄兼回憶錄　第一節,/1967,FU MEDIC,07 Jan 2018 05:05,201801,true,tale_by_time
谢谢你,/thank-you,DrSee,06 Jan 2018 14:13,201801,true,tale_by_time
See You Again 其之一,/see-you-again,megasowrd,06 Jan 2018 10:38,201801,true,tale_by_time
音轨0：Ta Da La Ta,/the-reason-why-we-play,Hensec Stutter,06 Jan 2018 09:01,201801,true,tale_by_time
酒店一夜,/one-night-in-hotel,AndyBlocker,05 Jan 2018 15:03,201801,true,tale_by_time
百足之蟲，死而不僵 其之一,/the-dying-centipede-1,fuban,04 Jan 2018 01:49,201801,true,tale_by_time
在特工果冻鱼房间里留下的录像带,/luxiangdai,Flying Jellyfish,03 Jan 2018 16:20,201801,true,tale_by_time
永不失约,/convention,Divinea,01 Jan 2018 15:53,201801,true,tale_by_time
流浪地球,/wandering-earth,QBLevi,01 Jan 2018 10:58,201801,true,tale_by_time
新年快乐:),/happy-new-year-from-the-skipper,The_Reaper_Kindred,31 Dec 2017 15:57,201712,true,tale_by_time
实习研究员的元旦节,/the-new-years-day-for-an-intern,AndyBlocker,31 Dec 2017 14:33,201712,true,tale_by_time
只是行乱码,/zhishihangluanma,monitor-256,31 Dec 2017 13:13,201712,true,tale_by_time
1111事件其叁,/1111shijian3,svba,30 Dec 2017 16:01,201712,true,tale_by_time
有关项目 192 的备忘录 371,/oria-memorandum-371-regarding-project-192,W Asriel,28 Dec 2017 17:10,201712,true,tale_by_time
一份来自地下海的基金会文档,/unterzea-foundation,The_Reaper_Kindred,27 Dec 2017 08:03,201712,true,tale_by_time
Our Foundation Will (Not) Fall,/our-foundation-will-not-fall,varitas096,26 Dec 2017 14:18,201712,true,tale_by_time
倾听你的内心,/listening-your-heart,EightDao,18 Dec 2017 13:34,201712,true,tale_by_time
宿帧论：Part-6,/part-6,Nobel,13 Dec 2017 20:46,201712,true,tale_by_time
休息一刻,/xiuxi-yike,kalizi,13 Dec 2017 12:20,201712,true,tale_by_time
粉色小朋友,/pink-little-friend,Hannah_AI,13 Dec 2017 00:02,201712,true,tale_by_time
循环之前,/before-a-cycle,Workerofsecret,12 Dec 2017 15:38,201712,true,tale_by_time
宿帧论：Part-5,/part-5,Nobel,12 Dec 2017 14:58,201712,true,tale_by_time
人类，收容失效,/human-containment-breach,QBLevi,12 Dec 2017 09:28,201712,true,tale_by_time
再无彷徨,/zai-wu-pang-huang,Rakish_Rambler,12 Dec 2017 04:11,201712,true,tale_by_time
宿帧论：Part-4,/part-4,Nobel,11 Dec 2017 19:33,201712,true,tale_by_time
宿帧论：Part-3,/part-3,Nobel,11 Dec 2017 15:01,201712,true,tale_by_time
冰蓝的虚空，湛蓝的天空,/1111-webbattle-iceyblue,Workerofsecret,11 Dec 2017 14:38,201712,true,tale_by_time
阿贝尔·阿达莫维奇最长的一天,/longest-day-of-abel-adamovich,varitas096,11 Dec 2017 11:22,201712,true,tale_by_time
苦旅,/stream-980,Um4vm06,11 Dec 2017 04:02,201712,true,tale_by_time
宿帧论：Part-2,/part-2,Nobel,10 Dec 2017 20:41,201712,true,tale_by_time
Just For You,/just-for-you,DrSee,09 Dec 2017 17:01,201712,true,tale_by_time
没有异常的一天——Site-CN-61杀人事件,/61sharenshijian,BatHu,09 Dec 2017 09:53,201712,true,tale_by_time
宿帧论：Part-1,/part-1,Nobel,09 Dec 2017 09:51,201712,true,tale_by_time
1111事件其贰,/1111shijian2,svba,08 Dec 2017 13:41,201712,true,tale_by_time
夜幽梦文档DR-25：夜都第26号宿主的梦境报告,/yedu-26,Samuel Zhang,08 Dec 2017 06:30,201712,true,tale_by_time
朋友，你听说过SCP基金会吗？,/scp,GazerPara,07 Dec 2017 05:22,201712,true,tale_by_time
一如既往的平静徐家汇,/peaceful-xujiahui,Hannah_AI,07 Dec 2017 03:02,201712,true,tale_by_time
星海无垠，我心不止,/distant-nebula,W Asriel,05 Dec 2017 05:39,201712,true,tale_by_time
祝你好梦,/gooddream,megasowrd,04 Dec 2017 08:10,201712,true,tale_by_time
SCP-i,/scp-i,QBLevi,01 Dec 2017 08:26,201712,true,tale_by_time
星空虽好,/xingkongsuihao,monitor-256,30 Nov 2017 15:46,201711,true,tale_by_time
咕咚来了,/goodon,QBLevi,24 Nov 2017 06:30,201711,true,tale_by_time
消逝之爱的镇痛,/an-aspirin-a-day-ready-to-go,Hannah_AI,22 Nov 2017 06:00,201711,true,tale_by_time
傀儡之愿,/iops,Flying Jellyfish,21 Nov 2017 20:31,201711,true,tale_by_time
1日战争,/war-of-1-day,varitas096,21 Nov 2017 13:17,201711,true,tale_by_time
主教之死,/death-of-bishop,QBLevi,17 Nov 2017 01:38,201711,true,tale_by_time
长生棋,/long-life-chess,EightDao,16 Nov 2017 23:13,201711,true,tale_by_time
你好，调音者,/al-1780-wl,W Asriel,16 Nov 2017 07:57,201711,true,tale_by_time
视线不交集,/im-so-sorry,Freedom Koo,14 Nov 2017 04:19,201711,true,tale_by_time
研究助理Doubc的空间裂缝相关讲座,/drdjz-channel,kalizi,13 Nov 2017 04:25,201711,true,tale_by_time
告别,/say-goodbye,Hannah_AI,13 Nov 2017 04:25,201711,true,tale_by_time
圣克里斯汀娜 书院宗教史实践课程,/iferys-thirty-years-war,varitas096,12 Nov 2017 14:30,201711,true,tale_by_time
1111事件其壹,/obshijan1,svba,11 Nov 2017 15:30,201711,true,tale_by_time
黄天当立,/liberator,W Asriel,10 Nov 2017 08:31,201711,true,tale_by_time
无照经营专项整治行动,/zhengzhi,QBLevi,10 Nov 2017 01:09,201711,true,tale_by_time
超光速飞船已坠毁,/document-163-j,W Asriel,05 Nov 2017 07:51,201711,true,tale_by_time
越洋工作记录-2,/happy-birthday-for-freedom-koo,Hannah_AI,04 Nov 2017 22:43,201711,true,tale_by_time
守候祖龙,/eggtartqinhan,Eggtart,01 Nov 2017 10:11,201711,true,tale_by_time
浅谈三符水会的早期活动与发展,/hoi-ba-phu-thuy,Hueyacuetzpali,30 Oct 2017 09:57,201710,true,tale_by_time
吉星,/jixing,megasowrd,30 Oct 2017 08:56,201710,true,tale_by_time
天下大吉,/daji,QBLevi,30 Oct 2017 06:48,201710,true,tale_by_time
可丽饼，披萨，秦始皇,/crepes-pizza-qin-i,varitas096,29 Oct 2017 06:01,201710,true,tale_by_time
失去之爱……？,/thelostlove,O_L,28 Oct 2017 05:14,201710,true,tale_by_time
火车上,/on-the-train,Tictoc,26 Oct 2017 14:32,201710,true,tale_by_time
无猜,/o3,Flying Jellyfish,24 Oct 2017 20:58,201710,true,tale_by_time
美丽新世界,/it-is-a-wonderful-world,Altale,22 Oct 2017 08:41,201710,true,tale_by_time
摧毁糖果屋,/destroy-candy-house,Agent Phage,22 Oct 2017 04:47,201710,true,tale_by_time
落日,/fallingsun,EightDao,17 Oct 2017 06:09,201710,true,tale_by_time
爱曾拯救世界,/love-have-saved-the-world,Hannah_AI,15 Oct 2017 06:14,201710,true,tale_by_time
百目犬先生,/funny-pussy,bitchangelover,14 Oct 2017 07:07,201710,true,tale_by_time
离去,/youdzi-1,svba,14 Oct 2017 05:27,201710,true,tale_by_time
A for Alive，B for Biscuit,/a-for-alive-b-for-biscuit,Greenson,12 Oct 2017 13:30,201710,true,tale_by_time
异常未死,/malocs,Malocs,08 Oct 2017 07:37,201710,true,tale_by_time
神父的一天代理主管,/tictoc-s-mystery-adventure,Voice Yin,04 Oct 2017 08:25,201710,true,tale_by_time
异学壹柒伍 怪哉,/yixue175,Agent_uuis,03 Oct 2017 11:47,201710,true,tale_by_time
呐喊,/whoop,Hannah_AI,03 Oct 2017 05:16,201710,true,tale_by_time
在UIU普通的一天,/one-ordinary-day-in-uiu,The_Reaper_Kindred,02 Oct 2017 07:38,201710,true,tale_by_time
关于VI型现实重构：“闪回式现实重构”的详细提案。,/shanhuick,megasowrd,30 Sep 2017 10:15,201709,true,tale_by_time
中餐時間-讓我們聊聊獨立的夢神族跟亞洲的夢神勢力,/independent-oneiroi,Um4vm06,28 Sep 2017 12:57,201709,true,tale_by_time
报到日,/reporting-day,Tictoc,28 Sep 2017 07:01,201709,true,tale_by_time
多美好的世界,/bluenight,Veleafer,26 Sep 2017 14:59,201709,true,tale_by_time
SITE███的研究员关于将SCP拍成电影的技术讨论-J,/site-researcher-on-the-scp-into-a-film-technical-discussion,Um4vm06,25 Sep 2017 02:58,201709,true,tale_by_time
曲终,/u,Flying Jellyfish,24 Sep 2017 17:11,201709,true,tale_by_time
高潮,/o2,Flying Jellyfish,24 Sep 2017 17:09,201709,true,tale_by_time
钟情,/y,Flying Jellyfish,24 Sep 2017 17:06,201709,true,tale_by_time
对视,/e,Flying Jellyfish,24 Sep 2017 17:03,201709,true,tale_by_time
主曲,/v,Flying Jellyfish,24 Sep 2017 17:00,201709,true,tale_by_time
邀舞,/o,Flying Jellyfish,24 Sep 2017 16:57,201709,true,tale_by_time
前奏,/l,Flying Jellyfish,24 Sep 2017 16:43,201709,true,tale_by_time
日记：一次审讯,/an-agents-diary-interrogation,W Asriel,23 Sep 2017 16:35,201709,true,tale_by_time
爱情：自卑与承诺,/ai-qing-zi-bei-yu-cheng-nuo,Airalin_Knowledge,23 Sep 2017 13:02,201709,true,tale_by_time
一如既往的平静陆家嘴,/peaceful-lujiazui,Hannah_AI,23 Sep 2017 07:02,201709,true,tale_by_time
好想吃蓝莓派啊,/blueberry-pie,klxk0002,23 Sep 2017 03:32,201709,true,tale_by_time
昨日不再,/zuoribuzai,DrGabriel,22 Sep 2017 11:18,201709,true,tale_by_time
舌尖上的Hensec,/a-bite-of-hensec,Hensec Stutter,21 Sep 2017 16:07,201709,true,tale_by_time
4K序曲：更好的理念,/a-better-notion,Samuel Zhang,21 Sep 2017 04:27,201709,true,tale_by_time
4K序曲：从今往后，直到永远,/till-forever,QBLevi,20 Sep 2017 04:30,201709,true,tale_by_time
唯心与唯物的碰撞 壹——Dr. Samuel关于梦神集团的讲座,/lecture-about-dream-part-one,Samuel Zhang,18 Sep 2017 23:39,201709,true,tale_by_time
Dream forever 1,/dream-forever-1,Samuel Zhang,17 Sep 2017 13:50,201709,true,tale_by_time
新世界,/goodnight,Veleafer,16 Sep 2017 16:04,201709,true,tale_by_time
刷新,/shuaxin1,megasowrd,16 Sep 2017 08:33,201709,true,tale_by_time
4K序曲：梦魇摄政红行动,/nightmare-regent-red,QBLevi,14 Sep 2017 07:28,201709,true,tale_by_time
從不存在之人的終結,/never-the-end-of-the-person,Um4vm06,12 Sep 2017 10:52,201709,true,tale_by_time
越洋工作记录,/montauk-hesitation,Hannah_AI,12 Sep 2017 06:25,201709,true,tale_by_time
升起烟火的形状,/the-shape-of-fireworks,DrSee,10 Sep 2017 06:21,201709,true,tale_by_time
梦境管理委员会-私人订制,/si-ren-ding-zhi,Zi_Xiao_Nao,06 Sep 2017 20:12,201709,true,tale_by_time
丢三落四,/halasbook,Undyne_Bishop,05 Sep 2017 03:45,201709,true,tale_by_time
人类，已收容,/human-in-contain,QBLevi,05 Sep 2017 03:41,201709,true,tale_by_time
关于风暴骑士团,/about-the-thrumuvethur,Um4vm06,04 Sep 2017 01:56,201709,true,tale_by_time
星辰字母,/star-word,Altale,03 Sep 2017 10:01,201709,true,tale_by_time
过去,/false-past,Voice Yin,02 Sep 2017 09:34,201709,true,tale_by_time
主管,/cigar,Voice Yin,31 Aug 2017 14:58,201708,true,tale_by_time
不过一梦,/just-a-dream,Hannah_AI,30 Aug 2017 21:59,201708,true,tale_by_time
锁链,/the-chain,Hannah_AI,30 Aug 2017 21:24,201708,true,tale_by_time
双雄会,/k-t,QBLevi,30 Aug 2017 09:23,201708,true,tale_by_time
塵世守望者之言,/zephyr-words,Um4vm06,30 Aug 2017 09:09,201708,true,tale_by_time
舌尖上的基金会·三,/eggtart3,Eggtart,29 Aug 2017 12:29,201708,true,tale_by_time
幻梦终醒,/dying-dream,Voice Yin,29 Aug 2017 01:09,201708,true,tale_by_time
压力与死亡,/stress-and-death,Hannah_AI,28 Aug 2017 04:45,201708,true,tale_by_time
神之手,/hensec-stutter,Hensec Stutter,25 Aug 2017 14:10,201708,true,tale_by_time
大梦已逝,/damengyishi,Karl Virtue kate,24 Aug 2017 04:36,201708,true,tale_by_time
双头犬调职始末,/the-promotion-of-scp-cn-222,klxk0002,23 Aug 2017 12:35,201708,true,tale_by_time
棱镜折跃,/warp-prism,Altale,23 Aug 2017 10:22,201708,true,tale_by_time
造物者们,/creators,DrSee,22 Aug 2017 13:06,201708,true,tale_by_time
中国分部第21号站点出入安保方案及载具登记记录,/cars-in-site-cn-21,Hannah_AI,21 Aug 2017 15:53,201708,true,tale_by_time
无辜之善，尚利之恶,/bishop-sbook,Undyne_Bishop,20 Aug 2017 11:56,201708,true,tale_by_time
34号站点失联事件,/site-cn-34shilianshijian,monitor-256,19 Aug 2017 11:12,201708,true,tale_by_time
最后一夜,/the-last-night,Hannah_AI,19 Aug 2017 05:01,201708,true,tale_by_time
凝逝,/ningshi,SkyNightLight,18 Aug 2017 03:20,201708,true,tale_by_time
晚安，基金会,/good-night-foundation,Altale,15 Aug 2017 17:54,201708,true,tale_by_time
未铭记，何谈淡忘,/never-remember,Agent Phage,15 Aug 2017 13:38,201708,true,tale_by_time
为何而站,/why-we-fight-how-we-fight,Hannah_AI,14 Aug 2017 16:04,201708,true,tale_by_time
唯一,/the-only-one,Agent Phage,14 Aug 2017 03:15,201708,true,tale_by_time
平常的异常,/svba-story-1,svba,13 Aug 2017 12:28,201708,true,tale_by_time
召回,/recall,Agent Phage,13 Aug 2017 07:47,201708,true,tale_by_time
何为爱,/ai,Altale,13 Aug 2017 07:21,201708,true,tale_by_time
死者无名,/the-nameless,Tictoc,13 Aug 2017 04:25,201708,true,tale_by_time
舌尖上的基金会·续,/eggtart1,Eggtart,12 Aug 2017 03:37,201708,true,tale_by_time
在你读到这里时，我已经平息了余波,/aftershock,Holy_Darklight,11 Aug 2017 15:55,201708,true,tale_by_time
在你读到这里时，我已经陷入了无止尽的轮回,/i-m-in-the-dream,Dr darktruth,11 Aug 2017 06:23,201708,true,tale_by_time
在你读到这里时，我已经为你送来祝福！,/svbazhengwen,svba,11 Aug 2017 03:24,201708,true,tale_by_time
在你读到这里时，我已经高潮了,/original-high,Heavyblues,10 Aug 2017 18:52,201708,true,tale_by_time
在你读到这里时，我已经删库跑路了,/meath-mysql,Meath,10 Aug 2017 01:49,201708,true,tale_by_time
在你读到这里时，我已经退场了,/oos,QBLevi,08 Aug 2017 07:12,201708,true,tale_by_time
在你读到这里时，我已经落入现实。,/reality-kondraki,Hannah_AI,07 Aug 2017 16:42,201708,true,tale_by_time
在你读到这里时，我已经准备送出今晚的超级大奖！,/the-big-reward,Tictoc,04 Aug 2017 11:47,201708,true,tale_by_time
在你读到这里时，我已经不在了,/i-am-dead,A14192,04 Aug 2017 11:46,201708,true,tale_by_time
在你读到这里时，我已经不在Site-CN-52工作了,/job-hopping,Altale,04 Aug 2017 03:48,201708,true,tale_by_time
在你读到这里时，我已经达到我的目标了,/reach-my-goal,Agent Phage,04 Aug 2017 01:01,201708,true,tale_by_time
当你读到这里时，我已经没有点子可写了,/no-idea,DrSee,03 Aug 2017 16:00,201708,true,tale_by_time
在你读到这里时，我已经坦然死去/放下一切,/live-or-die,Dr Prism,03 Aug 2017 02:57,201708,true,tale_by_time
在你读到这里时，我已经在你面前了,/newkeith-2017summer,NewKeith,02 Aug 2017 18:18,201708,true,tale_by_time
在你读到这里时，我已经不存在了,/w,Lemontea,02 Aug 2017 11:09,201708,true,tale_by_time
畢業前夕,/the-eve-of-graduation,Um4vm06,02 Aug 2017 09:16,201708,true,tale_by_time
细节,/details,megasowrd,02 Aug 2017 07:40,201708,true,tale_by_time
在你读到这里时，我已经吃完了我的第十碗炸酱面,/10th-noodle,lsjtscjyy,02 Aug 2017 03:13,201708,true,tale_by_time
不过幻梦,/another-me,Altale,01 Aug 2017 17:21,201708,true,tale_by_time
在您读到这里时，我已经无法再给您写信了,/agent-letter,ruixiaoer0815,01 Aug 2017 09:17,201708,true,tale_by_time
在你读到这里时，我已经踏上路途,/i-am-coming,ilovecforever,01 Aug 2017 08:11,201708,true,tale_by_time
在你读到这里时，我已经注视着你了,/dangnidudaozhelishi-woyijingzhushizhenile,muchen6,01 Aug 2017 05:52,201708,true,tale_by_time
闲聊,/chat,megasowrd,01 Aug 2017 05:08,201708,true,tale_by_time
在你读到这里时，我已经造出了神,/man-made-angel,Tictoc,01 Aug 2017 04:38,201708,true,tale_by_time
在你读到这里时，我已经干不下去了,/yeyeye,Veleafer,01 Aug 2017 04:24,201708,true,tale_by_time
追随,/chasing,Heavyblues,31 Jul 2017 19:20,201707,true,tale_by_time
在你读到这里时，我已经写不下去了,/nothing-to-write,Clarkjqy,31 Jul 2017 16:40,201707,true,tale_by_time
Site-CN-34的普通一天,/dailylifeinsite34,Hannah_AI,28 Jul 2017 00:09,201707,true,tale_by_time
舌尖上的基金会,/eggtart,Eggtart,25 Jul 2017 11:10,201707,true,tale_by_time
理想主义者们,/idealists,Hannah_AI,25 Jul 2017 07:30,201707,true,tale_by_time
走马灯,/brother,roast pork,24 Jul 2017 05:48,201707,true,tale_by_time
鼠談,/mousestalk,fuban,23 Jul 2017 17:41,201707,true,tale_by_time
我是正常人,/i-am-a-normal-person,Agent Solomon,23 Jul 2017 06:16,201707,true,tale_by_time
公款旅游：红之爱丽丝的疯狂回归,/travel-by-public-funds-scarlet,Freedom Koo,22 Jul 2017 16:10,201707,true,tale_by_time
科学与异常,/sciences-and-anomalous,Agent Solomon,22 Jul 2017 14:05,201707,true,tale_by_time
两面,/liangmian,TingdingIC,20 Jul 2017 13:38,201707,true,tale_by_time
简报：K级情景的分类与描述,/k-class-scene-orientation,DAVE-D-R-Z,20 Jul 2017 04:59,201707,true,tale_by_time
特工零伍的端午节故事,/05-in-duanyang,Archibald1,20 Jul 2017 00:25,201707,true,tale_by_time
生日快乐,/happy-birthday,m4a1akaug,14 Jul 2017 13:00,201707,true,tale_by_time
邀請函,/invitation-card,Um4vm06,12 Jul 2017 06:46,201707,true,tale_by_time
陌生人,/stranger,(account deleted),12 Jul 2017 06:13,201707,true,tale_by_time
关于推广“明镜之心”的提案，2014年5月29日,/dusk-514,(account deleted),11 Jul 2017 13:53,201707,true,tale_by_time
收容文档：最后的更新,/scp-last,Tictoc,11 Jul 2017 11:57,201707,true,tale_by_time
沉睡,/sleep,Um4vm06,11 Jul 2017 05:52,201707,true,tale_by_time
夜宵,/midnight-snack,DAVE-D-R-Z,05 Jul 2017 15:05,201707,true,tale_by_time
荆棘之路,/the-way-of-thorns,(account deleted),03 Jul 2017 02:42,201707,true,tale_by_time
圣克里斯汀娜书院心理健康讲座,/hannah-s-cc-lecture,Hannah_AI,02 Jul 2017 18:16,201707,true,tale_by_time
再无铃响,/no-jingle-bell,bitchangelover,29 Jun 2017 15:25,201706,true,tale_by_time
给读者的一封信,/a-letter-to-the-reader,Agent Solomon,29 Jun 2017 11:09,201706,true,tale_by_time
蝴蝶行动,/butterfly-action,Hannah_AI,26 Jun 2017 17:00,201706,true,tale_by_time
绝症,/terminal-illness,Agent Solomon,25 Jun 2017 02:43,201706,true,tale_by_time
使命,/duty-cn,roast pork,22 Jun 2017 01:57,201706,true,tale_by_time
同学聚会,/classmates-party,Hannah_AI,16 Jun 2017 03:42,201706,true,tale_by_time
清明梦,/lucid-dreaming,Hannah_AI,08 Jun 2017 12:21,201706,true,tale_by_time
謀魂,/seek-soul,M Element,05 Jun 2017 18:03,201706,true,tale_by_time
再无生，与死。,/hdsheng,SkyNightLight,04 Jun 2017 01:04,201706,true,tale_by_time
彷徨,/panghuang,Hannah_AI,30 May 2017 16:31,201705,true,tale_by_time
只需一夜,/all-it-takes-is-one-night,(account deleted),28 May 2017 06:39,201705,true,tale_by_time
珍惜公社的每一份资源,/cherish-every-resource,(account deleted),28 May 2017 06:08,201705,true,tale_by_time
净化,/an-purge,Ze_Gui,27 May 2017 02:23,201705,true,tale_by_time
红瞳鱼生态报告,/red-eye-fish-ecological-report,milk2015,25 May 2017 07:37,201705,true,tale_by_time
为了希望,/for-hope,Um4vm06,16 May 2017 07:52,201705,true,tale_by_time
去新世界,/to-new-world,milk2015,13 May 2017 03:41,201705,true,tale_by_time
不朽名声,/immortal-reputation,Freedom Koo,16 Apr 2017 19:07,201704,true,tale_by_time
Prologue：起源,/living-dead-killer-prologue,Freedom Koo,08 Apr 2017 19:03,201704,true,tale_by_time
Part 1：疑云,/living-dead-killer-part-1,Freedom Koo,08 Apr 2017 19:02,201704,true,tale_by_time
Part 2：开端,/living-dead-killer-part-2,Freedom Koo,08 Apr 2017 19:00,201704,true,tale_by_time
Part 3：新血,/living-dead-killer-part-3,Freedom Koo,08 Apr 2017 18:58,201704,true,tale_by_time
Part 4：横忧,/living-dead-killer-part-4,Freedom Koo,08 Apr 2017 18:56,201704,true,tale_by_time
Part 5：交错,/living-dead-killer-part-5,Freedom Koo,08 Apr 2017 18:54,201704,true,tale_by_time
Part 6：对峙,/living-dead-killer-part-6,Freedom Koo,08 Apr 2017 18:50,201704,true,tale_by_time
Part 7：谋杀,/living-dead-killer-part-7,Freedom Koo,08 Apr 2017 18:46,201704,true,tale_by_time
Part 8：旧闻,/living-dead-killer-part-8,Freedom Koo,08 Apr 2017 18:43,201704,true,tale_by_time
Part 9：隐痛,/living-dead-killer-part-9,Freedom Koo,08 Apr 2017 18:41,201704,true,tale_by_time
Epilogue：永离,/living-dead-killer-epilogue,Freedom Koo,08 Apr 2017 18:35,201704,true,tale_by_time
True End：回归,/living-dead-killer-true-end,Freedom Koo,08 Apr 2017 18:32,201704,true,tale_by_time
拾荒者与遗产,/fou,The Dictator,08 Apr 2017 17:12,201704,true,tale_by_time
异学壹零陆 夔,/yixue106,Archibald1,06 Apr 2017 05:48,201704,true,tale_by_time
异常未失效,/didnt-disappear,O_L,06 Apr 2017 05:28,201704,true,tale_by_time
自由鱼生态报告,/free-fish-ecological-report,milk2015,03 Apr 2017 11:27,201704,true,tale_by_time
特工零伍的愚人节故事,/05-foolday,Archibald1,02 Apr 2017 11:27,201704,true,tale_by_time
闭幕后的序章,/after-ending-prologue,Europium,02 Apr 2017 07:58,201704,true,tale_by_time
吞噬,/wenzhenze,wenzhenze,27 Mar 2017 11:59,201703,true,tale_by_time
记载,/record,Freedom Koo,26 Mar 2017 10:19,201703,true,tale_by_time
失坎之扉,/no-vote,bitchangelover,24 Mar 2017 13:24,201703,true,tale_by_time
宗教订制者,/rubik-s-cube,bitchangelover,21 Mar 2017 13:07,201703,true,tale_by_time
黎明,/the-dawn,Minagawa Mamoru,20 Mar 2017 04:49,201703,true,tale_by_time
公款旅游：Karldark的奇妙冒险,/travel-by-public-funds-karldark,Freedom Koo,19 Mar 2017 01:34,201703,true,tale_by_time
保持喧哗,/lllouder,Heavyblues,17 Mar 2017 19:30,201703,true,tale_by_time
曙光,/aurora,(account deleted),15 Mar 2017 15:25,201703,true,tale_by_time
归乡,/home-coming,Freedom Koo,13 Mar 2017 08:09,201703,true,tale_by_time
请勿缄默,/hushless,Heavyblues,09 Mar 2017 18:43,201703,true,tale_by_time
日常的非日常,/lyn-died,Archibald1,26 Feb 2017 04:44,201702,true,tale_by_time
终末之始,/begginning-of-the-end,HasturFhatgn,23 Feb 2017 07:25,201702,true,tale_by_time
献上鲜花,/present-flowers,DrSee,16 Feb 2017 03:24,201702,true,tale_by_time
告別樂土,/sayonara-heaven,MScarlet,11 Feb 2017 23:11,201702,true,tale_by_time
午间通信,/the-lost,Freedom Koo,10 Feb 2017 15:33,201702,true,tale_by_time
說個故事吧,/tell-you-tales,MScarlet,03 Feb 2017 12:22,201702,true,tale_by_time
你不是已经忘记了吗？,/havent-you-forgotten-already,SporArain,02 Feb 2017 15:54,201702,true,tale_by_time
备忘录,/beiwanglu,Lemontea,02 Feb 2017 12:26,201702,true,tale_by_time
来自遥远的过去,/before,LaAndros,01 Feb 2017 15:59,201702,true,tale_by_time
终端系统版本V2.1,/v2-1,EliteEric,01 Feb 2017 08:26,201702,true,tale_by_time
薯愿,/innerwishextra,Heavyblues,31 Jan 2017 06:32,201701,true,tale_by_time
游戏结束,/game-over,Flea_ZER0,30 Jan 2017 16:24,201701,true,tale_by_time
昨日小店与老人,/store-and-lady,Areyoucrazytom,30 Jan 2017 16:16,201701,true,tale_by_time
过年关,/guo-nian-guan,Airalin_Knowledge,30 Jan 2017 11:32,201701,true,tale_by_time
从未发生的故事,/sotries-never-happened-1,ilovecforever,30 Jan 2017 08:39,201701,true,tale_by_time
不眠,/everme,Heavyblues,28 Jan 2017 14:24,201701,true,tale_by_time
公款旅游,/travel-by-public-funds,Freedom Koo,28 Jan 2017 12:14,201701,true,tale_by_time
記憶消除像塊蛋糕,/amnestic-is-a-piece-of-cake,fuban,28 Jan 2017 11:20,201701,true,tale_by_time
Wubba-lubba-dub-dub,/wubba-lubba-dub-dub,Old wall,27 Jan 2017 19:57,201701,true,tale_by_time
本愿,/innerwish,Heavyblues,27 Jan 2017 18:58,201701,true,tale_by_time
Bedtime Lotustory,/bedtime-lotustory,hangoverfriday508,27 Jan 2017 17:38,201701,true,tale_by_time
自圆其说,/zyqs,monitor-256,27 Jan 2017 17:24,201701,true,tale_by_time
走近科学,/approaching-science,Ravenfield,27 Jan 2017 16:24,201701,true,tale_by_time
溢,/effusion,Ravenfield,27 Jan 2017 16:20,201701,true,tale_by_time
我从未忘记过,/i-never-forgot,DrSee,27 Jan 2017 16:08,201701,true,tale_by_time
忠诚,/fidelity,Epoch_SoC,27 Jan 2017 15:03,201701,true,tale_by_time
从未存在过的基金会,/never-existed-foundation,Thaumiel9,26 Jan 2017 16:09,201701,true,tale_by_time
窗前，亲人，死亡，幸福,/madomae,AIeditor059,26 Jan 2017 05:09,201701,true,tale_by_time
糖画老人,/tanghualaoren,ruixiaoer0815,25 Jan 2017 09:39,201701,true,tale_by_time
计划失败,/the-plan-failed,Moyo,25 Jan 2017 06:01,201701,true,tale_by_time
胜利日,/v-day,EliteEric,25 Jan 2017 05:19,201701,true,tale_by_time
那之后的故事,/the-story-goes-on,DrSee,24 Jan 2017 16:51,201701,true,tale_by_time
空,/most-anomalous-thing-the-human-beings,fuban,24 Jan 2017 15:12,201701,true,tale_by_time
往昔,/wangxi,Lemontea,24 Jan 2017 10:41,201701,true,tale_by_time
異常消失後，人事物的短暫結局,/people-thing,Um4vm06,24 Jan 2017 08:45,201701,true,tale_by_time
平静,/peace,DrSee,24 Jan 2017 07:32,201701,true,tale_by_time
砰,/peng,AIeditor059,24 Jan 2017 03:48,201701,true,tale_by_time
异常已死,/the-anomalous-is-dead,Flea_ZER0,23 Jan 2017 13:19,201701,true,tale_by_time
东线无战事,/all-quiet-on-the-east-front,Ravenfield,23 Jan 2017 11:52,201701,true,tale_by_time
毫无疑问，他们死了,/no-doubt-they-died,Airalin_Knowledge,23 Jan 2017 10:45,201701,true,tale_by_time
孩子氣的戰爭,/childish-wars,MScarlet,22 Jan 2017 07:56,201701,true,tale_by_time
雾霾生成器使用指南,/wmscqspecification,monitor-256,21 Jan 2017 13:39,201701,true,tale_by_time
被告席上的Wondertainment®,/wondertainment-in-the-dock,Um4vm06,18 Jan 2017 08:42,201701,true,tale_by_time
玩具的來源,/dr-w,Um4vm06,30 Dec 2016 02:12,201612,true,tale_by_time
末日,/doom,Archibald1,14 Dec 2016 05:23,201612,true,tale_by_time
何为异常,/what-is-singularity,Ravenfield,08 Dec 2016 14:16,201612,true,tale_by_time
安全协议：SD-27,/security-protocol-sd-27,Greenson,30 Nov 2016 11:01,201611,true,tale_by_time
事故报告 C-26 安保突破,/incident-report-c-26,Greenson,29 Aug 2016 00:30,201608,true,tale_by_time
向生,/rushtoalive,Heavyblues,19 Aug 2016 15:53,201608,true,tale_by_time
无题,/high-definition-s-dead,Yaaaaaak,19 Aug 2016 14:24,201608,true,tale_by_time
一个意外—A MURDER,/2016summer-ggpincus,GGPincus,19 Aug 2016 14:18,201608,true,tale_by_time
Themis,/themis,evangelina96,17 Aug 2016 16:42,201608,true,tale_by_time
特刊：Holy Darklight博士之死,/special-of-hd-death,ilovecforever,17 Aug 2016 12:41,201608,true,tale_by_time
悚然之物,/s,Flying Jellyfish,14 Aug 2016 19:36,201608,true,tale_by_time
有趣的一天,/youqvdeyitian,zhongfeng,08 Aug 2016 11:11,201608,true,tale_by_time
我的死亡,/the-death-of-me,Freedom Koo,06 Aug 2016 12:47,201608,true,tale_by_time
中国分部超常事件记录,/log-of-extranormal-events-cn,Moyo,08 Jun 2016 04:06,201606,true,tale_by_time
我写了一篇外围,/i-wrote-a-tale,Flea_ZER0,31 May 2016 11:37,201605,true,tale_by_time
刽子手,/guizishou,Archibald1,17 May 2016 12:39,201605,true,tale_by_time
醜響,/dirty-of-loudness,MScarlet,15 May 2016 22:57,201605,true,tale_by_time
中国分部异常项目,/log-of-anomalous-items-cn,Flea_ZER0,15 May 2016 08:36,201605,true,tale_by_time
记忆迷宫,/memory-maze,Holy_Darklight,26 Feb 2016 20:37,201602,true,tale_by_time
遊戲與工作,/play-or-dont-play,Darkequation,23 Feb 2016 16:30,201602,true,tale_by_time
基金会的违纪者,/winter-2016-p5,ilovecforever,22 Feb 2016 11:57,201602,true,tale_by_time
旅行,/traveller,Areyoucrazytom,15 Feb 2016 10:41,201602,true,tale_by_time
讨薪日,/wages,LaAndros,12 Feb 2016 14:56,201602,true,tale_by_time
我，王经理,/i-manager-wang,ashausesall,11 Feb 2016 03:58,201602,true,tale_by_time
荒漠求生,/survive,Palewalker,07 Sep 2015 19:48,201509,true,tale_by_time
白后至D8,/white-queen-to-d8,heartlessed,07 Sep 2015 15:58,201509,true,tale_by_time
圣夜降临,/holy-night-rising,Holy_Darklight,07 Sep 2015 15:51,201509,true,tale_by_time
女儿的来信,/letter-from-a-daughter,heartlessed,07 Sep 2015 15:25,201509,true,tale_by_time
真正的遺產,/truth-legacy,MScarlet,07 Sep 2015 11:21,201509,true,tale_by_time
再载入,/reload,Heavyblues,04 Sep 2015 04:05,201509,true,tale_by_time
永死,/eternal-death,Freedom Koo,29 Aug 2015 13:06,201508,true,tale_by_time
天使坠落,/foa,Zieten,23 Aug 2015 16:58,201508,true,tale_by_time
公告,/theeditor,Phedy,19 Aug 2015 06:03,201508,true,tale_by_time
SCP基金会出击！,/scp-foundation-go,FuzzyRobin,17 Aug 2015 06:28,201508,true,tale_by_time
SCP基金会之旅,/animal,LaAndros,16 Aug 2015 16:29,201508,true,tale_by_time
星期一早上，上帝走进了休息室……,/monday-morning-god-walks-into-the-break-room,SunnyClockwork,16 Aug 2015 10:58,201508,true,tale_by_time
基金會的生存之道,/inside-foundation,ppp83221,16 Aug 2015 02:23,201508,true,tale_by_time
平行世界又炸了真没人性,/parallel-worlds-blew-up-again-wtf,Agent Chen,15 Aug 2015 15:45,201508,true,tale_by_time
差评,/downvoted,ashausesall,15 Aug 2015 08:47,201508,true,tale_by_time
一切照常运作,/all-right,LaAndros,14 Aug 2015 15:56,201508,true,tale_by_time
耶稣基督，已收容,/jesus-christ-now-in-containment,SunnyClockwork,14 Aug 2015 09:30,201508,true,tale_by_time
事件,/incident,MScarlet,13 Jul 2015 08:27,201507,true,tale_by_time
當我們談及吃時我們在講甚麼,/what-we-talk-about-when-we-talk-about-eat,MScarlet,13 Jul 2015 08:13,201507,true,tale_by_time
新春豪华套餐,/happynewyearset,MScarlet,13 Jul 2015 08:06,201507,true,tale_by_time
挖,/dig,MScarlet,13 Jul 2015 07:59,201507,true,tale_by_time
审讯,/the-interrogation,MScarlet,13 Jul 2015 07:55,201507,true,tale_by_time
英雄記：「幸運的」凡琴,/lucky-vacuum,MScarlet,13 Jul 2015 07:32,201507,true,tale_by_time
另一颗星,/another-star,MScarlet,13 Jul 2015 07:04,201507,true,tale_by_time
欢迎来到学院图书馆,/welcome-to-the-library,MScarlet,31 Aug 2014 12:05,201408,true,tale_by_time
遇见之人,/i-met-you,MScarlet,31 Aug 2014 12:02,201408,true,tale_by_time
出路,/exit,MScarlet,31 Aug 2014 11:53,201408,true,tale_by_time
新基石,/a-new-cornerstone,MScarlet,31 Aug 2014 11:26,201408,true,tale_by_time
回归,/return,MScarlet,31 Aug 2014 11:18,201408,true,tale_by_time
父亲,/father,MScarlet,31 Aug 2014 11:14,201408,true,tale_by_time
剎那之旅,/split-trip,MScarlet,31 Aug 2014 11:12,201408,true,tale_by_time
常识,/common-sense,MScarlet,31 Aug 2014 11:04,201408,true,tale_by_time
广告时间，马上回来,/commercial-break,MScarlet,31 Aug 2014 10:58,201408,true,tale_by_time
杀手电影,/slasher-film,MScarlet,31 Aug 2014 10:57,201408,true,tale_by_time
快进,/skip,MScarlet,31 Aug 2014 10:53,201408,true,tale_by_time
讚美鸚鵡螺！,/praise-nautilus,MScarlet,31 Aug 2014 10:50,201408,true,tale_by_time
我__去一下，馬上回來,/i-will-come-back-soon,MScarlet,31 Aug 2014 10:47,201408,true,tale_by_time
黑椒牛排,/steak-please,MScarlet,31 Aug 2014 10:42,201408,true,tale_by_time
马上回来的人,/the-man-is-coming-back-and-if,MScarlet,31 Aug 2014 10:39,201408,true,tale_by_time
陷阱,/trap,MScarlet,31 Aug 2014 10:28,201408,true,tale_by_time
奖品,/prize,MScarlet,31 Aug 2014 10:25,201408,true,tale_by_time
2014年的新春之時,/when-they-contained,MScarlet,30 May 2014 16:15,201405,true,tale_by_time
新年,/new-year,MScarlet,10 Mar 2014 16:21,201403,true,tale_by_time
焰火,/fireworks,MScarlet,10 Mar 2014 16:19,201403,true,tale_by_time
商业事务,/businesses,MScarlet,10 Mar 2014 16:16,201403,true,tale_by_time
你说，我说，他说,/you-said-i-said-he-said,MScarlet,10 Mar 2014 16:10,201403,true,tale_by_time
新年攻势,/operation-new-year,MScarlet,10 Mar 2014 16:06,201403,true,tale_by_time
新年的协议,/protocol-of-the-new-year,MScarlet,10 Mar 2014 15:58,201403,true,tale_by_time
七十四号站点的集体洗浴,/the-group-bathe-about-site-cn-74,MScarlet,10 Mar 2014 15:56,201403,true,tale_by_time
征募,/recruitment,MScarlet,10 Mar 2014 15:51,201403,true,tale_by_time
如何做出好吃的年糕，還有吃年糕之後有什麼效果,/how-to-cook-delicious-ningou-and-the-effect-of-eating-ningou,MScarlet,10 Mar 2014 15:47,201403,true,tale_by_time
猎手的除夕,/hunter-s-eve,MScarlet,10 Mar 2014 15:39,201403,true,tale_by_time
一朝春盡紅顏老 花落人亡兩不知,/yi-zhao-chun-jin-hongyan-lao-hua-luo-ren-wang-liang-buzhi,MScarlet,10 Mar 2014 15:36,201403,true,tale_by_time
萦绕,/haunted,Holy_Darklight,10 Mar 2014 15:18,201403,true,tale_by_time
如我们所愿,/as-we-like-it,Holy_Darklight,10 Mar 2014 15:10,201403,true,tale_by_time
唐人街,/china-town,Holy_Darklight,10 Mar 2014 15:08,201403,true,tale_by_time
糟糕的新年,/terrible-new-year,Holy_Darklight,10 Mar 2014 14:58,201403,true,tale_by_time
