title,link,author,snippet
1111事件中心页,/1111event,QBLevi,...
深渊之光同修会 中心页,/abyssal-light,W Asriel,...
生,/alive,Airalin_Knowledge,...
中国分部设定中心,/canon-hub-cn,(user deleted),...
中国分部征文竞赛,/contest-archive-cn,MScarlet,...
散结,/endin,koi_Vicky Stan,...
永夜中心页,/evernight-hub,Freedom Koo,...
基金会4K,/f4k,QBLevi,...
画尸者,/florence,Freedom Koo,...
Freedom Koo的杂文集,/freedomkoo-s-essays,Freedom Koo,...
啼哭,/g,Flying Jellyfish,Area-CN-42 人工智能 - “MI”启动 检测到最高权限物体进入 编码扫描中...
医院 中心页,/hospital-hub,DF-thirteen,...
入场,/i,Flying Jellyfish,密码通过 ..指纹认证通过   人工智能-MI 启动 通讯杂音 .. “早上好啊，MI。”...
事关生者死者与凶手,/living-dead-killer,Freedom Koo,...
镜面闪点 中心页,/mirror-flashpoint,Agent Phage,...
避难所与新世界中心页,/new-world,milk2015,...
Nirvana中心页,/nirvana-hub,(user deleted),...
人们,/oldzhang0,SergioSerio,...
中国分部故事系列,/series-archive-cn,(user deleted),...
Site-CN-21的二十年中心页,/site-cn-21-s-20-years,Airalin_Knowledge,...
玫瑰,/the-rose-hub,Hannah_AI,请在本页面评分  Part 1 我们本应获得的美丽 Part 2 带我重回我们仍知何去何从的时光 Part...
丰饶公社,/the-society-of-cornucopia,(user deleted),...
公款旅游中心页,/travel-by-public-funds-hub,Freedom Koo,公款旅游 ~基金会 假日回忆     - 作品列表 -   公款旅游 - Freedom Koo 著  -...
再难遗忘中心页,/zai-nan-yi-wang,Airalin_Knowledge,...
