title,link,number
蛇说,/about-the-serpent,0-1
Commentary on Selected Items in the Seimei Gallery,/commentary-on-selected-items-in-the-seimei-gallery,0-2
基本列在这里的所有页面,http://scp-wiki-cn.wikidot.com/system:page-tags/tag/%E5%A4%9C%E4%B9%8B%E5%AD%90#pages,0-3
SCP-1000 - 大脚怪,/scp-1000,0-0
SCP-1001 - Ya-Te-Veo,/scp-1001,1
SCP-1002 - 裁决之影,/scp-1002,2
SCP-1003 - 绦虫婴儿,/scp-1003,3
储藏项目们,/reservoir-skips,4-1
New Technical Issues,/new-technical-issues,4-2
SCP-1004 - 工厂A片全集,/scp-1004,4-0
SCP-1005 - 画人,/scp-1005,5
Of Politics,/of-politics,6-1
SCP-1006 - 无产阶级蜘蛛,/scp-1006,6-0
愚人博物馆,/museum-of-idiots,7-1
SCP-REDD,/scp-redd,7-2
SCP-1007 - 生与死先生,/scp-1007,7-0
SCP-1008 - 流放石,/scp-1008,8
SCP-1009 - 美丽世界,/scp-1009,9
SCP-1010 - 小绿人,/scp-1010,10
SCP-1011 - 人化进程,/scp-1011,11
Sic Transit Gloria Mundi,/sic-transit-gloria-mundi,12-1
SCP-1012 - 秘密和弦,/scp-1012,12-0
SCP-1013 - 蜥鸡兽,/scp-1013,13
SCP-1014 - 约拿漂流记,/scp-1014,14
SCP-1015 - 穷人的点金手,/scp-1015,15
SCP-1016 - 凶杀钥匙,/scp-1016,16
SCP-1017 - 替补驾驶,/scp-1017,17
批评家,/the-critic,18-1
SCP-1018 - 干渴,/scp-1018,18-0
SCP-1019 - 异常艺术家的讽刺,/scp-1019,19
SCP-1020 - 重要来信,/scp-1020,20
SCP-1021 - 出口,/scp-1021,21
SCP-1022 - 无菌白衣,/scp-1022,22
SCP-1023 - 玻璃地动仪,/scp-1023,23
SCP-1024 - 基础合订本,/scp-1024,24
SCP-1025 - 疾病大百科,/scp-1025,25
SCP-1026 - 某位熟人,/scp-1026,26
SCP-1027 - 肉食性中枢神经,/scp-1027,27
SCP-1028 - 紊乱心音,/scp-1028,28
SCP-1029 - 香味卡JPEG,/scp-1029,29
SCP-1030 - 造物假人,/scp-1030,30
SCP-1031 - 红灯制动模组,/scp-1031,31
Every SCP - Part 5 - The Clock,/every-scp-part-5-the-clock,32-1
SCP-1032 - 预言钟,/scp-1032,32-0
SCP-1033 - 33秒人,/scp-1033,33
SCP-1034 - 人偶针线,/scp-1034,34
SCP-1035 - 腐化手套,/scp-1035,35
SCP-1036 - 降灵像,/scp-1036,36
SCP-1037 - 腐蚀螺栓,/scp-1037,37
SCP-1038 - RCA连线,/scp-1038,38
SCP-1039 - 收集娃娃,/scp-1039,39
SCP-1040 - “丹尼尔”,/scp-1040,40
Matryoshka,/matryoshka,41-1
SCP-1041 - 多身份失调症,/scp-1041,41-0
SCP-1042 - 幽灵砖块,/scp-1042,42
SCP-1043 - 速成建筑,/scp-1043,43
SCP-1044 - 矛盾回声,/scp-1044,44
Into That Good Night （诗篇）,/into-that-good-night,45-1
SCP-1045 - 生命之烛,/scp-1045,45-0
SCP-1046 - 没有卧室的房屋,/scp-1046,46
SCP-1047 - 复仇的讽刺路标,/scp-1047,47
小女孩的日记,/diary-of-a-young-girl,48-1
Reap What You Sew,/reap-what-you-sew,48-2
旧堪萨斯区第八章：Gersha,/old-kansas-sector-part-8,48-3
Habil and Qabil,/habil-and-qabil,48-4
SCP-1048 - 泰迪熊建造者,/scp-1048,48-0
SCP-1049 - 抽骨鸮,/scp-1049,49
After Destruction,/after-destruction,50-1
我们已驳回此说法,/we-have-dismissed-that-claim,50-2
SCP-1050 - 警世方尖碑,/scp-1050,50-0
SCP-1051 - 内华达地外生物,/scp-1051,51
SCP-1052 - 安娜,/scp-1052,52
SCP-1053 - 人口过剩,/scp-1053,53
SCP-1054 - “花园”地精,/scp-1054,54
SCP-1055 - 巴格西,/scp-1055,55
SCP-1056 - 大小改变器,/scp-1056,56
Permanent Waves,/permanent-waves,57-1
批评家,/the-critic,57-2
SCP-1057 - 此地无鲨,/scp-1057,57-0
SCP-1058 - 半隐形人,/scp-1058,58
SCP-1059 - 感染性删改强迫症,/scp-1059,59
SCP-1060 - 庞南加兰,/scp-1060,60
SCP-1061 - 斩首车祸,/scp-1061,61
SCP-1062 - 新科学家杂志-时间,/scp-1062,62
SCP-1063 - 黑森领主,/scp-1063,63
SCP-1064 - 蜡烛指环,/scp-1064,64
SCP-1065 - 自焚书,/scp-1065,65
SCP-1066 - 速成教育,/scp-1066,66
SCP-1067 - 醇茗银匙,/scp-1067,67
SCP-1068 - 无害核弹,/scp-1068,68
SCP-1069 - Ys,/scp-1069,69
SCP-1070 - 再教育軟體,/scp-1070,70
SCP-1071 - 改良测试,/scp-1071,71
SCP-1072 - 记忆更换碟,/scp-1072,72
SCP-1073 - 电脑微生物,/scp-1073,73
SCP-1074 - 司汤达的梦魇,/scp-1074,74
SCP-1075 - 名叫Vince的森林,/scp-1075,75
SCP-1076 - 唯一的孩子,/scp-1076,76
SCP-1077 - 魔帽菇,/scp-1077,77
SCP-1078 - 第三只眼,/scp-1078,78
SCP-1079 - Wondertainment博士的减肥糖,/scp-1079,79
SCP-1080 - 育儿室,/scp-1080,80
SCP-1081 - 大学失音音箱,/scp-1081,81
SCP-1082 - 完整的真相,/scp-1082,82
SCP-1083 - 大学哲学头骨,/scp-1083,83
SCP-1084 - 损坏的陵墓,/scp-1084,84
SCP-1085 - 疯狂甩脂操,/scp-1085,85
SCP-1086 - 第二大脑综合症,/scp-1086,86
Going In REDACTED,/going-in-redacted,87-1
SCP-1087 - 白跗猴,/scp-1087,87-0
SCP-1088 - 转世产房,/scp-1088,88
SCP-1089 - 我看你看,/scp-1089,89
SCP-1090 - 无线耳机,/scp-1090,90
SCP-1091 - 数字式短波实体,/scp-1091,91
SCP-1092 - 异种鱼,/scp-1092,92
SCP-1093 - 人灯,/scp-1093,93
SCP-1094 - 迷路者的游乐场,/scp-1094,94
SCP-1095 - 王之陨落,/scp-1095,95
SCP-1096 - 完美塑料,/scp-1096,96
SCP-1097 - 液态共感,/scp-1097,97
SCP-1098 - 毒性词语,/scp-1098,98
SCP-1099 - 沼泽水,/scp-1099,99
SCP-1100 - 盖亚之血,/scp-1100,100
SCP-1101 - 有趣的话题,/scp-1101,101
SCP-1102 - The Blue Ridge Phenomenon,/scp-1102,102
SCP-1103 - Dr. Wondertainment博士的小小外科医生套装,/scp-1103,103
SCP-1104 - 鼻蟹,/scp-1104,104
SCP-1105 - 神经多孔菌,/scp-1105,105
SCP-1106 - “养个自己的孩子”套装,/scp-1106,106
SCP-1107 - 信号,/scp-1107,107
Stirrings,/stirrings,108-1
SCP-1108 - 沼泽鳄神,/scp-1108,108-0
SCP-1109 - 止痛灵刀,/scp-1109,109
SCP-1110 - 录像抢劫,/scp-1110,110
SCP-1111 - 白犬,/scp-1111,111
SCP-1112 - 故人皮影戲,/scp-1112,112
SCP-1113 - 拉克西斯的陀螺,/scp-1113,113
SCP-1114 - What a Dummy,/scp-1114,114
SCP-1115 - 远古警示,/scp-1115,115
SCP-1116 - 人形机器,/scp-1116,116
SCP-1117 - 饕宴桌,/scp-1117,117
SCP-1118 - 我们的喉舌,/scp-1118,118
SCP-1119 - 不可触摸,/scp-1119,119
SCP-1120 - Freeze Tag,/scp-1120,120
SCP-1121 - 剥皮症,/scp-1121,121
SCP-1122 - 明日之屋,/scp-1122,122
SCP-1123 - 暴行头骨,/scp-1123,123
SCP-1124 - 外星異卵,/scp-1124,124
SCP-1125 - 问答骰子,/scp-1125,125
SCP-1126 - 特工棕榈树,/scp-1126,126
SCP-1127 - 电影节,/scp-1127,127
SCP-1128 - 海中惧妖,/scp-1128,128
SCP-1129 - 过度觉醒反应,/scp-1129,129
SCP-1130 - 便门近道,/scp-1130,130
SCP-1131 - 奥斯卡蚊,/scp-1131,131
SCP-1132 - 蛇舌,/scp-1132,132
SCP-1133 - 静脉之内的罪恶,/scp-1133,133
SCP-1134 - 铅弹涂料,/scp-1134,134
SCP-1135 - 活体村庄,/scp-1135,135
SCP-1136 - 重力导向,/scp-1136,136
SCP-1137 - 完美球体,/scp-1137,137
SCP-1138 - 诡伪信集,/scp-1138,138
SCP-1139 - 破碎之舌,/scp-1139,139
SCP-1140 - 柜子里的咯咯,/scp-1140,140
SCP-1141 - 艰苦创业,/scp-1141,141
SCP-1142 - 异界呼救,/scp-1142,142
SCP-1143 -,/scp-1143,143
SCP-1144 - “猎户座”天平,/scp-1144,144
The Foundation Never Changes,/the-foundation-never-changes,145-1
SCP-1145 - 长崎泰迪熊,/scp-1145,145-0
SCP-1146 - 變態打印機,/scp-1146,146
SCP-1147 - 白变李树,/scp-1147,147
SCP-1148 - 不完美的反射影像,/scp-1148,148
SCP-1149 - Erratic Weather Vane,/scp-1149,149
SCP-1150 - 旅客,/scp-1150,150
SCP-1151 - 掌上笑脸,/scp-1151,151
SCP-1152 - 普通的浣熊,/scp-1152,152
SCP-1153 - 可编程病患,/scp-1153,153
SCP-1154 - 概念之龙,/scp-1154,154
SCP-1155 - 食人涂鸦,/scp-1155,155
A Keter Kinda Christmas,/a-keter-kinda-christmas,156-1
SCP-1156 - 奇马威灵顿,/scp-1156,156-0
SCP-1157 - 分裂人,/scp-1157,157
SCP-1158 - 樹棲的水母魁儡師,/scp-1158,158
SCP-1159 - 风弦琴,/scp-1159,159
SCP-1160 - 有效收容,/scp-1160,160
SCP-1161 - 如何之书,/scp-1161,161
SCP-1162 - 墙上一个洞,/scp-1162,162
SCP-1163 - 换脸者,/scp-1163,163
SCP-1164 - 回响墓志铭,/scp-1164,164
SCP-1165 - 负层,/scp-1165,165
SCP-1166 - 完美小白鼠,/scp-1166,166
SCP-1167 - 解体机器人头,/scp-1167,167
Phantom Blunt,/phantom-blunt,168-1
SCP-1168 - 非常幼稚且完全非正式的恶搞Parody,/scp-1168,168-0
SCP-1169 - 拉马克之长颈鹿,/scp-1169,169
SCP-1170 - 浪漫幽灵,/scp-1170,170
Into That Good Night （诗篇）,/into-that-good-night,171-1
Skeeve Online,/skeeve-online,171-2
SCP-1171 - 人类滚粗,/scp-1171,171-0
SCP-1172 - 死亡拼字,/scp-1172,172
Matterminded,/matterminded,173-1
Your Future is Bright,/your-future-is-bright,173-2
∆K=([ϑK/ ϑx]， [ ϑK/ ϑy]， [ ϑK/ ϑz]) Or: Episiotometrics,stop-me-if-youve-heard-this-one-before,173-3
SCP-1173 - 东萨莫色雷斯伊斯兰共和国,/scp-1173,173-0
SCP-1174 - The Wreck of the Edmund Fitzgerald,/scp-1174,174
SCP-1175 - 牛头雕像与守卫,/scp-1175,175
SCP-1176 - 蜜渍人,/scp-1176,176
SCP-1177 - 人肉代金劵,/scp-1177,177
SCP-1178 - 飘浮的ICBM,/scp-1178,178
SCP-1179 - 炎魔,/scp-1179,179
SCP-1180 - 可爱的椰子,/scp-1180,180
SCP-1181 - Interactive Kaleidoscope,/scp-1181,181
SCP-1182 - 发条章鱼,/scp-1182,182
SCP-1183 - 萬物之堆,/scp-1183,183
SCP-1184 - 真理,/scp-1184,184
SCP-1185 - 自给汽油泵,/scp-1185,185
SCP-1186 - Cochlear Cicadas,/scp-1186,186
SCP-1187 - 静止ATV,/scp-1187,187
SCP-1188 - 移物灯,/scp-1188,188
SCP-1189 - 那个声音,/scp-1189,189
SCP-1190 - 宇宙模拟器,/scp-1190,190
SCP-1191 - 犯罪过往,/scp-1191,191
Sympathy,/sympathy,192-1
A Keter Kinda Christmas,/a-keter-kinda-christmas,192-2
SCP-1192 - “Timmy”,/scp-1192,192-0
Skeeve Online,/skeeve-online,193-1
SCP-1193 - 地下巨人,/scp-1193,193-0
SCP-1194 - 受损玩具马,/scp-1194,194
SCP-1195 - 儿童故事书,/scp-1195,195
SCP-1196 - 椅疗师,/scp-1196,196
SCP-1197 - 单人间,/scp-1197,197
SCP-1198 - 无尽回声,/scp-1198,198
SCP-1199 - 人体涂料,/scp-1199,199
SCP-1200 - 工厂小滋味,/scp-1200,200
SCP-1201 - 琐罗亚斯德之泉,/scp-1201,201
SCP-1202 - 失落之声,/scp-1202,202
SCP-1203 - 轮回女,/scp-1203,203
From Unknown Admirer to Unknown Admiree,/from-unknown-admirer-to-unknown-admiree,204-1
SCP-1204 - Clingy Transient,/scp-1204,204-0
SCP-1205 - 壁花,/scp-1205,205
SCP-1206 - 失落的缪斯,/scp-1206,206
SCP-1207 - 非镜,/scp-1207,207
SCP-1208 - 烤你命3000,/scp-1208,208
SCP-1209 - 在许多地方的许多眼睛,/scp-1209,209
SCP-1210 - 异常雷达站,/scp-1210,210
SCP-1211 - 城堡里的国王,/scp-1211,211
SCP-1212 - Irresponsible Competition,/scp-1212,212
SCP-1213 - 孤儿投石机,/scp-1213,213
SCP-1214 - 异常随机数发生器,/scp-1214,214
SCP-1215 - Peri Logismon,/scp-1215,215
SCP-1216 - 锥形怪,/scp-1216,216
Into That Good Night （诗篇）,/into-that-good-night,217-1
SCP-1217 - 办公楼,/scp-1217,217-0
SCP-1218 - One-Way Glass,/scp-1218,218
SCP-1219 - Whistler,/scp-1219,219
SCP-1220 - 逻各斯,/scp-1220,220
SCP-1221 - 失心疯巴士,/scp-1221,221
SCP-1222 - Stasis Box,/scp-1222,222
SCP-1223 - 生动的记忆,/scp-1223,223
SCP-1224 - 小小化学家套装,/scp-1224,224
SCP-1225 - 最糟的圣诞,/scp-1225,225
SCP-1226 - 后现代主义,/scp-1226,226
SCP-1227 - 家庭人,/scp-1227,227
SCP-1228 - 书迷俱乐部,/scp-1228,228
SCP-1229 - Lana Neal主演的三十七部电影,/scp-1229,229
SCP-1230 - 英雄的诞生,/scp-1230,230
Into That Good Night （诗篇）,/into-that-good-night,231-1
SCP-1231 - 理论性家庭,/1231-warning,231-0
SCP-1232 - Novosadov Syndrome,/scp-1232,232
SCP-1233 - 哺乳动物地质改良器,/scp-1233,233
SCP-1234 - 废弃面包房,/scp-1234,234
也不讓我的劍停歇,/nor-shall-my-sword-sleep,235-1
SCP-1235 - 地图集里的微观世界,/scp-1235,235-0
SCP-1236 - 四幅画,/scp-1236,236
项目建议书 2014-2112：“失败之梦”,/project-proposal-2014-2112,237-1
SCP-1237 - Epsilon波,/scp-1237,237-0
SCP-1238 - 隧道鱼,/scp-1238,238
SCP-1239 - 成人游乐场,/scp-1239,239
SCP-1240 - 混合宠物店,/scp-1240,240
SCP-1241 - 与狼人共舞,/scp-1241,241
SCP-1242 - Doppelganger Virus,/scp-1242,242
SCP-1243 - 网上迁移服务,/scp-1243,243
SCP-1244 - 通用秒表,/scp-1244,244
SCP-1245 - 捕鲸船,/scp-1245,245
SCP-1246 - 石板螺旋,/scp-1246,246
SCP-1247 - 拉博夫观看者,/scp-1247,247
SCP-1248 - 人格录音机,/scp-1248,248
SCP-1249 - 瘟疫,/scp-1249,249
SCP-1250 - 平行世界录像,/scp-1250,250
SCP-1251 - 交通事故多发地带,/scp-1251,251
衰老，消耗，迫害,/senescence-consumption-persecution,252-1
A Kind Of Christmas,/a-kind-of-christmas,252-2
SCP-1252 - 半成的理念,/scp-1252,252-0
SCP-1253 - 血肉祭司,/scp-1253,253
SCP-1254 - 纸民,/scp-1254,254
SCP-1255 -,/scp-1255,255
SCP-1256 - 蜜蜂比你想象的更聪明,/scp-1256,256
SCP-1257 - SCP的丹尼特工,/scp-1257,257
SPC-1258,/spc-1258,258-1
SCP-1258 - 大師之道,/scp-1258,258-0
SCP-1259 - "上古预言",/scp-1259,259
SCP-1260 - 皇家海军HMS Tiresias号,/scp-1260,260
SCP-1261 - 模因鸸鹋,/scp-1261,261
SCP-1262 - 毁灭之种,/scp-1262,262
SCP-1263 - 说话的人头,/scp-1263,263
SCP-1264 - 复活船骸,/scp-1264,264
SCP-1265 - 中生代恐龙保护区,/scp-1265,265
SCP-1266 - 二叠纪方舟,/scp-1266,266
SCP-1267 - 變態哺乳動物,/scp-1267,267
Laughter,/laughter,268-1
SCP-1268 - 群体性癔症,/scp-1268,268-0
SCP-1269 - 跟踪狂邮箱,/scp-1269,269
SCP-1270 - 持枪者,/scp-1270,270
SCP-1271 - Sheckler小学踢球场,/scp-1271,271
SCP-1272 - 慢动作灾害,/scp-1272,272
SCP-1273 - 陷于尘世,/scp-1273,273
SCP-1274 - 舞蹈狂,/scp-1274,274
SCP-1275 - 无声强盗,/scp-1275,275
SCP-1276 - 金星发射台,/scp-1276,276
SCP-1277 - 干渴仙人掌,/scp-1277,277
SCP-1278 - A Picture Frame,/scp-1278,278
SCP-1279 - 人犬,/scp-1279,279
SCP-1280 - 记忆线虫,/scp-1280,280
SCP-1281 - 先驱,/scp-1281,281
SCP-1282 - 反转的兔人,/scp-1282,282
SCP-1283 - 收音机恐慌,/scp-1283,283
SCP-1284 - 月亮的小新娘,/scp-1284,284
SCP-1285 - The Wooden Movie Prop,/scp-1285,285
SCP-1286 - 悲伤的家伙,/scp-1286,286
SCP-1287 - 闭幕,/scp-1287,287
SCP-1288 - 适时的激励,/scp-1288,288
SCP-1289 - 卡戎的硬币,/scp-1289,289
SCP-1290 - 不完美传送机,/scp-1290,290
SCP-1291 - 美式足球之神,/scp-1291,291
SCP-1292 - 答题卡扫描仪传染性疾病,/scp-1292,292
Arbitrary Darkness （诗篇）,/arbitrary-darkness,293-1
Let the Right One Innily,/let-the-right-one-innily,293-2
SCP-1293 - Squeedle Deedle Dee！,/scp-1293,293-0
SCP-1294 - 笑狐,/scp-1294,294
SCP-1295 - Meg的餐馆,/scp-1295,295
SCP-1296 - 订个羊驼,/scp-1296,296
SCP-1297 - 逆时指甲罐,/scp-1297,297
SCP-1298 - 门阶下的婴儿,/scp-1298,298
SCP-1299 - 溺毙浴缸,/scp-1299,299
SCP-1300 - 液态医师,/scp-1300,300
SCP-1301 - 人声小提琴,/scp-1301,301
SCP-1302 - Loss Chaser,/scp-1302,302
SCP-1303 - 狩猎洞穴,/scp-1303,303
SCP-1304 - 超虚构重生仪式,/scp-1304,304
SCP-1305 - 猫饵,/scp-1305,305
SCP-1306 - 万用鸟饲料,/scp-1306,306
SCP-1307 - 卷人刀,/scp-1307,307
SCP-1308 - 匈牙利浮皮,/scp-1308,308
SCP-1309 - 锁时之镇,/scp-1309,309
SCP-1310 - 10号检查室,/scp-1310,310
SCP-1311 - Sudden Body Integrity Failure,/scp-1311,311
SCP-1312 - 41号站点,/scp-1312,312
SCP-1313 - 解出一头熊,/scp-1313,313
SCP-1314 - 模因宇宙,/scp-1314,314
SCP-1315 - 最难的游戏,/scp-1315,315
SCP-1316 - 小猫Lucy 猫形间谍仪,/scp-1316,316
SCP-1317 - 工厂化妆品,/scp-1317,317
SCP-1318 - 顾问鼠,/scp-1318,318
SCP-1319 - 一分两半,/scp-1319,319
SCP-1320 - Refractive Explorers,/scp-1320,320
SCP-1321 - 纯洁派手记,/scp-1321,321
Sic Transit Gloria Mundi,/sic-transit-gloria-mundi,322-1
周全考虑,/all-things-considered,322-2
Fear Not,/fear-not,322-3
The End is the Beginning is the End,/the-end-is-the-beginning-is-the-end,322-4
Skeeve Online,/skeeve-online,322-5
SCP-1322 - 欢愉之洞,/scp-1322,322-0
SCP-1323 - 郡上游园会,/scp-1323,323
SCP-1324 - 打印机的理想,/scp-1324,324
SCP-1325 - 复活节蛙,/scp-1325,325
SCP-1326 - 词典,/scp-1326,326
SCP-1327 - Intelligence Switcher,/scp-1327,327
SCP-1328 - 想象中的第51州,/scp-1328,328
SCP-1329 - 水族馆,/scp-1329,329
SCP-1330 - 通用垃圾场,/scp-1330,330
SCP-1331 - 臭嘴肥皂,/scp-1331,331
SCP-1332 - 非自愿变形,/scp-1332,332
SCP-1333 - 幽灵应用,/scp-1333,333
SCP-1334 - 数命宅邸,/scp-1334,334
SCP-1335 - 签语饼邻居,/scp-1335,335
SCP-1336 - 五千彩点,/scp-1336,336
SCP-1337 - 搭车人,/scp-1337,337
SCP-1338 - 丛林之子,/scp-1338,338
SCP-1339 - 一切合理化警徽,/scp-1339,339
SCP-1340 - 穴居魔鬼鱼的共济会,/scp-1340,340
SCP-1341 - “罐中森林”,/scp-1341,341
SCP-1342 - 致作曲者,/scp-1342,342
SCP-1343 - Pile Up,/scp-1343,343
SCP-1344 - Eye-Catching Goggles,/scp-1344,344
Matterminded,/matterminded,345-1
SCP-1345 - Propaganda Machine,/scp-1345,345-0
SCP-1346 - 恐惧感应走廊,/scp-1346,346
SCP-1347 - 问题盒子,/scp-1347,347
SCP-1348 - 内部圣堂,/scp-1348,348
SCP-1349 - Stomach Bug,/scp-1349,349
SCP-1350 - The Pixel,/scp-1350,350
SCP-1351 - 莫比乌斯洞,/scp-1351,351
SCP-1352 - Sentient Whirlwind,/scp-1352,352
Little Ones,/little-ones,353-1
SCP-1353 - 安慰蜈蚣,/scp-1353,353-0
SCP-1354 - 说话的汤,/scp-1354,354
SCP-1355 - House of Harmonious Boxes,/scp-1355,355
异常玩具鸭目录,/log-of-anomalous-ducks,356-1
SCP-1356 - 橡胶鸭子,/scp-1356,356-0
SCP-1357 - 儿童公园,/scp-1357,357
SCP-1358 - 北极光,/scp-1358,358
SCP-1359 - 血肉诱惑,/scp-1359,359
游隼,/peregrine,360-1
Hector与Jacob,/hector-and-jacob,360-2
我们的抉择,/decisions-we-make,360-3
完美计划,/the-best-laid-plans,360-4
SCP-1360 - PSHUD 31号,/scp-1360,360-0
SCP-1361 - 量产动物,/scp-1361,361
SCP-1362 - 制图师公会,/scp-1362,362
SCP-1363 - 附身病毒,/scp-1363,363
SCP-1364 - 脆弱小兽,/scp-1364,364
SCP-1365 - 自行车的正义,/scp-1365,365
SCP-1366 - 谣言木厂,/scp-1366,366
SCP-1367 - 派对气球,/scp-1367,367
SCP-1368 - 护皮怪,/scp-1368,368
SCP-1369 - 触手,/scp-1369,369
The Space Soldier,/the-space-soldier,370-1
First Quarto （诗篇）,/first-quarto,370-2
The Dragon and the Pesterbot,/the-dragon-and-the-pesterbot,370-3
粗劣之兽,/rough-beast,370-4
Mystery Skipper Theater 3000,/mystery-skipper-theater-3000,370-5
Habil and Qabil,/habil-and-qabil,370-6
接受挑战！,/challenge-accepted,370-7
SCP-1370 - 烦恼机器人,/scp-1370,370-0
SCP-1371 - 令人好奇的漂浮蝾螈,/scp-1371,371
SCP-1372 - 正西方,/scp-1372,372
SCP-1373 - 镭射幼鲨,/scp-1373,373
SCP-1374 - 做好准备,/scp-1374,374
SCP-1375 - 地外车站,/scp-1375,375
SCP-1376 - 纪录片摄影机,/scp-1376,376
SCP-1377 - 自动人议会,/scp-1377,377
SCP-1378 - 商场之旅,/scp-1378,378
SCP-1379 - 泯灭童真,/scp-1379,379
SCP-1380 - 16号房间,/scp-1380,380
SCP-1381 - 猫橱,/scp-1381,381
SCP-1382 - 拯救我们的灵魂,/scp-1382,382
CÉCE Designate 12-Pulaski-Maraschino,http://scp-wiki-cn.wikidot.com/wanderers:cece-designate-12-pulaski-maraschino,383-1
SCP-1383 - 部分功能的形超学拷问室,/scp-1383,383-0
SCP-1384 - 回合制玩家,/scp-1384,384
SCP-1385 - 出差错的戒指,/scp-1385,385
SCP-1386 - 感知性冰淇淋车,/scp-1386,386
SCP-1387 - 大海鸥航班,/scp-1387,387
SCP-1388 - 一种适合所有超级英雄的尺寸®,/scp-1388,388
SCP-1389 - 画中圣徒,/scp-1389,389
SCP-1390 - 死语,/scp-1390,390
SCP-1391 - 石之地,/scp-1391,391
SCP-1392 - Functioning Scarificator,/scp-1392,392
SCP-1393 - 别人的麻烦,/scp-1393,393
SCP-1394 - Doctor's Syringe,/scp-1394,394
SCP-1395 - 山谷魅影,/scp-1395,395
SCP-1396 - 木星杀场,/scp-1396,396
SCP-1397 - 一件失败的艺术品,/scp-1397,397
Counterpoint,/counterpoint,398-1
SCP-1398 - 可憎至死,/scp-1398,398-0
SCP-1399 - 另一种方式聆听,/scp-1399,399
SCP-1400 - 面具塞壬,/scp-1400,400
SCP-1401 - 迷失高速公路,/scp-1401,401
SCP-1402 - 全盘揭秘公文包,/scp-1402,402
SCP-1403 - 电气金鱼,/scp-1403,403
SCP-1404 - 魔碗,/scp-1404,404
SCP-1405 - 史前大地懒,/scp-1405,405
SCP-1406 - 旧日之物,/scp-1406,406
SCP-1407 - DJ的耳机,/scp-1407,407
SCP-1408 - 维多利亚时代的记忆重写器,/scp-1408,408
SCP-1409 - The Whalesong Beacon,/scp-1409,409
SCP-1410 - Sweating Stone,/scp-1410,410
SCP-1411 - 魔镜，魔镜,/scp-1411,411
SCP-1412 - 双杀姐妹,/scp-1412,412
SCP-1413 - SPORTSBALL,/scp-1413,413
SCP-1414 - 消极攻击性收音机,/scp-1414,414
SCP-1415 - 血肉手套,/scp-1415,415
SCP-1416 - 传心茶壶,/scp-1416,416
SCP-1417 - 瑞士军蕉,/scp-1417,417
SCP-1418 - 遗孀的梳子,/scp-1418,418
SCP-1419 - 宗教广播,/scp-1419,419
SCP-1420 - 韃靼蛋,/scp-1420,420
SCP-1421 - 不可靠的神諭,/scp-1421,421
SCP-1422 - 黄石异常,/scp-1422,422
追忆,/remembrance,423-1
SCP-1423 - 76年之夏,/scp-1423,423-0
SCP-1424 - 小狗Patches,/scp-1424,424
无色之绿事件,/case-colourless-green,425-1
他们的藏书在这里,/where-they-kept-their-copies,425-2
使命宣言,/mission-statement,425-3
SCP-1425 - 星星信号,/scp-1425,425-0
SCP-1426 - Planetary Core Drill Bits,/scp-1426,426
SCP-1427 - 意識湮滅銅碑,/scp-1427,427
SCP-1428 - 金乌,/scp-1428,428
SCP-1429 - Organoid Organisms,/scp-1429,429
SCP-1430 - The Orator's Staff,/scp-1430,430
SCP-1431 - 奇异寻宝！,/scp-1431,431
SCP-1432 - 人偶DVD,/scp-1432,432
SCP-1433 - 寂静之声,/scp-1433,433
SCP-1434 - 暴政砖块,/scp-1434,434
SCP-1435 - 洞穴怪物Grog,/scp-1435,435
SCP-1436 - 概率不死鸟,/scp-1436,436
SCP-1437 - 通往别处的洞,/scp-1437,437
SCP-1438 - “入侵者”游戏,/scp-1438,438
SCP-1439 - 系列贴纸,/scp-1439,439
三重败局,/thrice,440-1
空虚永夜,/empty-nights,440-2
Three Short Scenes About Death,/three-short-scenes-about-death,440-3
群星不待,/the-stars-do-not-wait-for-you,440-4
Into That Good Night （诗篇）,/into-that-good-night,440-5
ΩK,/omega-k,440-6
SCP-1440 - 不知来处的老人,/scp-1440,440-0
SCP-1441 - 冷聚变厕纸架,/scp-1441,441
SCP-1442 - 集合公司,/scp-1442,442
SCP-1443 - 地狱蝶藤,/scp-1443,443
SCP-1444 - A Gravedigger for the Forgotten,/scp-1444,444
SCP-1445 - 古董航天器,/scp-1445,445
SCP-1446 - 形而上涂鸦,/scp-1446,446
SCP-1447 - 幻人,/scp-1447,447
SCP-1448 - 传奇幻境,/scp-1448,448
SCP-1449 - 梦时代鲸鲨,/scp-1449,449
SCP-1450 - 晕色虫,/scp-1450,450
SCP-1451 - 沉没之子的周界,/scp-1451,451
SCP-1452 - 可怖房屋添附,/scp-1452,452
SCP-1453 - Opalus Probandi,/scp-1453,453
SCP-1454 - 相煎何急,/scp-1454,454
SCP-1455 - 走路门,/scp-1455,455
SCP-1456 - “你赢啦！”,/scp-1456,456
苏醒,/waking,457-1
梦乡,/slumbering,457-2
Second Quarto （诗篇）,/second-quarto,457-3
SCP-1457 - 孝衣蝶,/scp-1457,457-0
SCP-1458 - The Tired Mother,/scp-1458,458
SCP-1459 - 虐狗机,/scp-1459,459
SCP-1460 - 梦行者,/scp-1460,460
SCP-1461 - House of the Worm,/scp-1461,461
SCP-1462 - Renewable Energy Source,/scp-1462,462
SCP-1463 - Comprehension/Invasion/Evasion,/scp-1463,463
SCP-1464 - Pond of Atrocities,/scp-1464,464
SCP-1465 - 摄影彩虹女神,/scp-1465,465
SCP-1466 - A Canary,/scp-1466,466
I Forget Myself in This Wondrous Night,/i-forget-myself-in-this-wondrous-night,467-1
SCP-1467 - 不存在的男人,/scp-1467,467-0
Arbitrary Darkness （诗篇）,/arbitrary-darkness,468-1
SCP-1468 - 文学鸟,/scp-1468,468-0
SCP-1469 - 甜心小屋,/scp-1469,469
SCP-1470 - 传心蜘蛛,/scp-1470,470
Capone,/capone,471-1
Tasers & Thermite,/tasers-thermite,471-2
Kit's Horror Hospital Of Horror,/kit-s-horror-hospital-of-horror,471-3
SCP-1471 - MalO 1.0.0版,/scp-1471,471-0
SCP-1472 - 多元宇宙脱衣舞夜总会,/scp-1472,472
SCP-1473 - Live the Words,/scp-1473,473
SCP-1474 - 声援齐天大圣Xiu Lidao,/scp-1474,474
SCP-1475 - 100%脑力,/scp-1475,475
SCP-1476 - 粉碎的大雁,/scp-1476,476
SCP-1477 - The Philosopher's Stove,/scp-1477,477
SCP-1478 - 刻板印象仙人掌,/scp-1478,478
SCP-1479 - 里面-外面,/scp-1479,479
SCP-1480 - 64号巴士,/scp-1480,480
SCP-1481 - 没吃药的灯神,/scp-1481,481
SCP-1482 - 分肢动物房,/scp-1482,482
南极交流中心页（系列中心）,/antarctic-exchange-hub,483-1
The Glorious Revolution,/the-glorious-revolution,483-2
Life in the Multiverse,/life-in-the-multiverse,483-3
On the Other Side of the Coin,/on-the-other-side-of-the-coin,483-4
SCP-1483 - 第三南极帝国,/scp-1483,483-0
SCP-1484 - 谋杀日记,/scp-1484,484
Fear Not,/fear-not,485-1
SCP-1485 - 正常,/scp-1485,485-0
SCP-1486 - 「班尼」,/scp-1486,486
SCP-1487 - 美丽的骨头,/scp-1487,487
SCP-1488 - 半机械陆龟,/scp-1488,488
SCP-1489 - “幽灵列车”,/scp-1489,489
SCP-1490 - 动物雕塑家,/scp-1490,490
SCP-1491 - 像摄像机的人,/scp-1491,491
A Convincing Lyre,/a-convincing-lyre,492-1
SCP-1492 - 意外横财,/scp-1492,492-0
Counterpoint,/counterpoint,493-1
SCP-1493 - The Whispering Worms,/scp-1493,493-0
SCP-1494 - 航站楼余生,/scp-1494,494
SCP-1495 - Karmic Musth,/scp-1495,495
SCP-1496 - 史上最意蕴深厚的陈述 一套餐具,/scp-1496,496
SCP-1497 - 完美视界,/scp-1497,497
SCP-1498 - 好梦热线,/scp-1498,498
SCP-1499 - 防毒面具,/scp-1499,499
绿灰色,/green-gray,500-1
And Now， The We (EXPUNGED),/now-the-we-expunged,500-2
SCP-1500 - Zachary Callahan,/scp-1500,500-0
SCP-1501 - 募捐机器人,/scp-1501,501
SCP-1502 - 菲尼缝制师,/scp-1502,502
SCP-1503 - 旷野惧石,/scp-1503,503
They Who Find Darkness Loving,/they-who-find-darkness-loving,504-1
SCP-1504 - 路人甲,/scp-1504,504-0
SCP-1505 - 循环乌鸦,/scp-1505,505
Your Call Is Important To Us,/your-call-is-important-to-us,506-1
SCP-1506 - 浮空蛛云,/scp-1506,506-0
火烈鸟,/flamingos,507-1
SCP-1507 - 粉红火烈鸟,/scp-1507,507-0
SCP-1508 - 家务玩具,/scp-1508,508
SCP-1509 - 重生之刃,/scp-1509,509
Into That Good Night （诗篇）,/into-that-good-night,510-1
SCP-1510 - 被诅咒的军团士兵,/scp-1510,510-0
SCP-1511 - 移动乐园,/scp-1511,511
SCP-1512 - 无理根,/scp-1512,512
SCP-1513 - 盆栽宠物,/scp-1513,513
SCP-1514 - 星球大战,/scp-1514,514
SCP-1515 - 噬胎跳兔,/scp-1515,515
SCP-1516 - 字人,/scp-1516,516
SCP-1517 - 嗜糖蝉,/scp-1517,517
SCP-1518 - 泡泡喷泉,/scp-1518,518
SCP-1519 - 器官怪,/scp-1519,519
SCP-1520 - 老僧,/scp-1520,520
SCP-1521 - 待追认圣徒教皇利奥十世冕下至圣银行,/scp-1521,521
Arbitrary Darkness （诗篇）,/arbitrary-darkness,522-1
SCP-1522 - 船侣,/scp-1522,522-0
SCP-1523 - 灵魂兄弟,/scp-1523,523
SCP-1524 - 货车人,/scp-1524,524
A Keter Kinda Christmas,/a-keter-kinda-christmas,525-1
SCP-1525 - 皇帝的新表,/scp-1525,525-0
SCP-1526 - 请出示证件,/scp-1526,526
SCP-1527 - 我们的铸种匠，我们遥远的天空,/scp-1527,527
SCP-1528 - 不谐喷雾,/scp-1528,528
布莱克伍德爵士和83年的塔拉斯克大狩猎,/lord-blackwood-and-the-great-tarasque-hunt-of-83,529-1
SCP-1529 - 雪山之王,/scp-1529,529-0
SCP-1530 - 扭曲者之友,/scp-1530,530
SCP-1531 - 完美测谎仪,/scp-1531,531
SCP-1532 - Dr. Gale的人类贩售场©,/scp-1532,532
SCP-1533 - 社交者,/scp-1533,533
SCP-1534 - 叶羽胡鹫,/scp-1534,534
SCP-1535 - 炼狱,/scp-1535,535
SCP-1536 - 替身卵怪,/scp-1536,536
SCP-1537 - Akul'hil的符文,/scp-1537,537
SCP-1538 - 双压榨式挤压器操作指南,/scp-1538,538
SCP-1539 - 语义剥离器,/scp-1539,539
SCP-1540 - 虚构人生,/scp-1540,540
Arbitrary Darkness （诗篇）,/arbitrary-darkness,541-1
SCP-1541 - 醉酒的神,/scp-1541,541-0
SCP-1542 - Subject：A-35,/scp-1542,542
SCP-1543 - 通向未知的号码,/scp-1543,543
SCP-1544 - 彩虹弹簧人,/scp-1544,544
清理大羊驼拉里,/cleaning-larry,545-1
何为伦理？,/ethical,545-2
SCP-1545 - 可爱大羊驼拉里,/scp-1545,545-0
SCP-1546 - 大学健谈棒球帽,/scp-1546,546
SCP-1547 - 母亲的爱,/scp-1547,547
视频扼杀电波巨星,/now-i-understand-the-problems-you-can-see,548-1
SCP-1548 - 憎恨之星,/scp-1548,548-0
SCP-1550 - Wondertainment博士的自定义宠物™,/scp-1550,549
SCP-1551 - 重复小屋,/scp-1551,550
SCP-1552 - 爱自拍的狗,/scp-1552,551
Arbitrary Darkness （诗篇）,/arbitrary-darkness,552-1
SCP-1553 - Wondertainment博士®的影子图画工具组！,/scp-1553,552-0
SCP-1554 - 残损的《护戒使者》,/scp-1554,553
SCP-1555 - 设施,/scp-1555,554
SCP-1556 - 迷雾之马,/scp-1556,555
SCP-1557 - 长颈鹿的地狱,/scp-1557,556
SCP-1558 - 杀人天线,/scp-1558,557
SCP-1559 - 耳中鸟鸣,/scp-1559,558
SCP-1560 - 超维度信天翁,/scp-1560,559
SCP-1561 - 暴君之辞,/scp-1561,560
SCP-1562 - 隧道滑梯,/scp-1562,561
SCP-1563 - 塑料标记,/scp-1563,562
储藏项目们,/reservoir-skips,563-1
SCP-1564 - 涅槃之后,/scp-1564,563-0
SCP-1565 - Martian Turtles,/scp-1565,564
SCP-1566 - 自由拥抱,/scp-1566,565
SCP-1567 - 小镇魔车,/scp-1567,566
SCP-1568 - 巨型寄居蟹,/scp-1568,567
SPC-682,/spc-682,568-1
SCP-1569 - 触手巨虾,/scp-1569,568-0
SCP-1570 - 投影老妇,/scp-1570,569
SCP-1571 - 宝藏守护者,/scp-1571,570
SCP-1572 - 记忆地图,/scp-1572,571
SCP-1573 - 如今的孩子们,/scp-1573,572
SCP-1574 - 搜索中…,/scp-1574,573
SCP-1575 - 维纳斯雕像,/scp-1575,574
SCP-1576 - 爱迪生死者通信器,/scp-1576,575
SCP-1577 - 信号枪,/scp-1577,576
SCP-1578 - 浮空衣物,/scp-1578,577
SCP-1579 - 皮肤转化柱,/scp-1579,578
SCP-1580 - 落叶归“根”,/scp-1580,579
SCP-1581 - 均衡饮食,/scp-1581,580
SCP-1582 - 蚁人,/scp-1582,581
SCP-1583 - 防核白雾,/scp-1583,582
SCP-1584 - www.floatationdevice.███,/scp-1584,583
SCP-1585 - 红女王岛,/scp-1585,584
SCP-1586 - 胎中奇点,/scp-1586,585
SCP-1587 - 梦中乐园,/scp-1587,586
King Greenshield - A Fairy Tale,/king-greenshield-a-fairy-tale,587-1
SCP-1588 - 壁上人脸,/scp-1588,587-0
SCP-1589 - 罗马食人兽,/scp-1589,588
SCP-1590 - Tamlin之书,/scp-1590,589
繁星,/wanderers:stars,590-1
SCP-1591 - 坠星,/scp-1591,590-0
SCP-1592 - 天堂电视,/scp-1592,591
SCP-1593 - 拖拽指骨,/scp-1593,592
SCP-1594 - 地下小队,/scp-1594,593
別再,/no-more,594-1
Arbitrary Darkness （诗篇）,/arbitrary-darkness,594-2
SCP-1595 - 时间之外,/scp-1595,594-0
SCP-1596 - 火起萧墙,/scp-1596,595
SCP-1597 - 浮毯,/scp-1597,596
SCP-1598 - 不可预见的挫折,/scp-1598,597
Into That Good Night （诗篇）,/into-that-good-night,598-1
SCP-1599 - 破损机谍,/scp-1599,598-0
SCP-1600 - 贤者奶酪,/scp-1600,599
SCP-1601 - [已编辑]的记录,/scp-1601,600
SCP-1602 - 浴帘背后,/scp-1602,601
SCP-1603 - █████ ███████谋杀案,/scp-1603,602
SCP-1604 - 锁链和球,/scp-1604,603
SCP-1605 - 呼唤十字架,/scp-1605,604
SCP-1606 - 记忆丧失,/scp-1606,605
SCP-1607 - 文化发生器,/scp-1607,606
SCP-1608 - 浮空鲸鱼,/scp-1608,607
物理部门威胁实体数据库摘要,/goc-supplemental-threat-entities,608-1
SCP-1609 - 椅子的残骸,/scp-1609,608-0
SCP-1610 - 请继续测试,/scp-1610,609
SCP-1611 - 被看守的公寓,/scp-1611,610
SCP-1612 - Pangloss之火,/scp-1612,611
SCP-1613 - 《口头愚者》,/scp-1613,612
SCP-1614 - The Flea,/scp-1614,613
SCP-1615 - 光合作用玛娜,/scp-1615,614
Holy Science（系列中心）,/holy-science,615-1
SCP-1616 - 饕餮鼠,/scp-1616,615-0
SCP-1617 - 破解版经典,/scp-1617,616
SCP-1618 - 金便池,/scp-1618,617
墨港 （系列中心）,/pitch-haven-hub,618-1
First Quarto （诗篇）,/first-quarto,618-2
SCP-1619 - Site-45-C的第24层,/scp-1619,618-0
SCP-1620 - 镜像感染,/scp-1620,619
SCP-1621 - 一个有用的植物,/scp-1621,620
SCP-1622 - 奢享奶酪,/scp-1622,621
SCP-1623 - Night Marches,/scp-1623,622
SCP-1624 - 心头虫,/scp-1624,623
SCP-1625 - 起源传说,/scp-1625,624
SCP-1626 - 醉酒衫,/scp-1626,625
SCP-1627 - 蘑菇战争,/scp-1627,626
SCP-1628 - 1812号储存通道,/scp-1628,627
SCP-1629 - 准备好了没,/scp-1629,628
SCP-1630 - 人类膳食金字塔,/scp-1630,629
SCP-1631 - The Ghost Vehicle,/scp-1631,630
SCP-1632 - 离婚律师,/scp-1632,631
SCP-1633 - 最危险的电子游戏,/scp-1633,632
SCP-1634 - Dental Crown Cinema,/scp-1634,633
SCP-1635 - Returned Items,/scp-1635,634
SCP-1636 - 不死的皮囊,/scp-1636,635
Samsara,/samsara,636-1
SCP-1637 - 未来军团,/scp-1637,636-0
Enjoy the Silence,/enjoy-the-silence,637-1
The Musical Suspects,/the-musical-suspects,637-2
SCP-1638 - 寂静,/scp-1638,637-0
SCP-1639 - 爵士电台,/scp-1639,638
Arbitrary Darkness （诗篇）,/arbitrary-darkness,639-1
SCP-1640 - 月兔,/scp-1640,639-0
SCP-1641 - 焰火蝶,/scp-1641,640
SCP-1642 - Dr. Wondertainment的畅享青春片™,/scp-1642,641
SCP-1643 - The City and the Tower,/scp-1643,642
SCP-1644 - 方尖碑,/scp-1644,643
SCP-1645 - 蝮蛇与病毒,/scp-1645,644
Rainier Night,/rainier-night,645-1
SCP-1646 - 仇杀,/scp-1646,645-0
SCP-1647 - 学术外活动日志,/scp-1647,646
SCP-1648 - The Hunch and The Huzzard,/scp-1648,647
SCP-1649 - Heck and Becker's Timely Hour,/scp-1649,648
SCP-1650 - Macabee Oil,/scp-1650,649
SCP-1651 - 嘉年华礼品,/scp-1651,650
SCP-1652 - Mercy in the Storm,/scp-1652,651
SCP-1653 - 我愿,/scp-1653,652
SCP-1654 - 调谐信号一片死寂,/scp-1654,653
SCP-1655 - 悲伤蜱,/scp-1655,654
SCP-1656 - 吃醋的胳膊,/scp-1656,655
SCP-1657 - 人蛋,/scp-1657,656
SCP-1658 - 文字霉菌,/scp-1658,657
衰败机器中心页 （系列中心）,/comedown-machine-hub,658-1
黄,/yellow,658-2
SCP-1659 - K理事会,/scp-1659,658-0
SCP-1660 - 地外森林,/scp-1660,659
SCP-1661 - 格雷姆林,/scp-1661,660
SCP-1662 - 穷人信箱,/scp-1662,661
SCP-1663 - 收容站点1663-0,/scp-1663,662
SCP-1664 - 活墨水,/scp-1664,663
SCP-1665 - 填字游戏,/scp-1665,664
SCP-1666 - 恶魔之乐,/scp-1666,665
SCP-1667 - 你会穿上我,/scp-1667,666
SCP-1668 - 使我们远离智识,/scp-1668,667
SCP-1669 - 自杀循环,/scp-1669,668
SCP-1670 - 跨维度煎饼屋,/scp-1670,669
SCP-1671 - 尸骸矿井,/scp-1671,670
SCP-1672 - 箱内思维,/scp-1672,671
Into That Good Night （诗篇）,/into-that-good-night,672-1
Lonely,/lonely,672-2
SCP-1673 - 友好的墓地,/scp-1673,672-0
SCP-1674 - Camera Obscura,/scp-1674,673
SCP-1675 - 大雁终结者,/scp-1675,674
SCP-1676 - Customer Loyalty Program,/scp-1676,675
SCP-1677 - The Song Stuck In Your Head,/scp-1677,676
SCP-1678 - 镜像伦敦,/scp-1678,677
Vacation Opportunity,/vacation-opportunity,678-1
SCP-1679 - 死后的民选,/scp-1679,678-0
SCP-1680 - Tyler,/scp-1680,679
SCP-1681 - 美国偶像,/scp-1681,680
SCP-1682 - 太阳寄生虫,/scp-1682,681
SCP-1683 - 登月卧室,/scp-1683,682
SCP-1684 - Viral Realty,/scp-1684,683
SCP-1685 - 揽胜处,/scp-1685,684
SCP-1686 - 鱼雨,/scp-1686,685
SCP-1687 - 小提琴,/scp-1687,686
SCP-1688 - 头脑风暴,/scp-1688,687
SCP-1689 - 土豆一麻袋,/scp-1689,688
SCP-1690 - 寿司人和芥末像,/scp-1690,689
SCP-1691 - 旋转门,/scp-1691,690
SCP-1692 - 还阳,/scp-1692,691
SCP-1693 - 会传染的痴呆症,/scp-1693,692
SCP-1694 - 金星幽灵,/scp-1694,693
SCP-1695 - 马戏团设施,/scp-1695,694
SCP-1696 - Wondertainment博士的小小宇宙大爆炸™,/scp-1696,695
SCP-1697 - 模型父亲,/scp-1697,696
SCP-1698 - 你去不了的地方,/scp-1698,697
SCP-1699 - 自卑火山,/scp-1699,698
SCP-1700 - 血汗工厂,/scp-1700,699
SCP-1701 -,/scp-1701,700
SCP-1702 - 法国蜂巢,/scp-1702,701
SCP-1703 - 微辐射灯泡,/scp-1703,702
SCP-1704 - 已竟的事业,/scp-1704,703
SCP-1705 - A Collection of Bones,/scp-1705,704
SCP-1706 - Eater of Dreams,/scp-1706,705
SCP-1707 - New Skin,/scp-1707,706
SCP-1708 - The Hollowed,/scp-1708,707
SCP-1709 - 胚胎合成人,/scp-1709,708
SCP-1710 - 为树一生,/scp-1710,709
SCP-1711 - 你说我的语言,/scp-1711,710
SCP-1712 - 1959年8月11日的一桩怪事,/scp-1712,711
SCP-1713 - 机械奇物,/scp-1713,712
SCP-1714 - 简约物理学,/scp-1714,713
SCP-1715 - 网上好友,/scp-1715,714
Third Death,/third-death,715-1
SCP-1716 - 有缺陷的延寿机,/scp-1716,715-0
SCP-1717 - Green ACRES,/scp-1717,716
SCP-1718 - 实验性收容单元,/scp-1718,717
SCP-1719 - Harrison-Grey效应,/scp-1719,718
SCP-1720 - 被劫持的太空探测器,/scp-1720,719
SCP-1721 - 文艺旋转,/scp-1721,720
SCP-1722 - 倔老头的手杖,/scp-1722,721
SCP-1723 - 无线电干涉女,/scp-1723,722
SCP-1724 - 灵魂测量仪,/scp-1724,723
SCP-1725 - 时尚员工,/scp-1725,724
SCP-1726 - 图书馆与石碑,/scp-1726,725
SCP-1727 - 汽车-天国,/scp-1727,726
SCP-1728 - 黄油无头强盗,/scp-1728,727
SCP-1729 - The Collectors,/scp-1729,728
SCP-1730 - Site-13发生了什么？,/scp-1730,729
SCP-1731 - 徒劳的冰箱仪式,/scp-1731,730
SCP-1732 - 罗马狮皇,/scp-1732,731
Ennui,/ennui,732-1
The Revolution Will Be Televised,/the-revolution-will-be-televised,732-2
We Interrupt this Program,/we-interrupt-this-program,732-3
First Quarto （诗篇）,/first-quarto,732-4
SCP-1733 - 开季赛,/scp-1733,732-0
SCP-1734 - 甲板上的洞,/scp-1734,733
SCP-1735 - 难以逾越的障碍,/scp-1735,734
SCP-1736 - 光明之音,/scp-1736,735
SCP-1737 - “救死”裁判,/scp-1737,736
SCP-1738 - 恐惧采样器,/scp-1738,737
SCP-1739 - 旧电脑,/scp-1739,738
SCP-1740 - 被游乐场,/scp-1740,739
SCP-1741 - A Boat Ride,/scp-1741,740
SCP-1742 - 肮脏住宅,/scp-1742,741
SCP-1743 - A Situation Comedy,/scp-1743,742
SCP-1744 - 贝壳密语,/scp-1744,743
SCP-1745 - 幻影直升机,/scp-1745,744
SCP-1746 - 异常天气模式,/scp-1746,745
SCP-1747 - 过往，而今，已然不在,/scp-1747,746
SCP-1748 - The Dragon's Legacy,/scp-1748,747
SCP-1749 - 环美杀人信使,/scp-1749,748
SCP-1750 - 型号TH-223,/scp-1750,749
SCP-1751 - Event Perception,/scp-1751,750
SCP-1752 - Helpline,/scp-1752,751
SCP-1753 - 眩晕画,/scp-1753,752
SCP-1754 - 去头头骨,/scp-1754,753
SCP-1755 - 食棉虫,/scp-1755,754
SCP-1756 - 影评再现人世间,/scp-1756,755
SCP-1757 - Recorded Curio,/scp-1757,756
SCP-1758 - 啊！我亲爱的爸爸,/scp-1758,757
SCP-1759 - “可爱露西”,/scp-1759,758
15-11-2012,/15-11-2012,759-1
SCP-1760 - 棺材花园,/scp-1760,759-0
SCP-1761 - 阿诺德·菲茨威廉姆斯共和国,/scp-1761,760
Dragon's Fall,/dragon-s-fall,761-1
Second Quarto （诗篇）,/second-quarto,761-2
SCP-1762 - 龙之归宿,/scp-1762,761-0
SCP-1763 - 异空间剧院,/scp-1763,762
SCP-1764 - DARD信息管制措施,/scp-1764,763
SCP-1765 - 三姐妹,/scp-1765,764
SCP-1766 - 雷达标记,/scp-1766,765
SCP-1767 - An Urban Slump,/scp-1767,766
SCP-1768 - 地板上的游戏,/scp-1768,767
SCP-1769 - 宠儿,/scp-1769,768
锁链,/chains,769-1
SCP-1770 - 锁链制造者,/scp-1770,769-0
SCP-1771 - 季节屋,/scp-1771,770
SCP-1772 - "Egg" Allergy,/scp-1772,771
SCP-1773 - 软糖生物,/scp-1773,772
SCP-1774 - The Proof的装备,/scp-1774,773
SCP-1775 - 幽灵商场,/scp-1775,774
SCP-1776 - 爱国者的闹剧,/scp-1776,775
SCP-1777 - 国王洞,/scp-1777,776
使命宣言,/mission-statement,777-1
SCP-1778 - 英勇,/scp-1778,777-0
SCP-1779 - 食币蜥,/scp-1779,778
Regret,/regret,779-1
Incursion,/incursion,779-2
带有"thad-xyank"标签的页面,http://scp-wiki-cn.wikidot.com/system:page-tags/tag/thad-xyank#pages,779-3
SCP-1780 - 时间异常部,/scp-1780,779-0
SCP-1781 - 月光剧场出品：雨果·维文专场,/scp-1781,780
The Special Bond Between Child and Mother,/the-special-bond-between-child-and-mother,781-1
Holy Science（系列中心）,/holy-science,781-2
SCP-1782 - Tabula Rasa,/scp-1782,781-0
SCP-1783 - 纸板恶犬,/scp-1783,782
SCP-1784 - 飞天树懒,/scp-1784,783
SCP-1785 - 玫瑰不问芳名,/scp-1785,784
SCP-1786 - 划艇,/scp-1786,785
SCP-1787 - 雕狗师,/scp-1787,786
SCP-1788 - 大人,/scp-1788,787
SCP-1789 - Irate Finger,/scp-1789,788
SCP-1790 - 莱拉,/scp-1790,789
SCP-1791 - 随行之家,/scp-1791,790
SCP-1792 - Viral Video,/scp-1792,791
SCP-1793 - 快乐的兔子,/scp-1793,792
SCP-1794 - 智能葡萄柚,/scp-1794,793
Merrily， Merrily， Merrily,/merrily-merrily-merrily,794-1
使命宣言,/mission-statement,794-2
SCP-1795 - 孕星子宫,/scp-1795,794-0
SCP-1796 - 顶级机密文件,/scp-1796,795
SCP-1797 - 小猫流感,/scp-1797,796
The Magnificent Squelching Blunderbuggers Hub,/squelching-blunderbuggers-hub,797-1
SCP-1798 - Children of the void,/scp-1798,797-0
They Who Find Darkness Loving,/they-who-find-darkness-loving,798-1
SCP-REDD,/scp-redd,798-2
愚人博物馆,/museum-of-idiots,798-3
SCP-1799 - 欢笑先生,/scp-1799,798-0
SCP-1800 - 米洛陶,/scp-1800,799
SCP-1801 - 合体病,/scp-1801,800
Into That Good Night （诗篇）,/into-that-good-night,801-1
On The Seventh Day Of Christmas,/on-the-seventh-day-of-christmas,801-2
Reality， Innocents,/reality-innocents,801-3
SCP-1802 - “Skip”,/scp-1802,801-0
SCP-1803 - 拼贴画,/scp-1803,802
SCP-1804 - Underwood #5,/scp-1804,803
SCP-1805 - A Real Doll,/scp-1805,804
SCP-1806 - 影雕像,/scp-1806,805
SCP-1807 - 家，甜蜜的㺢㹢狓,/scp-1807,806
SCP-1808 - 海绵宝宝拷问手表,/scp-1808,807
SCP-1809 - 细胞炒房团,/scp-1809,808
SCP-1810 - Pierrot先生,/scp-1810,809
SCP-1811 - Shelf Life,/scp-1811,810
SCP-1812 - 外月模因,/scp-1812,811
SCP-1813 - 薛定谔,/scp-1813,812
SCP-1814 - 石化火焰,/scp-1814,813
SCP-1815 - 水星幽灵,/scp-1815,814
SCP-1816 - 悉心照料,/scp-1816,815
SCP-1817 - 雾中怪客,/scp-1817,816
SCP-1818 - 飞行兔子,/scp-1818,817
SCP-1819 - 肤浅的黑暗,/scp-1819,818
SCP-1820 - 迷路小屋,/scp-1820,819
SCP-1821 - 熄光囊咽鱼,/scp-1821,820
SCP-1822 -,/scp-1822,821
SCP-1823 - 残酷之地的石头,/scp-1823,822
SCP-1824 - 母亲的儿子,/scp-1824,823
SCP-1825 - 搗毀彈珠台,/scp-1825,824
SCP-1826 - 狂猎的余孽,/scp-1826,825
SCP-1827 - 火鸡陷阱,/scp-1827,826
SCP-1828 - 精确娃娃屋,/scp-1828,827
SCP-1829 - 肉食性水上滑梯,/scp-1829,828
SCP-1830 - 守护者投影,/scp-1830,829
SCP-1831 - The Tower and The Hermit,/scp-1831,830
Arbitrary Darkness （诗篇）,/arbitrary-darkness,831-1
SCP-1832 - 伪信念治疗师,/scp-1832,831-0
追忆,/remembrance,832-1
July 5th， 1975,/acts-of-abuse,832-2
SCP-1833 - 76级班级年鉴,/scp-1833,832-0
SCP-1834 - 鱼骨乌列尔,/scp-1834,833
SCP-1835 - Rupertian飞艇,/scp-1835,834
SCP-1836 - 冰中的母亲,/scp-1836,835
我的上级,/boss-of-me,836-1
SCP-1837 - 强酸拖把,/scp-1837,836-0
SCP-1838 - 鲍伯,/scp-1838,837
SCP-1839 - 硬骨鱼的生殖,/scp-1839,838
SCP-1840 - 长存的尸体,/scp-1840,839
SCP-1841 - 应见的如此之多，未见的如此之多,/scp-1841,840
SCP-1842 - Wondertainment博士的魔法微波炉！,/scp-1842,841
SCP-1843 - 羔羊之神,/scp-1843,842
SCP-1844 - 坐标31.7███° N， 35.1███° E,/scp-1844,843
外交,/goc-tale-sequence-diplomacy,844-1
My Dearest Mary,/my-dearest-mary,844-2
宗座从缺,/sede-vacante,844-3
A Keter Kinda Christmas,/a-keter-kinda-christmas,844-4
SCP-1845 - 封建动物王国,/scp-1845,844-0
SCP-1846 - 玉米天使,/scp-1846,845
SCP-1847 - The Rake,/scp-1847,846
SCP-1848 - [拒绝访问],/scp-1848,847
SCP-1849 - 传心茶壶,/scp-1849,848
SCP-1850 - 索普威思雀鹰,/scp-1850,849
SCP-1851 - 玩偶屋,/scp-1851,850
SCP-1852 - Dictus Ultima,/scp-1852,851
SCP-1853 - Performance Enhancer,/scp-1853,852
SCP-1854 - 消费主义,/scp-1854,853
SCP-1855 - Old Roads,/scp-1855,854
SCP-1856 - 死者之蚀,/scp-1856,855
SCP-1857 - Cultist Skull,/scp-1857,856
SCP-1858 - 捉对厮杀,/scp-1858,857
SCP-1859 - 跨年代生命,/scp-1859,858
She Remembered Me,/she-remembered-me,859-1
A Convincing Lyre,/a-convincing-lyre,859-2
Counterpoint,/counterpoint,859-3
SCP-1860 - 哀歌,/scp-1860,859-0
SCP-1861 - HMS Wintersheimer的船员们,/scp-1861,860
SCP-1862 - 含氟人,/scp-1862,861
Arbitrary Darkness （诗篇）,/arbitrary-darkness,862-1
SCP-1863 - 莱姆飞升和沙士奶昔,/scp-1863,862-0
SCP-1864 - 孤独的说谎者,/scp-1864,863
SCP-1865 - TaoTao,/scp-1865,864
SCP-1866 - The Phone Bill,/scp-1866,865
绅士探险家布莱克伍德爵士冒险史 （系列中心）,/new,866-1
A Keter Kinda Christmas,/a-keter-kinda-christmas,866-2
Habil and Qabil,/habil-and-qabil,866-3
SCP-1867 - 一位绅士,/scp-1867,866-0
储藏项目们,/reservoir-skips,867-1
SCP-1868 - Speaks For Her,/scp-1868,867-0
SCP-1869 - 森林的寂静,/scp-1869,868
SCP-1870 - 跳过记录,/scp-1870,869
SCP-1871 - 斩首剑,/scp-1871,870
SCP-1872 - 车用激光指示器,/scp-1872,871
SCP-1873 - What's in the box?,/scp-1873,872
SCP-1874 - 嗞轟咩,/scp-1874,873
储藏项目们,/reservoir-skips,874-1
SCP-1875 - 古董象棋计算机,/scp-1875,874-0
SCP-1876 - 自私的牙刷,/scp-1876,875
SCP-1877 - 地球之肠,/scp-1877,876
SCP-1878 - 送奶工模仿怪,/scp-1878,877
SCP-1879 - 室内推销员,/scp-1879,878
SCP-1880 - 千相宝石,/scp-1880,879
SCP-1881 - 街机,/scp-1881,880
SCP-1882 - MC&D电视机,/scp-1882,881
SCP-1883 - 游戏化,/scp-1883,882
SCP-1884 - Rezarta女士和她的奇妙手掌阅读器,/scp-1884,883
SCP-1885 - 放射性磨牙,/scp-1885,884
SCP-1886 - 越多越热闹,/scp-1886,885
SCP-1887 - 量子机械,/scp-1887,886
SCP-1888 - Terraforming Temple,/scp-1888,887
SCP-1889 - 微积分陷阱,/scp-1889,888
SCP-1890 - 伯尼费家的相簿,/scp-1890,889
SCP-1891 - 建筑师,/scp-1891,890
SCP-1892 - 精神病椅,/scp-1892,891
Iteration F （成人内容）,/iteration-f,892-1
SCP-1893 - 米诺陶的故事,/scp-1893,892-0
SCP-1894 - 节食课程,/scp-1894,893
SCP-1895 - 作弊赌博机,/scp-1895,894
SCP-1896 - 伯尼费家的秋千,/scp-1896,895
SCP-1897 - 人类教化社区,/scp-1897,896
SCP-1898 - 非欧几里得构造体,/scp-1898,897
卿发芬芳,/stop,898-1
SCP-1899 - 悬停的子弹,/scp-1899,898-0
SCP-1900 - Dr. Bryshevskiy的书,/scp-1900,899
SCP-1901 - 猫王未死,/scp-1901,900
SCP-1902 - 失忆的废品神,/scp-1902,901
墨港 （系列中心）,/pitch-haven-hub,902-1
First Quarto （诗篇）,/first-quarto,902-2
SCP-1903 - Jackie的秘密,/scp-1903,902-0
SCP-1904 - 子宫游乐管,/scp-1904,903
SCP-1905 - 恐龙猎人6型,/scp-1905,904
SCP-1906 - 愉快的读书处,/scp-1906,905
SCP-1907 - The Nexus,/scp-1907,906
愚人博物馆,/museum-of-idiots,907-1
SCP-1908 - 肥皂先生,/scp-1908,907-0
SCP-1909 - 征服者之墓,/scp-1909,908
SCP-1910 - 植物修复烟斗,/scp-1910,909
SCP-1911 - 老太婆上门,/scp-1911,910
SCP-1912 - A Sticky Pocket Watch,/scp-1912,911
SCP-1913 - 复仇女神,/scp-1913,912
SCP-1914 - 翻新步兵,/scp-1914,913
群星不待,/the-stars-do-not-wait-for-you,914-1
SCP-1915 - 维持现状,/scp-1915,914-0
SCP-1916 - 零-惊奇！月亮石™,/scp-1916,915
SCP-1917 - The Industrial Priest's Forever-Sermon,/scp-1917,916
SCP-1918 - 井字棋,/scp-1918,917
SCP-1919 - 复制酒店,/scp-1919,918
SCP-1920 - 未来风轮机！,/scp-1920,919
SCP-1921 - 黑色棉花糖,/scp-1921,920
SCP-1922 - 不稳定死亡,/scp-1922,921
SCP-1923 - 小行星森林,/scp-1923,922
SCP-1924 - 支离人,/scp-1924,923
SCP-1925 - 亲爱的Caroline,/scp-1925,924
Little Ones,/little-ones,925-1
Habil and Qabil,/habil-and-qabil,925-2
SCP-1926 - The Mewts,/scp-1926,925-0
SCP-1927 - 伪装爬行者,/scp-1927,926
SCP-1928 - 博尼费家相簿,/scp-1928,927
SCP-1929 - 尘土诡事,/scp-1929,928
SCP-1930 - 盒中医生,/scp-1930,929
SCP-1931 - 飞天之咬,/scp-1931,930
SCP-1932 - 异感游乐场,/scp-1932,931
SCP-1933 - 百利甜圣诞老人,/scp-1933,932
SCP-1934 - 缺乏之缺乏,/scp-1934,933
群星不待,/the-stars-do-not-wait-for-you,934-1
SCP-1935 - 空屋,/scp-1935,934-0
不是参赛作品，就是篇关于诸神的搞笑文,/party-of-gods,935-1
The Great Site-87 Bakesale,/the-great-site-87-bakesale,935-2
SCP-1936 - 山谷港,/scp-1936,935-0
SCP-1937 - 自爱木屋,/scp-1937,936
SCP-1938 - Wondertainment博士的惊奇潜水槽®,/scp-1938,937
SCP-1939 - 纳粹收音机,/scp-1939,938
SCP-1940 - 随处商店,/scp-1940,939
SCP-1941 - 月球冯·诺依曼现象,/scp-1941,940
SCP-1942 - 勤勉蚂蚁,/scp-1942,941
SCP-1943 - 未发现异常,/scp-1943,942
SCP-1944 - 升华汉堡,/scp-1944,943
SCP-1945 - 异度电视信号,/scp-1945,944
SCP-1946 - 餐馆模拟人,/scp-1946,945
SCP-1947 - 辐射球体,/scp-1947,946
SCP-1948 - 气象鸟,/scp-1948,947
SCP-1949 - 乔纳森·哈里斯,/scp-1949,948
SCP-1950 - 传染性时间循环,/scp-1950,949
SCP-1951 - 核子家庭,/scp-1951,950
SCP-1952 - Duckutus of Gorb,/scp-1952,951
SCP-1953 - Artist Stomach Bugs,/scp-1953,952
SCP-1954 - Helen Homemaker给家庭怨妇的提示,/scp-1954,953
SCP-1955 - 金星的脾脏吞噬者！,/scp-1955,954
SCP-1956 - 音乐侏儒,/scp-1956,955
SCP-1957 - 清洁度,/scp-1957,956
SCP-1958 - 魔法巴士,/scp-1958,957
I Wish To Be An Asteroid， Burning To Nothing,/i-wish-to-be-an-asteroid-burning-to-nothing,958-1
地面控制,/ground-control,958-2
Envying the Dead,/envying-the-dead,958-3
SCP-1959 - 迷失的宇航员,/scp-1959,958-0
SCP-1960 - 海王星传来的信息,/scp-1960,959
SCP-1961 - Transformation Booth,/scp-1961,960
SCP-1962 - 古埃及超兵器,/scp-1962,961
SCP-1963 - Very Funny Slingshot,/scp-1963,962
SCP-1964 - 异常电视,/scp-1964,963
A Keter Kinda Christmas,/a-keter-kinda-christmas,964-1
SCP-1965 - 寂静之中的赞颂曲,/scp-1965,964-0
SCP-1966 - 安检X光机,/scp-1966,965
SCP-1967 - 幻象捷径,/scp-1967,966
SCP-1968 - 全球性因果重构环,/scp-1968,967
The Melody Of Autumn， Passing Into Winter,/the-melody-of-autumn-passing-into-winter,968-1
SCP-1969 - 迪斯科地狱,/scp-1969,968-0
SCP-1970 - 电视里的小人,/scp-1970,969
SCP-1971 - 不存在的小镇,/scp-1971,970
To Settle All Accounts of the Heart,/to-settle-all-accounts-of-the-heart,971-1
SCP-1972 - 婊子与警察,/scp-1972,971-0
SCP-1973 - 沉陷地,/scp-1973,972
Anart Antics,/anart-antics,973-1
SCP-1974 - 资本主义缸和共产主义水,/scp-1974,973-0
SCP-1975 - 害人草裙舞女,/scp-1975,974
SCP-1976 - 父与子,/scp-1976,975
SCP-1977 - 风暴之眼,/scp-1977,976
SCP-1978 - 不完美的救贖,/scp-1978,977
SCP-1979 - 相对论跑步机,/scp-1979,978
SCP-1980 - 外星入侵,/scp-1980,979
在思考时被肢解,/cut-up-while-thinking,980-1
SCP-1797-J,/scp-1797-j,980-2
SPC-1981,/spc-1981,980-3
Robinson博士的供述,/dr-robinsons-statement,980-4
旧堪萨斯区第十一章：幕间休息,/old-kansas-sector-part-11,980-5
The Revolution Will Be Televised,/the-revolution-will-be-televised,980-6
平静的日子,/quiet-days,980-7
SCP-1981 - “割喉里根”,/scp-1981,980-0
SCP-1982 - 第一南方第五教会,/scp-1982,981
Parker先生,/mr-parker,982-1
SCP-1983 - 死境之门,/scp-1983,982-0
Win Condition,/win-condition,983-1
SCP-1984 - 死手,/scp-1984,983-0
SCP-1985 - 回收到的K级情景研究,/scp-1985,984
SCP-1986 - 虚构图书馆,/scp-1986,985
SCP-1987 - 死者议会,/scp-1987,986
SCP-1988 - 屋之息,/scp-1988,987
SCP-1989 - 神奇影碟机,/scp-1989,988
SCP-1990 - 平庸的愿望满足者,/scp-1990,989
SCP-1991 - 奴犬,/scp-1991,990
SCP-1992 - 模棱两可的移动屋,/scp-1992,991
SCP-1993 - 谁人之足,/scp-1993,992
SCP-1994 - 腐烂,/scp-1994,993
SCP-1995 - 无限恶魔机,/scp-1995,994
SCP-1996 - 旅行陷阱,/scp-1996,995
SCP-1997 - 无限趣味书,/scp-1997,996
SCP-1998 - 标准精神印刻枪,/scp-1998,997
SCP-1999 - “Loewes”,/scp-1999,998
