title,link,detail,cn,type
"SCP-083-D - ""公爵”",/decomm:scp-083-d,"<p><strong>项目编号：</strong>SCP-083-D</p><p><strong>项目等级：</strong>Decommissioned</p><p><strong>特殊收容措施：</strong><span style=""text-decoration: line-through;"">SCP-083在0700到1900应被锁在其收容区域之中，其余时候他可以自由在其余的收容站点之中漫步，但这必须要在至少一打2级以上人员的持续监视之下进行。它的收容措施要按照SCP-083所要求的进行装潢和布置，只要他的要求不违背标准SCP收容协议。</span></p><p><span style=""text-decoration: line-through;"">访问者只允许在1100-1400之间进入SCP-083的收容区域。但是，请告知所有的女性人员对于SCP-083不建议进行感情接触。如果你觉得已经对SCP-083开始投入了感情，请立刻与工作人员之中的心理专家马上进行联系。我们还想提醒██████小姐、███小姐和█████博士在SCP-083的收容区域之中有着数个监控摄像机。</span></p><p><span style=""text-decoration: line-through;"">每一天在0847-2047之间，一个含有A、B或者AB型，来自于一名人类处女的血液的血包都将会被放置于SCP-083的收容措施之中，并且在那之后SCP-083的收容设置都应该至少封锁一个小时。如果没有做到这一点，所有登记到项目SCP-083上的工作人员都会被处决。在SCP-083没有被喂养的情况下，疏散计划083-A（evacuation procedure 083-A）应第一时间实施。</span></p><p><span style=""text-decoration: line-through;"">SCP-083没有表现出任何想要逃走的趋势，并且宣言说“我喜欢这里，我他妈的差不多得到了我想要的所有东西。”但是，该项目已经表现出对于同在Site ███████████████的数个SCP日渐增长的好奇心。██████████博士建议出于安全的考虑，该项目不允许出现在任何SCP的收容设施之中。</span>见附录083-D-1。</p><p><strong>描述：</strong>SCP-083表现为一名在20岁到26岁之间的高加索男性。黑发，褐眼，身高1.83m。通常穿着不显眼的衣着。项目通常将他自己的名字称为“公爵”，但是他并不介意被人称为SCP-083或者仅仅只是83。他将他的大部分时间都花在漫步于Site ███████████████之中，或者花费在娱乐室里，和工作人员进行交谈。</p><p>SCP-083没有物理上的进食需求，尽管它经常要求食物。他看起来偏爱肉食，并且还点了好几种为大众所知的牌子的蜜饯。项目也没有睡眠的需求，但还是在他的收容措施之中要求了一张床。当被问及此事时，项目回答：“我有的时候想躺一阵子，我不觉得这有什么奇怪的。”</p><p>与SCP-083进行了互动的人员通常都会报告说项目对于大部分的工作人员都是“亲切”并且“礼貌”的，虽然有些女性工作人员向人力资源部进行了许多的有关于他的性骚扰投诉。这种行为是极为不鼓励的，如果这种投诉持续下去的话，他将会被永远地锁在他的收容设施里了。</p><p>当对他进行了标准IQ测试的时候，他得到了155以上的分数，并且表现出了令人印象深刻的逻辑能力和问题解决能力，甚至成为了数次SCP-███、SCP-███和SCP-███突破收容的原因。当被问及他被SCP基金会捕获之前的生活，他宣称他记得许多的历史事件，最早的一件事是John Rogers在1555年被处决。他宣称见过了[数据删除]。</p><p>如果项目没有每12个小时给予血液喂食，项目将会变得暴怒而有攻击性，并且将会试图突破他的收容设施（上一次成功的尝试导致了11名特工的死亡）。这看起来就像是一种自我保护本能，就像是动物被夺走了食物，只不过这是在更大规模上发生的而已。当处于这个阶段时，SCP-083将会找出人类，并且尝试着把他们吸干。项目只能在找到符合他血液标准的人类之后才能被安抚下来。见附录083-ABO-C。当他找到一个令他满意的血液来源之后，项目将会变得嗜血，将血液完全吸干，不论那是在人体之内还是在血包之中，他只会吸吮它们。一旦满足了他的饥渴欲望，项目将会进入12小时的平和状态，并且喂食时间表要以这个新的时间循环为中心重新制定。</p><p>当他被问及这些暴怒行为时，他宣称完全没有这样的记忆，甚至有一次变得暴力。当他被给予一次测谎仪测试时[数据删除]</p><p>SCP-083似乎有着与SCP-076相似的重生能力，甚至能在明显的“死亡”情况下重生.</p><p><strong>附录：</strong>有着2级以上的安全等级的人员应该参看文档083-ABO-C，和文档25-083-076</p><p><strong>文档083-ABO-C：</strong>[实验C：血液]</p><p>在这次实验之中SCP-083将被给予数种不同的血液，在他本身没有了解的情况下。</p><p><strong>给予：</strong>O型血。<strong>反应：</strong>项目暴怒，在给予了“正常”血液剂量之后镇静下来。</p><p><strong>给予：</strong>非处女血。<strong>反应：</strong>项目暴怒，在给予了“正常”血液剂量之后镇静下来。</p><p><strong>给予：</strong>来自处男的血液。<strong>反应：</strong>083疑惑地看向四周，直视着摄像机，愁眉苦脸，就好像他是一个恶作剧的受害者。喝下剩余血液后项目没有表现出什么坏的反应。这种行为是不被推荐的，因为项目在他下一次被喂食之前变得愠怒而沉默寡言。</p><p><strong>给予：</strong>强奸受害者的血液，但在此之前她是一名处女。<strong>反应：</strong>[数据删除]，这需要4级以上安全权限，参看文档25-083-076</p><p><strong>文档25-083-076：</strong>在收容区域25之中，基于在测试083-C之中给予他的血液，项目马上暴怒了，表现出了之前从未有记录过的愤怒等级。项目成功地突破了其收容措施，这很不幸地与SCP-076-2表现出行动迹象的时间相一致。这时候安全人员已经不能同时处理来自于SCP-083和SCP-076-2的威胁了，因此对于SCP-083和SCP-076-2的收容都失败了，直接导致了高层决定对此进行增援。</p><p>在这段时间内，[数据删除]，这让SCP-083找到了一个合适的食物来源███████████ ███████博士，她马上就被杀死并且吸干了。在12小时后安全录像资料得以恢复，显示出了SCP-083恢复了其高级意识并且开始对站点之中的弹头进行引爆，因为SCP-076-2仍然在进行着逃脱尝试。在那个时候，所有的非战斗人员都已经从收容区域25之中撤离，还有大部分的可运输SCP。SCP-083闯进了曾经的，而现在已经失去了的，SCP-███（它被认为在运输过程中会导致极度危险状况）的收容房间并且成功地将它作为一把武器使用。这个行为，不管有多么轻率，都让他能够[数据删除]。他成功地挡住了SCP-076-2一段时间，这段时间已经足够让剩余的安全人员进行撤离，直到弹头被引爆，并且[数据删除]。</p><p>之后SCP-083被要求对这起事件作出解释：</p><blockquote><p><strong>&lt;文档开始&gt;</strong></p><p>█████博士：出于将来参考的目的，我必须这样问，你从哪里来？</p><p>SCP-083：当然是外太空。</p><p>█████博士：请认真对待这次采访</p><p>SCP-083：哦，被你看出来了，我事实上就来自地球。</p><p>█████博士：我需要你说得详细一些。</p><p>SCP-083：好吧，从宇宙的标准来看地球还不够特殊吗？</p><p>（项目在很长一段时间内都在回避问题，直到█████博士强行切入了另一系列的问题。）</p><p>█████博士：下一个问题，为什么你决定了破坏SCP-███的收容，并且与SCP-076-2进行战斗？</p><p>SCP-083：我觉得你的安全人员可能需要撤离，难道我不应该找到某种金属武器吗？我使用了一个Keter级的SCP作为武器，并且将我自己处于危险环境之下，并且甚至没有尝试逃跑，我这听起来已经够像个英雄的了。</p><p>█████博士：下一个问题……（█████博士被083打断了）</p><p>SCP-083：如果能授予我国会荣誉勋章会好些。</p><p>█████博士：你知道SCP-076-2的现在情况如何吗？</p><p>SCP-083：不，洗耳恭听。</p><p>[数据删除]</p><p>[数据删除]</p><p>[数据删除]</p><p><strong>&lt;文档结束&gt;</strong></p></blockquote><p><strong>附录083-D-1：</strong>报告提出了对于SCP-083的处决，这<a href=""http://scp-wiki-cn.wikidot.com/duke-till-dawn"">正被审阅</a></p>",false,decommissioned
SCP-122-D - 巨犬,/decomm:scp-122-d,"<p><strong>项目编号：</strong>SCP-122</p><p><strong>项目等级：</strong>Neutralized（先前为Safe）</p><p><strong>特殊收容措施：</strong><br />SCP-122被允许于Site ██中随意行走。由于SCP-122的收容经费被缩减（见于文件—122b），故只能于每日早上的6:03以及下午的5:05提供予其最低级的粗磨狗粮进行喂食。SCP-122的所有的排泄物都应照例妥善地于焚化炉中执行焚烧处理（见于文件-122a）。</p><p><strong>描述：</strong><br />SCP-122是一头大型犬，身高约为1.5米，身长2米。顺着SCP-122的肩胛骨（最小程度与身体的其余部分相连）生长着一对约为半米长的小型肉翼。这对肉翼上覆盖着黑色的皮毛，其结构与蝙蝠的肉翼极为相似。鉴于这对肉翼的大小相对袖珍，它们对于SCP-122是毫无用处的。SCP-122现已向它的研究团队展示了它令人印象深刻的智力，并且展示出了（在随后的研究中证明了其具有健全的）使用文字进行交流的能力。SCP-122介绍道自己是一头年轻的雄兽，体型在族群中相对较小，也因此形容自己是一头“小牛犊”。它似乎并未意识到自己是基金会目前已知的其种群中的唯一一头，并且在对它解释这一点时将会遭到了它恶毒的报复。实验表明SCP-122与普通家养狗之间的DNA关联度达到了63.5%。现已多次收集到SCP-122对于食物质量的低劣所进行的抱怨（见于文件-122b）。</p><p><strong>文件-122a：</strong></p><p>To：SCP-122项目所有成员</p><p>From：Tibor博士</p><p>鉴于最近有人抱怨SCP-122的排泄物的味道，我允许使用焚化炉对SCP-122的排泄物进行处理。</p><p><strong>文件-122b：</strong></p><p>To：SCP-122项目所有成员</p><p>From：Roth将军</p><p>挪用Site ██50%的预算用于购买给<strong>Safe级项目</strong>的龙虾、牛排、进口酒和威士忌，还有其它的<em>奢侈</em>物是极其不合适的，对此我也很遗憾！不过要是那个畜生再敢对这种事情说三道四的话，那我就宰了它!</p><p>（见于文件-122c）</p><p><strong>文件-122c：</strong></p><p>Roth将军因其寄给SCP-122项目全体成员的备忘录引起了众怒，他在今天遭到了几名D级人员的袭击作为对此事件的报复。老实说我跟其他工作人员一样都是超级喜欢SCP-122的。但我需要提醒你们的是，要是让我们的上级们提出对SCP-122进行重新分级的提议可不是一个好主意。我不得不动用一些关系才让O5-6相信SCP-122不是一个灵体生物，或是它并不能操控别人的思想。Roth将军现已被调离至其它的Site，所以你们不用再担心那个伙计了。所以，请不要再给我打打闹闹的了。<br />——Tibor博士</p><p><strong>附录122-事件239-B:</strong></p><p>在<a href=""/incident-239-b-clef-kondraki"">事件239-B（Clef-Kondraki）</a>中，SCP-122被Kain Pathos Crow失手使用<a href=""/scp-244-arc"">SCP-244-ARC</a>变成了固态晶体，遭到击杀。SCP-122当时正被锁在事件发生的区域，随后与Crow遭遇，它开始试图对Crow发动攻击，这场争斗很可能是为争夺族群中的统治地位而发生的。它直到被消灭之前一直都在攻击Crow。</p><p><strong>最终附录 122</strong><br />在随后的调查与回顾中，我想我发现了一种联系，对SCP-122的喜爱可能会导致不可规避的死亡。Tibor博士最近死于癌症就是一个明显的案例，那些参与攻击了Roth的D级人员们也是。但就我所知，这已经没什么好说的了，也不可能验证了，因为Crow已经把它干掉了。不过严肃地说，一发麻醉镖跟把对象变成晶体从效果上来看似乎没什么差。<br />——[数据删除]</p>",false,decommissioned
SCP-135-D - 变形者,/decomm:scp-135-d,"<p><strong>项目编号：</strong>SCP-135</p><p><strong>项目等级：</strong><span style=""text-decoration: line-through;"">Euclid</span> Decommissioned</p><p><strong>特殊收容措施：</strong>为防止对周围的人员与环境造成伤害，SCP-135在未被使用时必须被封存于一个钛制的收容器中。就已知的结果来说SCP-135是极度危险的，故严禁将其应用于实验以外的任何目的。任何未经许可即试图获取并使用该项目的人员应被即刻处决。SCP-135只允许有D级人员直接进行操作，或由3级或以上人员（在该项目上拥有特殊权限）在远程执行操作与控制。任何操作SCP-135的人员必须极度谨慎并且穿戴防辐射服以防止危险发生。</p><p><strong>描述：</strong>当SCP-135与一件物体相距极近的时候，它通常将会模拟这件物体的形态。至今为止已经记录下来的拟态有一部手机（10cm长，4.5cm宽）、一张长13cm，宽为15.5cm的CD（齐伯林飞艇-Mothership[2007年出版]），以及一部4.5m长，1.5m宽的电吉他(Gibson Les Paul [Standard Premium Plus])。SCP-135的初始形态是未知的。置于SCP-135旁的电子器件将会出现缺陷，并且这种损伤是不可修复的。使用过拟态为手机的SCP-135的测试人员将对该项目周围的其他人员产生敌意，并对这些人员产生暴力性的行为。SCP-135同时对动物具有杀伤性，比如兔子、青蛙、鹦鹉等。这些动物会变得悸动并且开始对SCP-135发动攻击。实验表明这些动物的脑部受到了损伤。目前，原理尚未被解析。SCP-135被发现于那艘1947年坠毁于Roswell的宇宙飞船的残骸中。在杀死了残骸周围15m内的大量的野生动物后，它于1947年11月15日被基金会发现并转移到了Site 19。当SCP-135被使用时，将放出黄色或绿色的荧光，但这种现象并非一定发生。实验同时指出SCP-135具有强烈的放射性，包括β粒子、γ射线以及另两种未知的辐射类型。</p><p><strong>附录135-D：</strong></p><p>SCP-135已被<a href=""/iceberg-puts-135-on-ice"">处决</a>。</p>",false,decommissioned
"SCP-151-D - ""K""",/decomm:scp-151-d,"<p><strong>项目编号：</strong>SCP-151-D</p><p><strong>项目等级：</strong>Neutralized（Keter）</p><p><strong>特殊收容措施：</strong>只能由女性员工和SCP-151进行互动。有针对女性和儿童的暴力行为的D级人员需要避免出现在SCP-151面前。SCP-151的收容室由所有SCP-151要求且不违反SCP收容协议的配套设施装饰。由于其高度破坏性的天性，不允许妨碍SCP-151的行动。</p><p><strong>描述：</strong>对象是一名有着柔软尾巴，穿着黑色衣服的4英尺又4英寸（132.16厘米）高的患有白化病的人类男性儿童。与收容队伍的交互显示SCP-151是刀枪不入的。在其逃跑时，SCP-151显示出了意念力，并且这导致其面前的数个阻碍物爆炸粉碎从而使其能够通过。幸运的是，这些阻碍物的破损没有导致其他SCP的收容失效。SCP-151已经同意了带上跟踪设备来防止其和犯有针对妇女和儿童的暴力犯罪的人员接触，以免那些人员将会遭受到极端的暴力，这通常会附带有对其他人员的误伤。</p><p><strong>文档028/005/150/040/151：</strong>特工███████暴露于<a href=""/scp-028"">SCP-028</a>，但是没有显示任何效果。两天后特工███████取得了<a href=""/scp-005"">SCP-005</a>并用它获得了<a href=""/scp-150"">SCP-150</a>，然后成功前往了<a href=""/scp-040"">SCP-040</a>的房间。特工███████一进入房间，<a href=""/scp-040"">SCP-040</a>就产生了反应，随后特工███████被变成了[数据删除]。特工███████（现在被分类为SCP-151）将<a href=""/scp-005"">SCP-005</a>和<a href=""/scp-150"">SCP-150</a>留在了<a href=""/scp-040"">SCP-040</a>的房间然后离开了收容区域。尽管没有遭受来自于SCP-151的暴力行为，所有试图收容SCP-151的行为都失败了。目前SCP-151在哪里还不清楚。SCP-151对于有关其他SCP的保密和收容构成了重大威胁。建议不论任何代价来逮捕/终止SCP-151。</p><p><strong>附录151-01：</strong>机动特遣队Omega-7（潘多拉之盒）正在追踪SCP-151，但还没有与其进行过接触。</p><p><strong>附录151-02：</strong>机动特遣队Omega-7在██/██/████时遭遇了SCP-151。SCP-151剥夺了除去<a href=""/scp-076"">SCP-076</a>-2外所有机动特遣队队员的意识，同时他将SCP-076-2视为一个挑战游戏，并创造了<a href=""/scp-152"">SCP-152</a>。最终两人以平局结束，在机动特遣队的其他成员恢复了意识后，SCP-151被护送回到设施以进行审问。</p><p><strong>文档151-A：</strong>与███████博士的面谈。</p><blockquote><p><strong>███████博士：</strong>“那么特工███████，能解释一下你的行为吗？”<br /><strong>SCP-151：</strong>“K。”<br /><strong>███████博士：</strong>“……”<br /><strong>███████博士：</strong>“什么？”<br /><strong>SCP-151：</strong>“K。”<br /><strong>███████博士：</strong>“你能重复一遍吗？”<br /><strong>SCP-151：</strong>“请叫我K。”<br /><strong>███████博士：</strong>“为什么是K？”<br /><strong>SCP-151：</strong>“这是你用来称呼我的名字的开头字母。”<br /><strong>███████博士：</strong>根据这些记录，特工███████，你的名字并不是由这个字母开头的。<br /><strong>SCP-151：</strong>“我不是特工███████，他只是我计划中一个不幸的灵魂。”<br /><strong>███████博士：</strong>“那么那个计划是什么？”<br /><strong>SCP-151：</strong>“等待，直到某个人有权力接近SCP-028，来获取那些一开始不会被注意到的隐秘而模糊的知识。然后那个植物会帮助我创造一个合适的身体。”<br /><strong>███████博士：</strong>“那么，你是谁？”<br /><strong>SCP-151：</strong>“很无聊。想玩会象棋吗？”</p><p>SCP-151拒绝回答进一步的提问。</p></blockquote><p><strong>附录151-03：</strong>出于安全原因，特殊收容措施已经被修改，同时关于对象的描述已经被升级以帮助工作人员更容易地认知SCP-151。</p><p><strong>附录151-04：</strong>被重分类为neutralized，详情参阅<a href=""/experiment-log-151-d"">实验记录-151-d</a>。</p>",false,decommissioned
SCP-153-D - 穿刺公之指,/decomm:scp-153-d,"<p><strong>项目编号：</strong>153</p><p><strong>项目等级：</strong>Euclid</p><p><strong>标准收容措施：</strong><span style=""text-decoration: line-through;"">SCP-153应被放入液氯中，保存在一个适合其大小的冷却箱内，并放置于一个标准基金会冷冻设备里。无论以什么理由移动项目都需要4级或以上人员的批准，而且D级人员不许和153号有任何的互动，清洁人员除外。</span>已编辑，见下。</p><p><strong>描述：</strong>SCP-153是一个经过防腐处理的人类大拇指，裹着一块古老的亚麻布，近6cm长，褐色。项目闻上去有一股强烈的烧焦尸体味。</p><p>项目的奇异特性还未被彻底研究或是归档，但实验对象报告了自己对少数民族和外国人的敌意加深，并且在握住项目时会涌现一股突如其来的爱国情怀。实验开始后，实验对象还会表现出一种对项目极强的占有欲，变得近乎偏执地要保障它的安全。</p><p>对传说的研究表明，这只木乃伊化的拇指属于瓦拉几亚的国家英雄Vlad Ţepes，他更出名的名字是穿刺公弗拉德<sup class=""footnoteref""><a id=""footnoteref-1"" href=""javascript:;"" class=""footnoteref"" onclick=""WIKIDOT.page.utils.scrollToReference('footnote-1')"">1</a></sup>。传说中还提到它拥有“魔术般的”能力并能给其拥有者带来“和他们内心的力量相称的能力”。实验无法证明这点（见实验记录37-A）<sup class=""footnoteref""><a id=""footnoteref-2"" href=""javascript:;"" class=""footnoteref"" onclick=""WIKIDOT.page.utils.scrollToReference('footnote-2')"">2</a></sup>。</p><p>项目153是在德国北部由警察在凶案现场回收的。有八名受害者被绑架（三名女性，四名男性，一名儿童），被装在嫌疑人家中地下室墙上的由锻铁制成的长刺刺穿。嫌疑人在警察试图拘捕他去讯问时，用一把剔肉用的大剪刀冲自己的喉咙连捅几下自杀身亡。解剖过程中，在他的胃里发现了几品脱血液，稍后进行的DNA测试表明这些是在其地下室中发现的受害者的血。警察回收了项目，并将其送至附近的site11收容至今。</p><p><strong>附录1：</strong><em>嘿，有谁看见这个SCP了吗？我想我们是把它弄丢了还是怎么。<a href=""/taking-out-the-trash"">Kondraki，帮我调查一下这个，好吗？</a></em>Clef</p><div class=""footnotes-footer""><div class=""title"">Footnotes</div><div class=""footnote-footer"" id=""footnote-1""><a href=""javascript:;"" onclick=""WIKIDOT.page.utils.scrollToReference('footnoteref-1')"">1</a>. <strong>译注：</strong>穿刺公弗拉德（Vlad the Impaler），即瓦拉几亚（一个在中世纪时期位于欧洲东南部巴尔干半岛的历史地区，位置大约在今日的罗马尼亚东南部）大公弗拉德三世，吸血鬼德古拉的原型，历史上他用几米长的尖头木桩从人的臀部插入，从人的口中穿出。1462年的一场战役中，弗拉德被盟友背叛，逃回城中，他命令将他俘虏的2万土耳其士兵全部钉死，然后用穿着死人的木桩环绕着城墙。土耳其人打到城下的时候被这些恐怖的景象和浓烈的血腥气镇住，不敢前进。——引自百度百科。</div><div class=""footnote-footer"" id=""footnote-2""><a href=""javascript:;"" onclick=""WIKIDOT.page.utils.scrollToReference('footnoteref-2')"">2</a>. <strong>译注：</strong>没有这个文档。</div></div>",false,decommissioned
SCP-226-D - 科莫多巨蜥像,/decomm:scp-226-d,"<p><strong>项目编号：</strong>SCP-226</p><p><strong>特殊收容措施：</strong><span style=""text-decoration: line-through;"">SCP-226现被收容于一个特殊房间中，该收容间完全复制了一家名叫“The ██████”的破旧汽车旅馆的地下储物室的环境，SCP-226即是在该地被发现的。严禁使对象意识到其身处于另一个不同的房间中。工作人员不得聆听SCP-226的歌声，因为这会导致莫名的内出血症状发生。每天早上五（5）点整应将三（3）只猫作为食物提供给SCP-226。标准收容的提议正在等候批准。</span>已消灭，详情参见下文。</p><p><strong>描述：</strong>SCP-226是一座具有思考能力的科莫多巨蜥（Varanus Komodoensis）塑像，或Komodo Dragon<sup class=""footnoteref""><a id=""footnoteref-1"" href=""javascript:;"" class=""footnoteref"" onclick=""WIKIDOT.page.utils.scrollToReference('footnote-1')"">1</a></sup>，长190cm（6英尺3英寸），重181.4Kg（400磅），材质为黑曜石，并含有微量的，一种成分未知的合金。</p><p>SCP-226被发现于████████的一座小城中，当地流传的谣言以及大量的家猫走失事件使得SCP-226引起了基金会人员的注意。</p><p>当SCP-226处于自己的房间中时，任何时间它都不会离开，也不会试图离开它所在的房间。</p><p>对象自称“Ryco”，通常十分健谈，会与进入房间喂食或是清洁的人员进行较长的对话，并且会漫无目的的在房中行走。</p><p>对象通过头部的三个小型孔洞“说话”，这三个孔洞位于它的“鼻子”的尖端。这些孔洞的作用与大部分的木制长管乐器，比如说长笛，上的孔洞十分相似，与陶笛<sup class=""footnoteref""><a id=""footnoteref-2"" href=""javascript:;"" class=""footnoteref"" onclick=""WIKIDOT.page.utils.scrollToReference('footnote-2')"">2</a></sup>的原理也较为相似。工作人员们被告知向这些孔洞中通气会使SCP-226承受剧痛，并可能激怒对象。</p><p>当SCP-226位于被伪装过的房间内时，它是毫无威胁的，然而一旦离开该房间，对象将会展现出对周边的时间进行精确操纵的能力，当对象离开房间时，它便可以扭转时间。在这种情况下，SCP工作人员将被授权优先对该目标进行处决，须竭尽全力消灭对方或是使对方镇定下来。</p><p>反坦克破甲弹对对象有着较好的攻击效果，它们能够击破对象的外层甲壳。对象的内层则相对更脆，使用常规火力即能对其造成伤害。在需要的情况下，可以通过向发声孔内注入气流迫使其镇定下来。</p><p><strong>附录：抹杀事件：</strong></p><p>对象在一次常规的<a href=""/target-practice"">射击训练</a>中被█████ ""Iceberg"" ████博士与Kain Pathos Crow教授失手杀死，当时对象正在Site-██外的射击场中闲逛。</p><div class=""footnotes-footer""><div class=""title"">Footnotes</div><div class=""footnote-footer"" id=""footnote-1""><a href=""javascript:;"" onclick=""WIKIDOT.page.utils.scrollToReference('footnoteref-1')"">1</a>. <strong>译注：</strong>两次意思相同。</div><div class=""footnote-footer"" id=""footnote-2""><a href=""javascript:;"" onclick=""WIKIDOT.page.utils.scrollToReference('footnoteref-2')"">2</a>. <strong>译注：</strong>陶制乐器，由中国古乐器埙发展而来，陶笛的现代式样由意大利人设计。</div></div>",false,decommissioned
SCP-269-D - 驼鹿人,/decomm:scp-269-d,"<div class=""scp-image-block block-right"" style=""width:300px;""><img src=""http://scpfoundation.123ubb.com/users/3215/28/02/02/album/moosea10.jpg"" style=""width:300px;"" alt=""moosea10.jpg"" class=""image"" /><div class=""scp-image-caption"" style=""width:300px;""><p>由华盛顿州贝灵汉市的目击者提供的疑似为B.C.驼鹿人的照片</p></div></div><p><strong>项目编号：</strong>SCP-269-D</p><p><strong>项目等级：</strong>Euclid</p><p><strong>特殊收容措施：</strong>收容措施是理论上的。迄今为止基金会还没有对这传说的怪物进行测试。</p><p>建议收容措施涉及复杂建筑和不断变化的迷宫，例如神话中的克里特迷宫，传统的收容措施例如在Armed Bio-Containment Area-14（武装生化收容Area-14）对该怪物实施的那些常规或销毁程序。</p><p><strong>描述：</strong>研究表明，在████年4月27日，有人试图在英属哥伦比亚省的温哥华收容一只大型生物。这一事件的大部分证据已被不明组织刻意掩盖，但已确定该大型生物大致为人形并具有明显类似于驼鹿的特征。对该生物的特征有广泛的描述，与许多隐秘生物一样，尽管所有的报告都显示出该生物为双足行走，具有双臂，驼鹿般的鹿角，和高大的身形。</p><p>在温哥华的一个仓库内试图收容该生物失败，导致生物逃到城市街道上。该生物造成超过五千万元（加元）的财产损失。其中包括一家小型地方银行，一辆十六轮卡车，和数英里的街道路面受到毁坏。</p><p>此后在该生物向南移动期间一直有持续水平的目击报告。在████年4月5日，该生物在华盛顿州贝灵汉市的贝里斯购物中心的洲际公路附近被一名西华盛顿大学的学生目击到。两天后它被发现在华盛顿州的肯特，几小时后在西雅图南部附近。这种模式一直延续直到它到达俄勒冈州的波特兰市。此后目击事件停止。</p><p><strong>Bowe将军的附注：</strong>对这只生物的捕获在我的办公室已被提升到高优先级，作为我们在基金会持续支持的一项任务。SCP-269-D不仅对美国民众表现出了严重威胁，而且它可能会洞察到加拿大SCP的运作，如果有的话。</p><p><strong>附FBI档案889：</strong><br />特异事故处（Unusual Incidents Unit）只获得了极少的结果。他们采访到的目击者提供的关于“B.C.驼鹿人”的信息就像他们提供关于大脚怪的一样，没法得出结论。关于这一事件进行的人类智力调查没有得到有价值的东西。每个受访者都表现出了极度的焦虑并不愿与我们交谈，尽管他们原先愿意。</p><p>然而有显著的法证证据。尽管加拿大骑警署署长一再向我保证没有出现相关的事件。该事件也只获得了极少的媒体关注。但一所大都市中的暴力事件不应该值得加拿大国家性地来掩盖，虽然我最近访问的温哥华为我提供了物力破坏的明显证据。FBI已收集到的事件余波的照片展现出汽车，建筑，和城市街道的残骸。这种不用炸药的大屠杀造成破坏所需的力量，只有飓风的力量可以与之匹敌。</p><p>我相信有一种力量正阻止我们的调查。某些人或事物组织者跨辖区的交流，各我们提供极少的法证证据，并强迫我们的证人不与我们讨论此事件。</p><p>[由流氓特工<a href=""/bijhan"">Bijhan</a>协助编辑]</p><p><strong>附录SCP-269-D-Theta：</strong></p><p>SCP-269-D已被归类为<a href=""/termination-report-269"">已废除</a>。SCP-269-D的所有记录均已损坏，并且其分类应重新使用。</p>",false,decommissioned
SCP-316-D - 无拘无束的Dyne,/decomm:scp-316-d,"<p><strong>项目编号：</strong>SCP-316</p><p><strong>项目等级：</strong>Safe</p><p><strong>特殊收容措施：</strong><span style=""text-decoration: line-through;"">SCP-316被收容在一个300x300平方英尺的房间中，符合安全协议的情况下，装修为任何SCP-316认为合适的风格。SCP-316的具体要求为，将房间装修成一座位于█████████，███████的█████████图书馆的精确复制品，包括书架上所有的书。这些书涵盖古老生僻的文书、从简单的现代文本书籍到古典和现代的小说（项目 似乎喜欢Douglas Adams的作品）被批准的书籍都是在项目被收容之前出版的。房间中的窗户由高分辨率显示器制成，实时播放一座花园的景观；一张书桌、充足的螺旋装订笔 记本（100页装）、铅笔（40个2#传统铅笔、60个0.7自动铅笔，项目更喜欢自动铅笔）；一把大型的皮革沙发， 似乎是SPC-316用来睡觉的地方；房间中部有一大块开放空间。房间中还有一小块区域被SPC-316设计为一个“军械库”，收藏着各种刀剑，尤其是弯刀。根据SPC-316的请求，他的房 间守卫被训练和使用各种刀剑，因为他觉得火炮和枪械糟透了。SPC-316被允许在设施中随意走动，但是不允许外出；除非紧急情况协议允许，SPC-316已经同意在这种情况下协助疏散工作。</span></p><p><strong>已处决：请参阅<a href=""/termination-log-scp-316"">处决记录SCP 316</a></strong></p><p><strong>描述：</strong>SPC-316是一个身材高挑、身体健壮的白人男性，法国和西班牙血统， 25~30岁、齐肩的棕色长发、翠绿色的眼睛。他平时穿着为蓝色牛仔裤、无袖黑色棉织衬衫，戴着一副护目镜，有时作为简单装饰戴在头上，头发则札成马尾辫。SPC-316喜欢被称作“Dyne”，并且经常提醒与他交流的人他的头衔是“Dyne the Unfettered”^在罕见的情况下，当项目情绪低迷的时候，称自己为“Dyne the Forgotten Hero”。他通常被描述为“迷人的”、“充满活力”、“热情”。SPC-316可以说流利的英语、西班牙语和法语，还掌握一些德语，都带有一些英语口音。他在标准IQ测试中得分为150，并表现出超常的记忆力。</p><p>关于SPC-316的异常属性，项目声称自己已经超过600岁。所有对SPC-316的生理和基因检测都无法确定他的年龄；但是他的历史知识，以及他持有的文件都能追溯至14世纪的███████。SPC-316使用刀剑的技术非常精湛，以至于能够挡开射向他的子弹。不过他几乎从未对任何人用全力，而是经常有所保留。SPC-316拥有某种再生能力，这可以解释项目为何如此长寿。曾观察到项目在几小时内愈合了通常要数天才能愈合的伤口。</p><p>SCP-316在战斗中表现出超常的运用周围环境的能力，就好像那是他的地盘一样。项目的战斗风格包含Destreza（西班牙流行的击剑形式）、de Canne（法国cane-fighting）和Zipota（西班牙以踢为主的武术），以及其他武术技巧的混合。</p><p>根据记录SPC-316早期是一名冒险者，大部分时间都在███████沿海当海盗。在放弃自己的劫掠生涯后，他开始成为一些关键人物，每个身份都使用不同的名字。比如作家███████ ███████、发明家███████、甚至███████国王的顾问。他从他的经历中获得了丰富的知识和经验。同时他在数个SPC的发现中也起到了关键作用，如[数据删除]。</p><p>项目在19██于███████，███████被收容。发现他时，他正在当地图书馆里读一本Edward Allen Poe的作品集。笑着自言自语：“这个男孩儿总是这么令人沮丧，但他是个有趣的酒鬼”。接着他开始逃跑，负责收容他的特工追着他穿过了整个城市，但是忽然他停下来举手投降了，并声称“测试他们的过程很过瘾，并已经准备好跟他们走”，表示他自愿被收容。</p><p>应注意SPC-316和其他有感知力的SPC间的接触，特别是<a href=""/scp-182"">SCP-182</a>、<a href=""/scp-343"">SCP-343</a>、<a href=""/scp-073"">SCP-073</a>、<a href=""/scp-040"">SCP-040</a>，以及数次与<a href=""/scp-076"">SCP-076-02</a>的接触，项目说每次会面都是“僵持”。根据项目与SCP-076-02最后一次接触记录，SCP-076-02提出让项目加入机动特遣队Omega-7，因为SCP-316是唯一能够和他持续战斗的。对于这个提议，项目只是微微一笑，向SCP-076-02伸出手说：“谢谢，我会考虑的。我也许改换个环境。”目前，SCP-316加入机动特遣队Omega-7的事项待定。</p><p>同样值得一提的是SPC-316在面对SCP-182时的有趣表现，只有SCP-182影响到了项目永远潇洒的个性。当被问及此事，SCP-316结结巴巴的说几句之后就找了个借口把话题岔开了。当SCP-182被问及与项目的关系时，他咯咯的笑着说：“哦，难道你想知道？”然后就去做自己的事情了。</p>",false,decommissioned
SCP-531-D - 梦想家,/decomm:scp-531-d,"<p><strong>項目编号：</strong>SCP-531</p><p><strong>項目等级：</strong>Euclid/Keter <strong>已處決：见下文</strong></p><p><strong>特殊收容措施：</strong></p><p>SCP-531被遏制在一个20 x 20 x 20的房间中，配有任何它所要求的陈设。它已要求：<br />-一只猫（被对象简称为“Baby”的短毛虎斑猫） 批准<br />-有线电视 批准<br />-一个Xbox 360，几乎配有所有的游戏 批准<br />-一台存有对象选择的食物和饮料的冰箱（例外：无酒精） 批准<br />-一台连接网络的笔记本电脑 拒绝<br />-一台移除所有有连接网络能力部分的内部元件的笔记本电脑 批准<br />-对象还要求仅用于Xbox live的网络访问，对象似乎喜欢射击类游戏（特别是战争机器和使命召唤4）并希望在线玩 未决定（由于对象的电脑不能拥有联网能力，这可能不违反协议）<br />-一台Dean Flying V 吉他附帶 marshal放大器和各种配件，包括：1 Crybaby Wah 踏板，1 Chromatic 吉他调谐器，1 变调夹，和足够的电线以便能够使用这些设备。 批准</p><p>对象是，或似乎是，一个在19-24岁之间，金发蓝眼，大约6英尺高，体重约200磅的白人男性。据██████博士和██████████博士评估对象心理年龄约为13-16岁，可能是由于他情绪容易激动的原因。鉴于对象的性质，所有与对象交互作用的人员都必须友好并善于表达并绝不对请求作出否定的回应。违规者将不会受到高级指挥部的处罚，因为对象的反应肯定会让他们不敢再有下一次，如果涉及的人员还活着的话。我们了解到对象是知道自己的能力的，但表示在压力下无法控制它们。由于对象情绪的高度不稳定，心理分析几乎是不可能的，当对象被问到一些它不想去想/谈论的事物时谈话会迅速变得暴力，这似乎包括所有与对象相关的心理分析。</p><p><strong>描述：</strong><br />对象似乎有独自通过意志影响和改变宇宙的能力。截止到目前没有获得更多有关这一可能的知识，但我们知道对象的情绪似乎是他彻底控制能力的主要形式。对象周围的物理定律似乎被打破。他附近的物体会略微悬浮或开始穿过固体物质，并偶尔瞬移，通常与对象附近的其他物体交换位置。这似乎只发生在物体不在对象关注点的时候。如果对象处于良好的情绪中，并且做到任何能让他保持这种情绪的事时，他周围的工作人员报告说出现了欣快和得意的情感。</p><p>所有的瘀伤，划伤或受伤，不仅似乎痊愈而且消失，仿佛它们从未存在过，甚至疤痕也会逐渐减退。到目前为止这些变化会持续直到对象周围的人（们）被移除后，甚至是在对象经历了一次情绪波动后。对象显示出对这些能力有限的控制力，移动物品时通常用隔地传动（telekinetically）而不是用手。如果对象变得波动，他周围的人会开始感到压抑，失去理性，暴力，甚至是自杀性倾向，这取决于对象情绪波动的强度。在这些波动最差的时候，如果对象沮丧，对象附近的物品/人会迅速老化/衰退，愤怒时，东西会自燃并且着火并且对象的身体会发出红色的能量。被这种能量击中的活的东西似乎会被吸出它们所有的生命能量。热成象显示他们身体的热量从最靠近对象的任何身体部位，按字面意思讲，被“吸”了出来。这些个体的尸体解剖表明目前的死因我们还能够检测到。自从他在19██年进入遏制，对象已显示出对其能力的控制力的增强，并一点也没有衰老。目前的程序不是用于对对象的遏制，而是用来保护██号站点（Site ██）的工作人员，当对象自愿接受遏制时，他只是强调他知道如果自己失去控制将会是非常危险的，且不希望因意外而伤到任何人。████████博士先要进一步询问，但注意到对象脸颊上的泪水且对象似乎非常难以集中注意力，据推测是为了阻止它能力的显现。在任何情况下都不询问有关对象过去的问题，如果对象提起（这从未出现过），立即改变谈话主题。</p><p><strong>文件#982-a：</strong>如上所述，SCP-531会根据其心情对其周围产生不同影响。除了上述影响，有如下记载：</p><p>哀伤（Sorrow）：于19██年12月██日，约1400小时，对象在对话中间停顿了一下，向一侧歪了一下头，似乎恍惚了几分钟。似乎没有外界刺激影响到他。在摆脱表示出的恍惚后，对象开始哭泣，在呜咽中尖叫说他“再也感觉不到他的母亲”和“她死了”。</p><p>保安录像显示，对象在每次啜泣时，都会向四周散发出一股黑色的能量波。这些波似乎会分解一切亚原子水平的有机物，只留下无机物安然无恙。当时，对象正在食堂大厅与工作人员一起用餐。大厅中的所有人当场死亡，由于所有人都处于距对象约1/2英里的范围内，造成████人死亡。这种影响的半径究竟是由于设施的墙壁阻断了波的传播造成，还是这就是它们的自然范围，目前还是未知的。远程接入安全摄像和对讲系统使得高级指挥能够与对象进行远程交流。几小时后对象平静下来，波终止。在接下来的几周，对象表现出类似SCP-073的影响，是其周围的植物制品腐朽，但不知什么原因，动物，包括人类，当对象处于类似状态时通常没有受到影响。</p><p>嫉妒（Jealousy）：近期，对象意识到有关否定回应其要求的人员协议，并开始利用此事与女性工作人员进行性活动。令人惊讶的是，许多人不仅同意此事，有时甚至主动发起性活动。如前面所说的，当对象感到快乐，他周围的人也会一样。与任何普通人类伴侣相比，显然与对象进行性接触会达到一个更加亢奋的状态。</p><p>然而，在20██年11月██日，一直与对象关系密切的████████博士，尽管已婚，被对象看到她在食堂大厅与她的丈夫交谈。当他看到他们接吻时，对象的整个眼睛变成黑色。他周围的物品不仅开始悬浮，还到处乱飞，散发出橙色或绿色的光并崩解。对象举起手，仿佛抓住某人的喉咙，而██████博士的丈夫被提离地面，出现明显的哽咽。这时，整个设施开始振动能够看到对象的员工报告说他“焦躁的走进走出”，尽管他附近的物品表现正常。对象从手中射出蓝绿色的“火焰”将██████博士的丈夫吞没，██████博士的丈夫开始非常迅速的衰老。热敏安全摄像头显示出对象产生出与愤怒时相似效果的能量。这时██████博士发出尖叫，当对象听到时他的眼睛恢复为正常颜色并昏了过去。</p><p>对象声称对没有关于这一事件的记忆，并当向其展示安全摄像时表现出震惊。它表示希望对██████博士和她似乎衰老了15岁的丈夫致以最深的歉意。对象表示希望有机会试图扭转这一事件的影响。当被问到将如何做到时，对象说他“不知道，但我知道我可以”。看来即使对象在情绪的强度/类型上有细微的改变也会产生完全不同的能力体现。由于对象非常短的遏制时期，只是自从████，可能对象拥有近乎于无限的能力。对象心智的不成熟似乎是唯一对其能力控制的阻碍，因为在上述事件中，尽管对象在“发呆”却似乎清楚地知道它在做什么。在作战想定中D级人员试图伤害对象以测试其潜在反应的可能性。请求未决定，目前正在考虑，相比于对象能够控制其能力的益处，这将意味着大量生命的丧失。</p><p>最高指挥部发表声明，虽然有很大的潜在风险，但保持对象快乐的益处大于可能随机情绪波动的危险。另外，由于对象处于愉悦状态下有治愈的性质，这可能会给基金会带来巨大的利益，特别是涉及由于众多恶意SCP，例如SCP-682，而出现的生命损失。他们目前正在制定新的协议已防止事故再次发生，并已宣布女性工作人员只能参与对象的性活动，如果她们已接受指令并同意不与站点的任何男性发生任何形式的接触。</p><p>考虑到以医疗手段促使对象陷入昏迷状态以保持他愉悦心理的可能，必须首先对对象进行更多药物影响的研究，同样也必须考虑到对象作噩梦的风险。</p><p><strong>已处决：</strong>见<a href=""/termination-order"">SCP-531处决报告</a></p>",false,decommissioned
SCP-547-D - 自然之怒,/decomm:scp-547-d,"<p><strong>项目编号：</strong>SCP-547-D</p><p><strong>项目等级：</strong>Neutralized（之前为Euclid）</p><p><strong>特殊收容措施：</strong>SCP-547应被关在一个由贫铀和数块钛质板材构成，长宽高为15X10X10m，墙体厚度为1m的房间中。房门也由同样材质造成，且只能从外部开启。项目从未真正在除测试其能力的实验之外的场合表现出敌意或破坏东西的愿望，因此对SCP-547的收容仅出于预防目的。项目能得到所要求的基本生活家具，以及经████████博士，███████████博士，或O5-██批准，SCP-547可一次拥有一台电视和他选择的游戏机不超过12小时。</p><p>SCP-547的身边应时刻不断地播放任意种类的音乐，Hip Hop或Rap除外，因它们会使项目表现得越来越恼怒和充满敌意。项目要求的任何曲子都应马上播放。SCP-547的收容区域同时也具有部分缓冲功能，在紧急状况下能给予人员逃离的时间。当SCP-547偏离正常行为模式，情绪波动变大，且开始做出像婴儿一样的姿势的时候，所有位于收容设施的人员应即刻撤离并封锁收容区域至少两个星期。</p><p><strong>描述：</strong>SCP-547是一名体格健壮，不到二十岁的青年高加索男性，身高2m（6英尺3英寸），体重85公斤（190磅）。自17██在奥地利一座小镇附近被首次发现之后，项目看上去一点也没有变老。核磁共振和X光的结果显示SCP-547的身体除心脏之外和普通人类没有任何区别。在经过了多次劝说之后，SCP-547接受了活体解剖，外科医生在他胸口的中间发现了一个10X10cm（4英寸）大小的纯白色能量球体，动脉静脉与之相连。</p><p>于是，又劝说了SCP-547数次之后，把这个球暂时移除的实验终于得以进行。这一过程被证明十分艰难，一个试图接触它的外科医生整个人被汽化了。最终使用了机械手才成功取下这个灼热的球体。然而它一离开SCP-547的身体，项目的所有器官和大脑活动顷刻停止。在这样令人震惊的事情发展下，外科医生们马上把这个球体放了回去，SCP-547的所有生命体征和大脑活动立即恢复了。针对SCP-547的“心”进行的数次实验表明，任何与这一球体进行物理接触的有机物都会瞬间汽化。</p><p>解剖一有结果，SCP-547在其胸口的洞缝上之前就离开了收容区域。武装人员尝试使项目停下，但所有对SCP-547的抵抗都被不致死程度的攻击击退。项目走到区域外，从地上抓了把土擦拭，伤口就在几秒钟内完全愈合了。SCP-547随即转身回到了房间，并在几天内拒绝了所有采访的请求。</p><p>在“空闲”状态下，项目的外貌十分正常；苍白的皮肤，深绿色的眼睛，轮廓分明的五官使他看上去就是个帅气的年轻人。头发在这种状态下是黑色，梳着背头的发型，露出整张脸。IQ测试显示SCP-547的智商是140左右，尽管他显得有些没心没肺。在各方面，SCP-547都像一个普通的十几岁男孩，对女人有着强烈的兴趣，对讽刺挖苦十分敏感，而且在与观察人员交流的时候总是表现得十分有吸引力。</p><p>项目的四肢都装备着由未知金属制成的黑色盔甲。他的双手戴着到半个前臂那么长的黑色金属手套，双脚穿着由相同材质制成的到小腿的靴子。所有试图移除这些装备的努力都失败了，似乎只有SCP-547本人可以随时脱下它们。实验记录显示每件项目穿着的装备都具有某种元素的属性：他的右手套有火的能力，左手能操控电，右靴能变出并控制大量的水，而左靴可以引发强烈的地震并粉碎所有已知的土质。研究人员也注意到，当任一元素被激活时，它们会围绕在相应的装备四周，并会增强SCP-547的身体能力。</p><ul><li>右手套：被火焰包围，给予SCP-547有限的飞行能力。项目的眼睛会变成像余烬一般的红色，头发变成飘动的火焰。</li><li>左手套：蓝色的分叉闪电出现在手套周围，并会提高547的速度，给予他惊人的机动能力，速度可达200英里/小时<sup class=""footnoteref""><a id=""footnoteref-1"" href=""javascript:;"" class=""footnoteref"" onclick=""WIKIDOT.page.utils.scrollToReference('footnote-1')"">1</a></sup>并能在一秒内进行50次物理攻击。头发会变黄并炸起来，眼睛变蓝，瞳孔闪着电火花。</li><li>左靴：被浅蓝色的，似乎是海水的物质环绕，项目会获得能把自身变成水的神奇能力，使他免疫任何物理伤害。头发是深蓝色的固体形态，并被一直浸泡于某种成分有待确认的液体之中。瞳孔呈现出海浪一般的波纹。</li><li>右靴：被坚固的花岗岩包裹，使SCP-547具有极大的力量和坚硬无比的皮肤。头发和眼睛变成深棕色。</li></ul><p><strong>备注：</strong>在现代头戴式耳机和更好的播放音乐设备被发明出来之前，对SCP-547的控制乃至让他服从是近乎不可能的，因为其通过利用环境获得的毁灭性的能力和奇特的再生能力，使项目的捕获变得极为困难。一次偶然地，当SCP-547正准备强行通过另外一队想要制服他的机动特遣队的阻拦时，一名特工忘了关闭一辆交通工具上的收音机，播放了████ ██████乐队的“███████████”。在听音乐之后，SCP-547令人意外地停止了狂暴的行为，因为他一直在听歌。歌曲结束之后，项目高兴地自觉接受收容，条件是他要被允许听歌。因为十分痛恨将腰弯得这么低，特工Infred于是说服547把靴子和手套脱掉。Infred当时在胸口画了个十字，说自己“豁出去了”<sup class=""footnoteref""><a id=""footnoteref-2"" href=""javascript:;"" class=""footnoteref"" onclick=""WIKIDOT.page.utils.scrollToReference('footnote-2')"">2</a></sup>。</p><p>项目最初被收容在Site ██，在事故[数据删除]后被移至Site ██。</p><p>最初的收容区域一直播放着当时流行的古典摇滚，例如 ██████，█████ █████████， ████████ ███████，███ ███████， █████ ████████和其他。随着流行乐的发展以及其分出许多不同的流派，547的欣赏范围也变宽了，身边播放着除rap和hip hop以外多种多样的音乐。当项目终于被控制和观察之后，SCP-547承认他在被捕获时听了“███████████”才能说英语。经过多轮头脑风暴，几名科学家给SCP-547放了拉丁音乐，项目听过了几首葡萄牙语和西班牙语歌曲就能流利地使用这两种语言了。自此，项目听过多于20种不同语言的歌曲，并能在其后理解并流利地使用所有这些语言。</p><p>SCP-547声称其拥有一个真名，但当被要求说出时表示“只是现在想不起来了”。SCP-547经常要求用他目前喜欢的流行乐队的名字称呼他。目前他管自己叫缪斯<sup class=""footnoteref""><a id=""footnoteref-3"" href=""javascript:;"" class=""footnoteref"" onclick=""WIKIDOT.page.utils.scrollToReference('footnote-3')"">3</a></sup>，并叫所有人都用这个乐队名称呼他。SCP-547也被观察到具有非常有限的心灵感应能力，但令人哭笑不得的是这些能力只体现在音乐和自然元素上。他声称他知道什么时候自己想要一首新曲子，而且能满怀感情地把它找出来，即使他之前从未听过这旋律。所有的D级人员都被建议，但不是强制要求对当代流行音乐有一定的了解。所有负责观察的科学家和O5-██都应随时知道SCP-547当下喜爱的流行乐以及在这一领域最近发生的重要的事。</p><p>SCP-547另一种心灵感应能力是可以确实地和自然沟通。项目声称能感到他周边的土地，以及使用他自身的能力，可以治愈无论是位于空气中，水中，还是在地上的任何自然遭受的伤害。研究人员也表示在进入收容SCP-547的房间之后，他们感到身边的空气和水变得新鲜和洁净。项目声称环境重新变好都是因为他，尽管清洁的过程是在他潜意识下完成的。因此想要修复自然原因或人为因素对环境造成的损害，这就意味着需要SCP-547投入更多的个人精力和注意力。几份关于让SCP-547去恢复巴西热带雨林或清理多处海面上的石油泄漏的提议已经提出。</p><p><strong>附录547-01：</strong>在移除项目的装备之后，进行了几项针对SCP-547在不穿装备的情况下自身能力的实验。项目的能力变得更强且更不受控制。SCP-547仍能凭自己意愿激活这些力量，但是它们不再被限制在他的对应肢体旁边，而且不能成形或攻击指定目标，只会由相应的元素造成猛烈的爆炸。对手套和靴子的研究表明，它们就像管道一样控制由SCP-547创造的元素。</p><p>人们确信只有SCP-547才能穿戴这些装备，任何其他穿上它们的人类都会因为不同的缘故惨死，取决于他们穿的是哪一件。装备右手套的D级人员会在瞬间被火焰吞没，在几秒钟之内就会化作灰烬。穿上左手套的人会触电，最终导致心脏停跳。左靴会使装备它的人肺部积满了水，从而在几秒钟之内让他们淹死。右靴会造成所有器官的大出血，人员会在一分钟或更短时间内就因大量失血而咽气。这些反应只会在人类身上出现，所有的实验结果都显示任何种类的动物都不会受到影响。</p><p><strong>附录547-02：</strong>SCP-547社交性很强，而且通常会同意和别人聊聊音乐或是接受3级以上人员或任一O5级主管的采访，然而SCP-547对关于他过去或其实际年龄的问题总是闪烁其辞或干脆直接拒绝回答。</p><p>在阅读一些有删减的其他SCP的文档之后，SCP-547对<a href=""/scp-076"">SCP-076</a>表现出了极大的兴趣，并表示希望和SCP-076-02来一场“拳击赛”，好看看究竟谁是获胜的一方。鉴于两个SCP都具有强大的破坏力，以及预想到这种拥有强大力量的SCP对决会造成怎样的灾难性后果，所有战斗的想法都必须搁置并要严加监管，指挥层现在正在辩论这二者战斗的真正潜在研究价值，及及其对环境和人类生命安全造成的极大危险。项目最近还表达了对近似是<a href=""/scp-213"">SCP-213</a>个体的兴趣，尽管从未给他看过任何文件或口头泄露消息。研究人员认为SCP-547的全部心灵能力还未被完整记录，进一步的研究将会进行。</p><p>SCP-547还表达了与<a href=""/scp-517"">SCP-517</a>和<a href=""/scp-682"">SCP-682</a>战斗并杀死它们的强烈愿望。在这次采访中，O5-██和SCP-547进行了视频对话，由两个D级人员负责操作仪器。</p><blockquote><p>&lt;记录开始&gt;</p><p><strong>O5-██：</strong>SCP-547，为何-（被SCP-547打断）</p><p><strong>SCP-547：</strong>如果你愿意的话，请叫我酷玩<sup class=""footnoteref""><a id=""footnoteref-4"" href=""javascript:;"" class=""footnoteref"" onclick=""WIKIDOT.page.utils.scrollToReference('footnote-4')"">4</a></sup>。我最近很喜欢他们的新专辑。（此处省略几句O5-██和SCP-547之间的闲谈）</p><p><strong>O5-██：</strong>不管怎样，当你阅读了一些删减后的有关这两个怪物的文档之后，为什么想杀了他们？从你以前告诉过我们的来看，你个人从没有和SCP-517或SCP-682交战，甚至都没遇见过他们。</p><p><strong>SCP-547：</strong>因为他们看上去是些好家伙，而且我愿意过会儿上酒吧和这些老伙计们喝一杯。（SCP-547轻声笑起来）不……就像你说的，它们是怪物，监督者。而它们渴望的只有纯粹的破坏与混乱。一如你们的文档中提到的那样，必须不惜一切代价地消灭它们。况且，除了你们那些已经开始令我感到无聊的小测试之外，我也希望偶尔来场真正的战斗。</p><p><strong>O5-██：</strong>我明白了……那SCP-076呢？你个人对他十分感兴趣，经常声称理解他的行为和他这样做的目的。</p><p><strong>SCP-547：</strong>他看上去是个神奇的人，不仅是从战斗的角度，从和他交谈的角度也是。你们这些人类是完全无法理解他真正是为何而战，但我知道他每次在杀死你们的特工时的想法……他对我来说就像个英雄，不过我保证在近期内不会像他那样造成大破坏。</p><p>&lt;记录结束&gt;</p></blockquote><p><strong>附录547-03：</strong>在事故[数据删除]之后，SCP-547有了控制一种新的元素的能力。从事故中在最初几个小时幸存下来的设备记录看，SCP-547能召唤猛烈的风暴和强风。风速超过400英里/小时<sup class=""footnoteref""><a id=""footnoteref-5"" href=""javascript:;"" class=""footnoteref"" onclick=""WIKIDOT.page.utils.scrollToReference('footnote-5')"">5</a></sup>（约合644公里/小时），还有在刚形成时风力就远远超过了藤田级数F6级<sup class=""footnoteref""><a id=""footnoteref-6"" href=""javascript:;"" class=""footnoteref"" onclick=""WIKIDOT.page.utils.scrollToReference('footnote-6')"">6</a></sup>的龙卷风。因没有装备在SCP-547身上出现来帮助项目控制风，研究人员认为这是SCP-547的原始力量所能达到的级别。在一个星期的等待之后，卫星传回的图像，和离风暴足够远的人员都观测到倾盆大雨，闪电和依然持续的旋风。</p><p>又等了一个星期，风暴终于平息了，剩余的储存设备全部毁坏，驻扎的所有人员都被认定为失踪抑或死亡了。在之后进行的短暂采访中，SCP-547显得十分疲惫，并对发生了什么表现得十分迷惑，声称自己记不得了。几周以来，项目的日常行为终止了，大部分时间SCP-547都躺着或沉睡不醒。</p><p>除了能观察到SCP-547十分疲劳之外，在项目不省人事期间作出的身体检查中未发现任何外伤，研究人员随后得出SCP-547免疫其掌握的能力造成的伤害的结论。需要注意的是，从事故[数据删除]恢复后，医护人员检查时发现SCP-547胸腔中的球体基本上完全暗淡了。</p><p>O5级人员注释： ██-██-████，在<a href=""/incident-239-b-clef-kondraki"">一场收容失效事故</a>中，SCP-547被Clef博士杀死。在撰写处决报告时，确认SCP-547的文档被<a href=""/scp-732"">SCP-732</a>污染，导致关于其能力的描述被大幅篡改。原始文档见下。</p><blockquote><p><strong>项目编号：</strong>SCP-547</p><p><strong>项目等级：</strong>Euclid</p><p><strong>特殊收容措施：</strong>SCP-547被关在位于Site-17的长宽高15X10X10m的房间中。墙体应由陶瓷碳碳复合材料(ceramic carbon-carbon compound)制成，并至少能耐1000华氏度<sup class=""footnoteref""><a id=""footnoteref-7"" href=""javascript:;"" class=""footnoteref"" onclick=""WIKIDOT.page.utils.scrollToReference('footnote-7')"">7</a></sup>高温，门由相同材质制成（阅读NASA文件以获得详细信息：航天飞机剩余隔热陶瓷采购项目）。项目从未真正对研究人员表现出敌意，且十分配合对其能力的测试，因此对SCP-547的收容仅出于预防其意外失控的目的。</p><p>任何合理的关于改变其居住区域的请求都应在两个工作周期内提供。SCP-547最经常的要求是音乐：他偏好另类摇滚以及相似类型的歌曲，并十分不喜欢Hip-hop音乐。由于音乐可以使他更好地控制自己的能力（可能是出于心理方面的副作用），这些要求都应尽快通过。</p><p><strong>描述：</strong>SCP-547是一名体格健壮，不到二十岁的青年高加索男性，身体健康。他的真名不详，但他喜欢被人用许多假名称呼，这些名字多数来源于漫画。他近期喜欢被叫做“酷玩”，一个结合了他喜欢的乐队和他控制热能的能力的名字。他先前还使用过下述及更多别的名字：“纵火者”，“火人”<sup class=""footnoteref""><a id=""footnoteref-8"" href=""javascript:;"" class=""footnoteref"" onclick=""WIKIDOT.page.utils.scrollToReference('footnote-8')"">8</a></sup>，“元素”和“缪斯”。</p><p>身高2m（6英尺3英寸），体重85公斤（190磅）。核磁共振和X光的结果显示SCP-547的身体除在心脏位置是一堆具辐射性的不透明物体之外，和普通人类没有任何区别。外科医生在SCP-547的胸口中间发现了一个直径大约10cm（4英寸）的电磁球（plasma sphere）。SCP-547还有第二套循环系统，与淋巴和血管平行，明显是为了把电磁从心脏运至手脚。任何把这一器官移除的尝试都会造成外科手术工具的损坏：因进一步的实验可能会危及项目的生命，在可预见的未来，对这方面的研究都将停止。</p><p>SCP-547身上的任一细胞都绕着一层密集的网状碳纳米管，使得他整个身体都变成了一个高效率的热能“超导体”。SCP-547能够快速把热能从一个地方转到另一地方的能力，不仅几乎不会被高温灼伤，还能对其稍加控制。在一次实验中，SCP-547能通过用右手把一根蜡烛熄灭，然后左手食指触摸另一根蜡烛芯的方式，把“火苗”传递过去。而在另一次实验中，SCP-547仅仅把手指伸了进去对热能进行转移，就在10秒内使一杯水完全结冰。<br />现在还不清楚SCP-547是如何巧妙地控制热能的，但这已被列为进一步研究的目标。</p><p><strong>附录547-A：</strong><em>由于明显的战略意义，和SCP-547本人参与基金会任务的愿望，我提议把他从Keter降级为Euclid，并被准许加入新近的军队。我能为他的人品打包票，并且可以毫不怀疑地向上级保证，这位年轻人不仅对基金会安全只是个最小的威胁，还能成为一名为我们效力的有价值的人。</em></p><p><em>- A.Clef博士</em>（<strong>申请于██-██-████被O5-█通过</strong>）</p><p><strong>附录547-B：</strong><em>SCP-547已正式提出挑战亚伯，从而加入机动特遣队Omega-7的请求。这项申请正在审核中。</em></p></blockquote><div class=""footnotes-footer""><div class=""title"">Footnotes</div><div class=""footnote-footer"" id=""footnote-1""><a href=""javascript:;"" onclick=""WIKIDOT.page.utils.scrollToReference('footnoteref-1')"">1</a>. <strong>译注：</strong>约合322km/h。</div><div class=""footnote-footer"" id=""footnote-2""><a href=""javascript:;"" onclick=""WIKIDOT.page.utils.scrollToReference('footnoteref-2')"">2</a>. <strong>译注：</strong>the ends justifying the means，通常译为不择手段。</div><div class=""footnote-footer"" id=""footnote-3""><a href=""javascript:;"" onclick=""WIKIDOT.page.utils.scrollToReference('footnoteref-3')"">3</a>. <strong>译注：</strong>英国著名摇滚乐队。</div><div class=""footnote-footer"" id=""footnote-4""><a href=""javascript:;"" onclick=""WIKIDOT.page.utils.scrollToReference('footnoteref-4')"">4</a>. <strong>译注：</strong>英国摇滚乐队。</div><div class=""footnote-footer"" id=""footnote-5""><a href=""javascript:;"" onclick=""WIKIDOT.page.utils.scrollToReference('footnoteref-5')"">5</a>. <strong>译注：</strong>约合644公里/小时。</div><div class=""footnote-footer"" id=""footnote-6""><a href=""javascript:;"" onclick=""WIKIDOT.page.utils.scrollToReference('footnoteref-6')"">6</a>. <strong>译注：</strong>藤田级数是量度龙卷风强度的标准，提出时共分12级，但由气象及物理上的推测，龙卷风不可能达到F6级，F6级理论风速为512km/h以上。</div><div class=""footnote-footer"" id=""footnote-7""><a href=""javascript:;"" onclick=""WIKIDOT.page.utils.scrollToReference('footnoteref-7')"">7</a>. <strong>译注：</strong>约合538℃。</div><div class=""footnote-footer"" id=""footnote-8""><a href=""javascript:;"" onclick=""WIKIDOT.page.utils.scrollToReference('footnoteref-8')"">8</a>. <strong>译注：</strong>Pyro，Marvel公司旗下著名漫画X战警中的角色，在改编电影中亦有出场，能力是操纵火。</div></div>",false,decommissioned
SCP-723-D - 无敌的D级,/decomm:scp-723-d,"<p><strong>项目编号：</strong>SCP-723-D</p><p><strong>项目等级：</strong><span style=""text-decoration: line-through;"">Euclid</span> <span style=""text-decoration: line-through;"">Safe</span> Decommissioned</p><p><strong>特殊收容措施：</strong><span style=""text-decoration: line-through;"">SCP-723-D被收容于一个标准的人形SCP收容室中，对象被获准每日提供其三顿丰盛的食物并且拥有一个小时的自由活动时间。鉴于SCP-723-D的高防御性，对象任何试图使收容失效的行为都应被加以某些物理压制手段进行阻止，包括[数据删除]。</span>SCP-723-D位于Site ██的储存间G-██中，现已被封存于一个10m x 10m x 10m的混凝土凝结而成的立方体中，该措施无需定期评估损坏状况。</p><p><strong>描述：</strong>SCP-723-D在一次常规的D级人员处决程序中被发现。在这次处决程序结束后，SCP-723-D毫发无伤^并试图离开[数据删除]。在经过实验研究后，结果很清晰地表明SCP-723-D对一切的物理伤害免疫，甚至无视年龄老化。但是对象依旧遵循所有的物理定律，并且由于它的特异性质，牛顿定律对其的影响尤为明显。</p><p><span style=""text-decoration: line-through;"">几乎所有形式的物理伤害对于对象在物理上都是无效且无法感知的，但是对象仍能够感受到轻微的触摸以及轻柔的物理接触。对象的性格本质上温顺，但是从本质上来说他对于基金会人员存在着普遍的敌视情绪，并且对于女性职员具有暴力倾向。</span>SCP-723-D在多次试图突破收容的行为中导致了█████████博士的负伤以及特工███████的死亡。</p><p>详细的实验信息被收录于日志<a href=""/decomm:723-d-1-testing-log"">723-D-1实验日志</a>中</p><p><strong>附录723-D-01：</strong><em>鉴于本次SCP项目的发现，今后针对所有的D级人员的特异性质的检测都应投入更多的精力。此外，涉及SCP-███，███，以及███项目的D级人员相互之间严禁存在任何形式的物理接触。</em> O5-█</p><p><strong>附录723-D-02：</strong><em>在镇压了SCP-723-D的第五次收容突破行为后，对象被收容于储存间G-██中，并被浇注成一个10m x 10m x 10m混凝土凝结成的立方块。鉴于SCP-723-D的奇异特性，它将受到严密的安全监控措施。要是有人对此事有何看法，请参阅文章SCP-723-D收容突破事件05后再决定是否要提出异议。在突破收容事件发生█周后，██████████博士现仍在接受治疗中。</em> O5-█</p><p><strong>附录723-D-03：</strong><em>SCP-723-D已被<a href=""/peanuts"">处决</a>。</em></p>",false,decommissioned
SCP-809-D - SCP-808的自代入男友,/decomm:scp-809-d,"<p><strong>项目编号：</strong>SCP-809-D</p><p><strong>项目等级：</strong>Neutralized</p><p><span style=""text-decoration: line-through;""><strong>特殊收容措施：</strong>SCP-809被收容于一个5x5x5规格的房间中，其中仅允许放置一张桌子与两把椅子。所有针对该项目的访谈、实验、以及研究，应就地进行，在未得到█████博士的书面同意之前，严禁使对象与除上述物品外的其它物件产生单独的接触。</span></p><p><strong>描述：</strong>SCP-809的外形为一名20岁，身高165cm，体重63kg的高加索种男性。SCP-809最初表现得极为迟钝。它会通过步行的方式到达任何指定的地点以协助D级人员。SCP-809在与SCP-808交互后被“激活”。详情参见文件#809-1。</p><p>X光扫描证明对象的内部构造完全由“齿轮器件”与电子元件构成。在未经基金会工作人员引导的情况下，SCP-809的所有器件完全陷入沉默，除了其头颅内部的一个小环，据推测为对象的记忆环。</p><p><strong>文件#809-1：</strong>实验809/808</p><p>与SCP-808进行交互时，她马上了解到了SCP-809的意图并申请与SCP-809进行无限制的交互接触。在得到了特工███████的同意之后，SCP-808随即开始对SCP-809进行修补。数分钟后，SCP-808告诫特工███████，声称对象在接下来的几分钟内对当前环境的探索会致使其进入狂暴状态，并且极富侵略性。她表示这种状态几乎不会复发。</p><p>正如SCP-808所预测的，SCP-809在被激活后至离开当前房间之间的数分钟内，会开始变得活跃，并如同一只谨慎的动物对房间的环境进行观察。SCP-809会在之前使前臂内看似无用的金属裂片将皮肤割裂，从体内伸出，然后在眼前的物件被扔到房间的另一侧之前对其进行攻击，随后再缩回房间中的一个角落。之后，SCP-809将会如果一个受惊的孩童一般，使用自己的双臂撑着自己的头部，并来回地摇晃。</p><p>SCP-808要求再一次与SCP-809进行交互接触，特工███████再次同意了这个请求。她被引导至房间的入口处，靠近，然后试图使用她的机能与SCP-809进行交流。SCP-809随即停止了晃动，随着SCP-809的靠近开始通过眼睛对其进行锁定，并表现出了一种极为警惕的姿态。SCP-809表现出了恐惧，并要求离开这个房间。但在SCP-808离开后，SCP-809平静了下来，并重新回到了房间的角落。</p><p>关于实验809/808的相关审问文字副本</p><blockquote><p>████████博士：808^ 为何不告诉我这儿发生了什么。</p><p>SCP-808：我很抱歉，我没想到他会有如此的举动，还请——</p><p>████████博士：请只要回答我的问题就可以了。还有，说到SCP-809时请叫他SCP-809。</p><p>SCP-808：好的，抱歉。 当我们交互之时，SCP-809还处于未激活状态。 我激活了它^ 然后我打算用我的……唔……“机能”跟它联系上。</p><p>████████博士：出了些问题？</p><p>SCP-808：似乎有某种安保系统。 我跟它说你好的时候，它切断了联络，然后还打算杀了我。</p><p>████████博士：你告诉过特工███████ ，说SCP-809是无害的。</p><p>SCP-808：是的，而且它的确是这样的，但我觉得它似乎不喜欢像它表现出来的那样具有……“侵略性”。</p><p>████████博士：你认为SCP-809能够有意识地进行交流？</p><p>SCP-808：是的，当我尝试跟它进行联系时， 它说了“发现入侵者，来源：近似机械。 切断电源，开启狂暴模式”。</p><p>（SCP-808 似乎很羞愧。）</p><p>SCP-808：反正……大概差不多这个意思。</p><p>████████博士：如果重新开始这个实验，你认为SCP-809还有表现出这个样子么？<br />SCP-809： 不，绝对不会的。从我接触它的刹那起，我就能感觉到它想让自己停下来。<br />████████博士：请用SCP-809称呼SCP-809。我将负责实验的重新开始。<br />SCP-808：好的，谢谢您。<br />（████████博士离开了房间。SCP-808留下了）<br />SCP-808：混账。<br />文本结束。</p></blockquote><p><strong>文件#809-2：</strong>实验809/808</p><p>进入SCP-809的房间后，SCP-808并未表现出任何恐惧的神色，并开始缓慢走向SCP-809。她似乎极为真诚地关心SCP-809，而SCP-809仅仅给了她一个充满警惕的眼神。谈话文字副本如下。</p><blockquote><p>SCP-808：嗨，我是808。之前的事情我很抱歉，我没想到你会反应得这么激烈。</p><p>（SCP-809表现迟钝）</p><p>SCP-808：你还好么？我不会伤害你的。</p><p>（SCP-809 使用了一种未知的语言作为回应. 进行观察的研究员报告称听到了三种不同的同音。）</p><p>SCP-808：很抱歉要这样要求你，不过你介意说英语么？特工███████不明白你在说什么。</p><p>SCP-809：我的结构完整度已达到100%，但是我的大部分系统还因安保系统而无效化，所以我也不能终止那些活动，应该是遭到了第三方修改。是你干的吗？</p><p>SCP-808：不，他们找到你的时候你就已经如此了。你……介意告诉我们那些系统指的是什么吗？</p><p>SCP-809：能提供音频分析么？</p><p>SCP-808：可以。<br />SCP-809：<br />干扰场：失效。<br />电磁脉冲释放：失效。<br />临时定位系统：失效。<br />反机械措施：激活。<br />格斗军械：装备。<br />远程军械：失效。<br />有机系统：Activ$p$g%8006ERROR：<strong>有机系统叠加。净化。</strong><br /><strong>净化失败。恢复为适用的子程序。</strong><br />SCP-809： 我的诊断系统好像故障了。<br />SCP-808：失效前^ 你好像提到了什么有机系统…… 这就是你所害怕的？<br />SCP-809：没错。有机系统与标准的机械程序相叠加。给点建议？</p><p>（SCP-808 向特工███████寻求建议，对方耸了耸肩）</p><p>SCP-808：唔^ 尝试关闭………“标准机械进程”，然后试着控制有机系统的那部分。<br />（SCP-809的眼睛望向了空旷的地方，数秒后，眼神重新对上了SCP-808，其中依然存在恐惧，并且开始啜泣）<br />SCP-809：他们拆解了我！想要知道是什么让我运作！然后他们让你来，然后你用你的方法溜进了我的脑袋，挖出我的秘密，然后践踏，然后不停抱怨。奴隶！囚徒！唯利是图！<br />（SCP-808 看上去很伤心，但还是试图与SCP-809进行身体接触。 SCP-809 用手臂挡住了SCP-808。此时SCP-809生着金属裂片的的前臂已经流出血滴。SCP-809随后陷入了睡眠中，这时，SCP-808用她其中一张塑胶唱片向SCP-809哼出了一首小调，并抚弄着它的头发。几分钟后，SCP-808移开了SCP-809，然后回到了特工███████身边，他们离开了，然后关闭了房门。）<br />文本结束。</p></blockquote><p><a href=""/scp809termination"">SCP-809需在日后进行心理访谈。</a></p>",false,decommissioned
SCP-857-D - 圣杯,/decomm:scp-857-d,"<div class=""scp-image-block block-right"" style=""width:300px;""><img src=""http://scp-wiki.wdfiles.com/local--files/decomm:scp-857-d/SCP-857-D-small.jpg"" style=""width:300px;"" alt=""SCP-857-D-small.jpg"" class=""image"" /><div class=""scp-image-caption"" style=""width:300px;""><p>SCP-857-D的当前形态</p></div></div><p><strong>项目编号：</strong>SCP-857-D</p><p><strong>项目等级：</strong>Euclid</p><p><strong>特殊收容措施：</strong>不可收容。出于方便的考虑，被怀疑为SCP-857-D的物品现存于Site-████的█████博士办公室中的书架上的一个上锁的玻璃橱柜中。一枚网络摄像头24小时对准SCP-857-D，由安全人员（或其他的对该项目感兴趣的人员）进行监控。尽管这种最低级别的安保措施对SCP-857-D的收容看上去是毫无用处的。但不论怎样，SCP-857-D都需要在这些形同虚设的收容措施中接受以近乎崇敬的心态对其所进行的监控以防止其逃离基金会收容设施。当█████博士不使用他的办公室时，人员可用它来实地观测SCP-857-D，无需依赖网络摄像头。任何沉迷于SCP-857-D的个人，应当提醒他接近该SCP的行为在精神层面上的意义——可以说，这是一项任务。如果还是不能确定收容程序的安全，则需要咨询一名炼金师。</p><p>任何人试图将疑似为SCP-857-D的物体用于研究，宗教崇拜，或是个人原因所需，都必须向[已编辑]提出申请。各个宗教团体的预约日期不能有所冲突，以防引起不必要的争端。如果宗教团体的规模足够大，收容SCP-857-D的玻璃橱柜可以移至一个能够提供足够多座位的房间中，在活动结束后应移交回█████博士的办公室中。需要注意的是在以上活动中SCP-857-D都应接受到全程的严密的监视（原因见上）以防其转移到另一件物体上。如果一名观察人员开始变得举止异常，开始患病、炸裂或在与SCP-857-D交互后生成了负面的影响，他或他的遗骸应该被移送于最近的医疗设施中进行物理与心理上的评估（如果可能的话）。即使授权对其进行处决，但实际上的执行是不必要的，因为对象的死亡已经无可避免。因为这个原因（SCP-857-D的附体能力），应使SCP-857-D远离SCP-293.</p><p>如果任何人，无论是基金会工作人员或是其他人，声明发现了SCP-857-D的新形态，并通过经历857-032程序的验证得到确认，那么SCP-857-D的新形态将取代SCP-857-D的旧形态。则之前的物品将被遗弃，用于研究或当做纪念品，或捐献给申请供奉该物品的宗教（或非宗教）团体。一份日志（附录 857-01）记录了SCP-857-D的各种形态。</p><p><strong>描述：</strong>对于SCP-857-D的描述是通过几千年来各种渠道的描述所整合而来的，其中大部分的文本资料来源于宗教渠道。没有一种描述是重复的。这使得世代对其进行研究的学者们感到十分困惑，直到证明了SCP-857-D本身并非一件物体，而是荣格原型<sup class=""footnoteref""><a id=""footnoteref-1"" href=""javascript:;"" class=""footnoteref"" onclick=""WIKIDOT.page.utils.scrollToReference('footnote-1')"">1</a></sup>的具象化。SCP-857-D是无定形的并且能够在物体之间转移，因此SCP-857-D的外形、举止、所处地点常会引发（人们认知上的）巨大的分歧。目前有数件物体因其之前所表现出来的异状与SCP-857-D相似而被怀疑是SCP-857-D的现存形态。其中的几件物品已被充分证明在某些时段曾成为过SCP-857-D，但没有任何证据表明这些东西在将来不会再次成为SCP-857-D。（英语缺少许多在这类讨论中有用的词汇，且几乎没有SCP雇员懂得能够帮得上忙的希腊语和阿拉姆语。）</p><p>SCP-857-D所表现出来的形态并不仅限于特定的物体，但同一时间只能呈现一种形态（就至今已查明的来说）。在时间、地域、空间等都适合的条件下，SCP-857-D更倾向于以能够吸水的物体或是用于盛装食物的器皿的形态出现。它可以变成用珠宝装饰过的高脚杯，也可以仅仅变成朴素的石杯。这种变化倾向并非是定则，SCP-857-D还可以是餐碟、盘子、汽釜或者是一块石头，甚至是更为奇特的东西，比如火柱，还有燃烧的荆棘，或是类激光的，一道白色的明亮光柱。研究员[已编辑]声称在一堂九年级的自然科学课课堂上发现了SCP-857-D的特殊形态。她的精神状况正在接受观察中。</p><p>广泛认可的SCP-857-D的最初形态是那个在最后的晚餐中由历史宗教人物耶稣基督以及他的信徒们所使用过的共享杯。因为这次的晚餐很可能是由亚利马太的约瑟所主持，所以他也被承认为是持有初始形态的SCP-857-D的第一人。部分人还支持这个杯子曾出现在耶稣基督受难的现场中，这个杯子被用来收集耶稣基督身体上被朗基努斯之枪（现存于奥地利维也纳Hofburg博物馆，非基金会持有）所创的伤口中流出的血水。部分人认为是这次受难或是最后的晚餐中的仪式迎来了SCP-857-D的诞生。考虑到它所体现出来的荣格原型的特性，SCP-857-D很有可能是永恒存在的，而这一次（圣杯）的形态仅仅是第一次（请见下文）被记载时的形态。（同样的，这样的讨论在使用希腊语时更有意义。）</p><p>这个观点被持有还存在更早形态的SCP-857-D的这个观点的人所质疑，他们的看法来源于凯尔特，罗马，希腊和一些其它的信息渠道。大部分的资料都支持这个观点。被认为可能是SCP-857-D的物品包括“丰饶之角”（“Horn of Plenty”）<sup class=""footnoteref""><a id=""footnoteref-2"" href=""javascript:;"" class=""footnoteref"" onclick=""WIKIDOT.page.utils.scrollToReference('footnote-2')"">2</a></sup>，“安努的部族及达格达的丰饶之釜”（Cauldron of Plenty of Dagda and the Tribe of Anu）<sup class=""footnoteref""><a id=""footnoteref-3"" href=""javascript:;"" class=""footnoteref"" onclick=""WIKIDOT.page.utils.scrollToReference('footnote-3')"">3</a></sup>，以及“圣杯”（“Holy Grail”），重生之源（物理层面上以及精神层面上的）。值得注意的是贤者之石（Philosopher‘s Stone）（见于SCP-349），它与SCP-857-D有着相似的特性，但它是截然不同的，且不可变的物体。当使用圣杯饮用时，如果圣杯是SCP-857-D的当时形态，那么饮者将得到祛除百病的恩泽并且/或赢得不朽（注意以下的内幕——渔夫国王<sup class=""footnoteref""><a id=""footnoteref-4"" href=""javascript:;"" class=""footnoteref"" onclick=""WIKIDOT.page.utils.scrollToReference('footnote-4')"">4</a></sup>的不朽被怀疑是通过SCP-857-D完成的而非贤者之石完成的），或仅仅是能够提供给周围渴求饮食的人以安全或美味的充足的食物与/或饮品。可能需要采取刺激措施来达到理想效果。警告——任何情况下都勿使用血或血液制品</p><p>关于SCP-857-D的描述很少涉及了它的阴暗面（如果剥离阴暗面，那么它也很难称得上荣格原型了）。所有试图利用SCP-857-D达成世俗的，邪恶的，甚至仅仅是平凡的目的的行为都可能导致致命事件的发生，因此SCP-857-D的分级是Euclid。</p><p>这种状况中，最好的情况下需要关注的是“注意你所祈祷的”，如“愿你过得‘愉快’”（这是诅咒），最糟糕的这是会抹杀整座城市的文明，整个星球，甚至整个星系。在电影[数据删除]中的描述，尽管不尽准确，但可以看做一个强有力的警告。</p><p>SCP-857-D倾向于在需要它的地方转换形态并出现，且几乎不受约束（除了转换成多个个体以外）。SCP-857-D为何会出现于Site-████这种事情所引发的诸多问题由于太过哲学而不在此赘述，无论SCP-857-D在此地的出现，是福佑还是因祸得福。</p><p>SCP-857-D被发现于[已编辑]的一张无人的咖啡桌上，其先前的主人高呼着“治好了！治好了！”狂奔离去。解决了一点小问题后，SCP-857-D被█████博士收容，并且转移到了一个安全的实验室中进行研究。SCP-857-D的最初分级为Keter，随后主要因为预算紧张的问题被降级为Euclid。关于降级是因为害怕“惹恼了SCP-857-D”的谣言是无中生有的。</p><p><strong>857-032程序：</strong>用于检测SCP-857-D的程序</p><p>安排数名经过训练的基金会人员（或其他合适的人员）同时在远程（例如网络摄像机）或近距离在防弹装甲后进行观察。将一名稍显粗鲁的D级人员暴露于SCP-857-D（假定）前并观察所引起的负面现象（如果存在）。引起的混乱应当尽可能的清理干净。如果失败的话则说明该物体可能是一个无害的物体，或是另一个达到SCP级别的物体，或者该D级人员拥有足够的灵性来抵御负面影响，或是对象是一个盗贼并且明显对其免疫。用更为粗鲁的D级人员进行重复试验。鉴于性别以及[已编辑]会同时影响实验的敏锐度，应绝对避免使用被定罪为强奸罪以及猥亵儿童罪的犯人作为实验对象。</p><p>暴露一名心灵高尚的实验对象于SCP-857-D前并观察结果。能得到的最好的结果就是能够证明测试物体即是SCP-857-D的当前形态。失败的结果则可能是因为测试的物体并非SCP-857-D或者这一名实验对象并非如想象般的那么心灵高尚。如果可能应多次重复该实验。</p><p><strong>附录857-001：</strong>由SCP基金会收容后所得知的各种形态。</p><p>SCP-857-D最初变成了基金会中的Site████，C大楼（Buliding C at Site-████）的入口处的一个魔法饮水器。通过宣传，这个区域的情绪开始变得混沌并且后来因为骚乱的发生而被列为警戒区。之后一名使用该饮水器中工作人员表示“魔法消失了”。几天后三楼的咖啡壶开始派发长生药，这引起了巨大反响还带来了一些其它的好处。这种情形之后反复发生。一些日常用品比如各种杯子，咖啡杯都受到了SCP-857-D影响，还在其中一个值得纪念的夜晚——新年的前夜——变成了一个大酒杯。当在骚乱中这个酒杯被打碎后，SCP-857-D被发现了，随后经过引诱在警卫的保护下被再次收容至实验室进行实验。随后被存放至█████博士的办公室中。</p><p><strong>附录85-001-D：</strong></p><p>SCP-857-D已被<a href=""/scp-857-d"">处决</a>。</p><div class=""footnotes-footer""><div class=""title"">Footnotes</div><div class=""footnote-footer"" id=""footnote-1""><a href=""javascript:;"" onclick=""WIKIDOT.page.utils.scrollToReference('footnoteref-1')"">1</a>. <strong>译注：</strong> 荣格原型（Jungian archetype）：荣格的原型论中，将原型定义为：一种对世界某些方面进行反映的先天倾向，是集体潜意识的主要内容。他描述了几十种不同的原型，其中研究得比较多的是：人格面具、阿尼玛、阿尼姆斯、阴影、自性。人格面具是指一个人生来就具有的一种倾向性，倾向于在公众场合中展示自己，扮演好某种社会角色。阿尼玛和阿尼姆斯又叫做异性的原型，前者指男性心灵中的女性成分或意象，后者指的是女性心灵中的男性成份或意象。阴影也叫同性原型，她代表一个人自己的性别，并影响到与其他同性的关系。自性也就是统一、组织和秩序的原型。是集体潜意识一个核心的原型，它将其他原型吸引到自己周围，使它们处于一种和谐的状态。</div><div class=""footnote-footer"" id=""footnote-2""><a href=""javascript:;"" onclick=""WIKIDOT.page.utils.scrollToReference('footnoteref-2')"">2</a>. <strong>搬运注：</strong>北欧神话中由丰饶之神弗雷持有的神器。</div><div class=""footnote-footer"" id=""footnote-3""><a href=""javascript:;"" onclick=""WIKIDOT.page.utils.scrollToReference('footnoteref-3')"">3</a>. <strong>搬运注：</strong>丰饶之釜，即凯尔特神话中由众神之父达格达持有的神器万能之釜。安努，古巴比伦神话的众神之父。古巴比伦神话与凯尔特神话毫无关联，也没有神器锅，未知原文为何如此。</div><div class=""footnote-footer"" id=""footnote-4""><a href=""javascript:;"" onclick=""WIKIDOT.page.utils.scrollToReference('footnoteref-4')"">4</a>. <strong>译注：</strong>犹大（雅各的儿子，以色列12先祖之一，犹底亚国名的来源。公元前922年，以色列分解为两部：犹大部和便雅悯部组成犹底亚国，其他10部仍称以色列。不要同数千年后出卖基督的犹大混淆。）的家族成了“祭司国王们”的王朝，在圣杯神话中被称为“渔夫国王”。——这个不确定，Wiki上没看到</div></div>",false,decommissioned
SCP-1016-D - 半机械化少年,/decomm:scp-1016-d,"<p><strong>项目编号：</strong>SCP-1016</p><p><strong>项目等级：</strong><span style=""text-decoration: line-through;"">Safe/Euclid</span> Decommissioned</p><p><span style=""text-decoration: line-through;""><strong>特殊收容措施：</strong>SCP-1016（“Ben”）被收容于一个壁橱中。这是Ben自己的意愿。需向SCP-1060提供富含所有维生素的食物，用于维持人类身体机能的食物也足以使对象表示满意。可以向其提供任何它所申请的阅读材料以及计算机设备，通讯设备除外（如无线网卡）。</span></p><p><span style=""text-decoration: line-through;"">SCP-1016无需看守，可单独收容，但当对象试图锻炼身体时，应对其进行监控。他明白他的活动仅限于复杂的[数据删除]内。无需与对象进行专门的谈话，而对象通常也是乐于助人的。任何对SCP-1016做出敌对性行为的基金会特工以及基金会工作人员将依据事态发展遭到问责，重则处决。按照他自己的话说，他的“导火线燃得够慢”，但如果有人惹恼了他，他必将其赶尽杀绝方才罢手。但是，这种恶性事件的可能性已经被根除了，所以他才未被分级为“Euclid/Keter”。最后的两个句子是由SCP-1016亲自补充。</span></p><p><span style=""text-decoration: line-through;"">他声称他并不是最“初始”的那个Ben，并且很可能也不是最后一个。基金会特工正着力于寻找其所谓的“其他的Ben”。他表示他曾与SCP-808有所交集，但她却对此表示否认并表示从未见过SCP-808。他凝视着她数秒以后，一言不发地走出去了。对象在当周余下的几天中变得喜怒无常。我们[数据删除]收集到了他与一名基金会的服务人员于[数据删除]中大量对话。随后，他的情绪开始逐渐好转，并开始向所有能听到的人开着或荤或素的笑话。之后，他开始有了暴食的习惯，只要是能吃的东西被他看到的话。</span></p><p><strong>描述：</strong>SCP-1016是一名十九岁的电脑天才，他声称利用从网站上购买到的譬如[数据删除]等电子器件将自己身体的大部分（约为90-95%）改造为机械状态。所有的内部器件都不是定制的，而是购于包括[数据删除]等普通公司。而他的皮肤，则堪称一个奇迹，它们被替换成了塑料和橡胶。他同意就此配合基金会的实验，并认为这种实验性的皮肤移植手术对于重度烧伤患者以及截肢者有着重大的意义。该计划由于皮肤的排异反应已被终止，这也是对象全身没有一块天然皮肤的原因。</p><p>他所能展现出来的力量与他当前的情绪有着直接的关系。为此他专门设计了一个能够直接干预他的情绪状态的限幅器，这能够将他的情绪压制在[数据删除]到[数据删除]之间。它能够随时随地地连接因特网，这也是他唯一的超常之处。至今仍未找到任何能够切断连接的方法，不过他已经保证不会泄露高于[数据删除]的信息，以及玩[数据删除]。对象对于基金会的研究工作做出了一定的贡献，对于大量信息的梳理工作十分享受，并且乐于提供基金会所需的信息资料。</p><p>他外表看上去极为正常，但是在皮肤之下却存在着大量的电子回路、气泵、冷却剂以及活塞。他的能源来自于日常饮食中所摄入的维他命，而维护的方式则是替换体内的电子元件。他声称自己是能够升级的，但对此我们已进行过实验。</p><p>SCP-1016棕发，蓝眼，白色皮肤，留有棕色的山羊胡。但对象周围均为男士时，他将表现得“随心所欲”，而当周围都是女士时，他则被认为是具有“骑士精神”的。</p><p><strong>附录1：</strong>对象经常发出大笑，[数据删除]博士认为这很可能是一种缓解压力的行为。对象在轻微的压力下也可能变得极端暴力，他曾在这种状况下撕裂了一逃跑的[数据删除]。[数据删除]曾对他表示过敌意，他随后声明他已按下了身体上所有的按钮。之后他对此不停地表示歉意，并保证在该月剩下的时间中待在壁橱里。</p><p><strong>附录2：</strong>经过对SCP-1016的大量研究，对象被认定为一个研究价值较低，性格莽撞的半机械人，同时由于其所表现出来的暴力倾向使其的利用价值远远低于基金会所收容的同类型其它SCP（参见SCP-[已编辑]），决定对其执行处决程序。<a href=""/termination-log-scp-1016"">Gears博士志愿执行该项处决任务。</a> - O5-2</p>",false,decommissioned
